order_id,customer_id,order_date,total_amount,status,order_year,order_month,order_day_of_week,order_size,is_suspicious
1,103,2024-01-01 00:00:00,465.32,completed,2024,1,Monday,Extra Large,True
2,436,2024-01-01 01:00:00,208.5,completed,2024,1,Monday,Large,False
3,861,2024-01-01 02:00:00,453.99,completed,2024,1,Monday,Extra Large,True
4,271,2024-01-01 03:00:00,167.53,completed,2024,1,Monday,Large,False
5,107,2024-01-01 04:00:00,243.45,completed,2024,1,Monday,Large,False
6,72,2024-01-01 05:00:00,120.75,completed,2024,1,Monday,Medium,False
7,701,2024-01-01 06:00:00,323.83,completed,2024,1,Monday,Extra Large,False
8,21,2024-01-01 07:00:00,489.7,completed,2024,1,Monday,Extra Large,True
9,615,2024-01-01 08:00:00,305.71,completed,2024,1,Monday,Extra Large,False
10,122,2024-01-01 09:00:00,185.33,pending,2024,1,Monday,Large,False
11,467,2024-01-01 10:00:00,327.43,completed,2024,1,Monday,Extra Large,False
12,215,2024-01-01 11:00:00,70.23,completed,2024,1,Monday,Medium,False
13,331,2024-01-01 12:00:00,445.44,completed,2024,1,Monday,Extra Large,True
14,459,2024-01-01 13:00:00,256.51,completed,2024,1,Monday,Large,False
15,88,2024-01-01 14:00:00,230.18,completed,2024,1,Monday,Large,False
16,373,2024-01-01 15:00:00,297.07,completed,2024,1,Monday,Large,False
17,100,2024-01-01 16:00:00,316.14,completed,2024,1,Monday,Extra Large,False
18,872,2024-01-01 17:00:00,45.17,completed,2024,1,Monday,Small,False
19,664,2024-01-01 18:00:00,344.48,completed,2024,1,Monday,Extra Large,False
20,131,2024-01-01 19:00:00,128.55,completed,2024,1,Monday,Medium,False
21,662,2024-01-01 20:00:00,359.84,completed,2024,1,Monday,Extra Large,False
22,309,2024-01-01 21:00:00,413.04,completed,2024,1,Monday,Extra Large,True
23,770,2024-01-01 22:00:00,403.94,pending,2024,1,Monday,Extra Large,True
24,344,2024-01-01 23:00:00,280.73,completed,2024,1,Monday,Large,False
25,492,2024-01-02 00:00:00,264.88,pending,2024,1,Tuesday,Large,False
26,414,2024-01-02 01:00:00,80.01,completed,2024,1,Tuesday,Medium,False
27,806,2024-01-02 02:00:00,389.92,cancelled,2024,1,Tuesday,Extra Large,False
28,386,2024-01-02 03:00:00,142.99,completed,2024,1,Tuesday,Medium,False
29,192,2024-01-02 04:00:00,253.38,completed,2024,1,Tuesday,Large,False
30,956,2024-01-02 05:00:00,149.29,cancelled,2024,1,Tuesday,Medium,False
31,277,2024-01-02 06:00:00,75.58,completed,2024,1,Tuesday,Medium,False
32,161,2024-01-02 07:00:00,318.48,completed,2024,1,Tuesday,Extra Large,False
33,460,2024-01-02 08:00:00,36.62,completed,2024,1,Tuesday,Small,False
34,314,2024-01-02 09:00:00,376.84,completed,2024,1,Tuesday,Extra Large,False
35,22,2024-01-02 10:00:00,165.62,pending,2024,1,Tuesday,Large,False
36,253,2024-01-02 11:00:00,10.07,completed,2024,1,Tuesday,Small,False
37,748,2024-01-02 12:00:00,260.45,completed,2024,1,Tuesday,Large,False
38,857,2024-01-02 13:00:00,32.96,completed,2024,1,Tuesday,Small,False
39,561,2024-01-02 14:00:00,145.32,completed,2024,1,Tuesday,Medium,False
40,475,2024-01-02 15:00:00,356.42,completed,2024,1,Tuesday,Extra Large,False
41,59,2024-01-02 16:00:00,40.72,completed,2024,1,Tuesday,Small,False
42,511,2024-01-02 17:00:00,421.28,completed,2024,1,Tuesday,Extra Large,True
43,682,2024-01-02 18:00:00,11.87,completed,2024,1,Tuesday,Small,False
44,476,2024-01-02 19:00:00,130.94,pending,2024,1,Tuesday,Medium,False
45,700,2024-01-02 20:00:00,373.04,completed,2024,1,Tuesday,Extra Large,False
46,976,2024-01-02 21:00:00,164.97,completed,2024,1,Tuesday,Large,False
47,783,2024-01-02 22:00:00,59.93,completed,2024,1,Tuesday,Medium,False
48,190,2024-01-02 23:00:00,186.51,completed,2024,1,Tuesday,Large,False
49,958,2024-01-03 00:00:00,142.49,completed,2024,1,Wednesday,Medium,False
50,687,2024-01-03 01:00:00,422.93,cancelled,2024,1,Wednesday,Extra Large,True
51,958,2024-01-03 02:00:00,163.54,completed,2024,1,Wednesday,Large,False
52,563,2024-01-03 03:00:00,396.58,pending,2024,1,Wednesday,Extra Large,False
53,876,2024-01-03 04:00:00,447.02,completed,2024,1,Wednesday,Extra Large,True
54,567,2024-01-03 05:00:00,222.57,completed,2024,1,Wednesday,Large,False
55,244,2024-01-03 06:00:00,455.87,completed,2024,1,Wednesday,Extra Large,True
56,832,2024-01-03 07:00:00,194.89,completed,2024,1,Wednesday,Large,False
57,505,2024-01-03 08:00:00,482.4,completed,2024,1,Wednesday,Extra Large,True
58,131,2024-01-03 09:00:00,53.75,pending,2024,1,Wednesday,Medium,False
59,485,2024-01-03 10:00:00,346.64,completed,2024,1,Wednesday,Extra Large,False
60,819,2024-01-03 11:00:00,251.97,pending,2024,1,Wednesday,Large,False
61,647,2024-01-03 12:00:00,199.95,completed,2024,1,Wednesday,Large,False
62,21,2024-01-03 13:00:00,320.03,completed,2024,1,Wednesday,Extra Large,False
63,841,2024-01-03 14:00:00,354.89,completed,2024,1,Wednesday,Extra Large,False
64,167,2024-01-03 15:00:00,12.14,completed,2024,1,Wednesday,Small,False
65,274,2024-01-03 16:00:00,91.81,cancelled,2024,1,Wednesday,Medium,False
66,388,2024-01-03 17:00:00,359.39,completed,2024,1,Wednesday,Extra Large,False
67,601,2024-01-03 18:00:00,336.53,completed,2024,1,Wednesday,Extra Large,False
68,316,2024-01-03 19:00:00,483.36,completed,2024,1,Wednesday,Extra Large,True
69,14,2024-01-03 20:00:00,382.91,completed,2024,1,Wednesday,Extra Large,False
70,242,2024-01-03 21:00:00,475.88,completed,2024,1,Wednesday,Extra Large,True
71,777,2024-01-03 22:00:00,354.24,completed,2024,1,Wednesday,Extra Large,False
72,346,2024-01-03 23:00:00,156.05,completed,2024,1,Wednesday,Large,False
73,565,2024-01-04 00:00:00,61.63,completed,2024,1,Thursday,Medium,False
74,898,2024-01-04 01:00:00,393.09,completed,2024,1,Thursday,Extra Large,False
75,340,2024-01-04 02:00:00,325.63,completed,2024,1,Thursday,Extra Large,False
76,92,2024-01-04 03:00:00,33.61,completed,2024,1,Thursday,Small,False
77,367,2024-01-04 04:00:00,186.42,completed,2024,1,Thursday,Large,False
78,956,2024-01-04 05:00:00,478.83,completed,2024,1,Thursday,Extra Large,True
79,455,2024-01-04 06:00:00,255.2,completed,2024,1,Thursday,Large,False
80,428,2024-01-04 07:00:00,222.04,completed,2024,1,Thursday,Large,False
81,509,2024-01-04 08:00:00,234.27,completed,2024,1,Thursday,Large,False
82,776,2024-01-04 09:00:00,112.35,completed,2024,1,Thursday,Medium,False
83,943,2024-01-04 10:00:00,190.67,completed,2024,1,Thursday,Large,False
84,35,2024-01-04 11:00:00,191.21,completed,2024,1,Thursday,Large,False
85,206,2024-01-04 12:00:00,35.65,pending,2024,1,Thursday,Small,False
86,81,2024-01-04 13:00:00,386.11,completed,2024,1,Thursday,Extra Large,False
87,932,2024-01-04 14:00:00,214.09,completed,2024,1,Thursday,Large,False
88,562,2024-01-04 15:00:00,412.87,completed,2024,1,Thursday,Extra Large,True
89,872,2024-01-04 16:00:00,426.67,completed,2024,1,Thursday,Extra Large,True
90,388,2024-01-04 17:00:00,113.88,completed,2024,1,Thursday,Medium,False
91,2,2024-01-04 18:00:00,332.1,completed,2024,1,Thursday,Extra Large,False
92,390,2024-01-04 19:00:00,241.42,completed,2024,1,Thursday,Large,False
93,566,2024-01-04 20:00:00,441.28,completed,2024,1,Thursday,Extra Large,True
94,106,2024-01-04 21:00:00,115.71,completed,2024,1,Thursday,Medium,False
95,772,2024-01-04 22:00:00,342.13,completed,2024,1,Thursday,Extra Large,False
96,822,2024-01-04 23:00:00,307.8,completed,2024,1,Thursday,Extra Large,False
97,477,2024-01-05 00:00:00,154.7,completed,2024,1,Friday,Large,False
98,703,2024-01-05 01:00:00,76.93,completed,2024,1,Friday,Medium,False
99,402,2024-01-05 02:00:00,329.3,completed,2024,1,Friday,Extra Large,False
100,730,2024-01-05 03:00:00,371.91,pending,2024,1,Friday,Extra Large,False
101,556,2024-01-05 04:00:00,164.66,completed,2024,1,Friday,Large,False
102,162,2024-01-05 05:00:00,325.97,completed,2024,1,Friday,Extra Large,False
103,202,2024-01-05 06:00:00,203.61,completed,2024,1,Friday,Large,False
104,958,2024-01-05 07:00:00,359.47,pending,2024,1,Friday,Extra Large,False
105,996,2024-01-05 08:00:00,107.62,completed,2024,1,Friday,Medium,False
106,270,2024-01-05 09:00:00,446.21,completed,2024,1,Friday,Extra Large,True
107,863,2024-01-05 10:00:00,150.83,completed,2024,1,Friday,Large,False
108,816,2024-01-05 11:00:00,190.22,completed,2024,1,Friday,Large,False
109,271,2024-01-05 12:00:00,38.47,cancelled,2024,1,Friday,Small,False
110,456,2024-01-05 13:00:00,64.64,completed,2024,1,Friday,Medium,False
111,462,2024-01-05 14:00:00,262.77,completed,2024,1,Friday,Large,False
112,727,2024-01-05 15:00:00,141.12,pending,2024,1,Friday,Medium,False
113,252,2024-01-05 16:00:00,419.39,completed,2024,1,Friday,Extra Large,True
114,702,2024-01-05 17:00:00,17.2,completed,2024,1,Friday,Small,False
115,296,2024-01-05 18:00:00,195.76,completed,2024,1,Friday,Large,False
116,725,2024-01-05 19:00:00,175.3,completed,2024,1,Friday,Large,False
117,720,2024-01-05 20:00:00,19.47,completed,2024,1,Friday,Small,False
118,749,2024-01-05 21:00:00,70.94,completed,2024,1,Friday,Medium,False
119,338,2024-01-05 22:00:00,212.68,completed,2024,1,Friday,Large,False
120,879,2024-01-05 23:00:00,251.5,completed,2024,1,Friday,Large,False
121,53,2024-01-06 00:00:00,208.1,pending,2024,1,Saturday,Large,False
122,792,2024-01-06 01:00:00,270.16,completed,2024,1,Saturday,Large,False
123,922,2024-01-06 02:00:00,301.61,pending,2024,1,Saturday,Extra Large,False
124,217,2024-01-06 03:00:00,14.86,completed,2024,1,Saturday,Small,False
125,764,2024-01-06 04:00:00,237.41,completed,2024,1,Saturday,Large,False
126,188,2024-01-06 05:00:00,482.11,pending,2024,1,Saturday,Extra Large,True
127,380,2024-01-06 06:00:00,264.33,completed,2024,1,Saturday,Large,False
128,493,2024-01-06 07:00:00,342.0,completed,2024,1,Saturday,Extra Large,False
129,41,2024-01-06 08:00:00,162.81,completed,2024,1,Saturday,Large,False
130,157,2024-01-06 09:00:00,389.26,completed,2024,1,Saturday,Extra Large,False
131,15,2024-01-06 10:00:00,388.73,completed,2024,1,Saturday,Extra Large,False
132,813,2024-01-06 11:00:00,265.44,cancelled,2024,1,Saturday,Large,False
133,65,2024-01-06 12:00:00,488.25,completed,2024,1,Saturday,Extra Large,True
134,857,2024-01-06 13:00:00,71.52,completed,2024,1,Saturday,Medium,False
135,839,2024-01-06 14:00:00,18.3,completed,2024,1,Saturday,Small,False
136,521,2024-01-06 15:00:00,387.38,completed,2024,1,Saturday,Extra Large,False
137,344,2024-01-06 16:00:00,405.51,completed,2024,1,Saturday,Extra Large,True
138,129,2024-01-06 17:00:00,68.9,completed,2024,1,Saturday,Medium,False
139,648,2024-01-06 18:00:00,140.14,completed,2024,1,Saturday,Medium,False
140,472,2024-01-06 19:00:00,18.6,completed,2024,1,Saturday,Small,False
141,63,2024-01-06 20:00:00,153.72,pending,2024,1,Saturday,Large,False
142,139,2024-01-06 21:00:00,388.84,completed,2024,1,Saturday,Extra Large,False
143,499,2024-01-06 22:00:00,263.8,completed,2024,1,Saturday,Large,False
144,593,2024-01-06 23:00:00,180.57,completed,2024,1,Saturday,Large,False
145,392,2024-01-07 00:00:00,192.15,completed,2024,1,Sunday,Large,False
146,675,2024-01-07 01:00:00,10.66,completed,2024,1,Sunday,Small,False
147,419,2024-01-07 02:00:00,156.9,cancelled,2024,1,Sunday,Large,False
148,289,2024-01-07 03:00:00,326.76,completed,2024,1,Sunday,Extra Large,False
149,379,2024-01-07 04:00:00,487.36,pending,2024,1,Sunday,Extra Large,True
150,773,2024-01-07 05:00:00,425.06,completed,2024,1,Sunday,Extra Large,True
151,490,2024-01-07 06:00:00,21.56,cancelled,2024,1,Sunday,Small,False
152,231,2024-01-07 07:00:00,450.29,completed,2024,1,Sunday,Extra Large,True
153,41,2024-01-07 08:00:00,393.77,pending,2024,1,Sunday,Extra Large,False
154,28,2024-01-07 09:00:00,392.38,completed,2024,1,Sunday,Extra Large,False
155,135,2024-01-07 10:00:00,234.42,completed,2024,1,Sunday,Large,False
156,201,2024-01-07 11:00:00,205.02,pending,2024,1,Sunday,Large,False
157,840,2024-01-07 12:00:00,158.43,completed,2024,1,Sunday,Large,False
158,780,2024-01-07 13:00:00,42.19,completed,2024,1,Sunday,Small,False
159,930,2024-01-07 14:00:00,121.84,completed,2024,1,Sunday,Medium,False
160,33,2024-01-07 15:00:00,130.84,pending,2024,1,Sunday,Medium,False
161,48,2024-01-07 16:00:00,247.2,completed,2024,1,Sunday,Large,False
162,503,2024-01-07 17:00:00,376.25,completed,2024,1,Sunday,Extra Large,False
163,407,2024-01-07 18:00:00,242.17,completed,2024,1,Sunday,Large,False
164,574,2024-01-07 19:00:00,38.34,completed,2024,1,Sunday,Small,False
165,728,2024-01-07 20:00:00,479.32,pending,2024,1,Sunday,Extra Large,True
166,805,2024-01-07 21:00:00,471.93,completed,2024,1,Sunday,Extra Large,True
167,99,2024-01-07 22:00:00,394.74,completed,2024,1,Sunday,Extra Large,False
168,684,2024-01-07 23:00:00,495.75,pending,2024,1,Sunday,Extra Large,True
169,872,2024-01-08 00:00:00,276.8,completed,2024,1,Monday,Large,False
170,726,2024-01-08 01:00:00,481.76,completed,2024,1,Monday,Extra Large,True
171,987,2024-01-08 02:00:00,47.05,completed,2024,1,Monday,Small,False
172,547,2024-01-08 03:00:00,189.18,completed,2024,1,Monday,Large,False
173,961,2024-01-08 04:00:00,120.44,completed,2024,1,Monday,Medium,False
174,739,2024-01-08 05:00:00,105.96,completed,2024,1,Monday,Medium,False
175,613,2024-01-08 06:00:00,78.99,completed,2024,1,Monday,Medium,False
176,943,2024-01-08 07:00:00,314.98,completed,2024,1,Monday,Extra Large,False
177,462,2024-01-08 08:00:00,392.85,completed,2024,1,Monday,Extra Large,False
178,643,2024-01-08 09:00:00,293.37,completed,2024,1,Monday,Large,False
179,769,2024-01-08 10:00:00,82.01,completed,2024,1,Monday,Medium,False
180,5,2024-01-08 11:00:00,407.45,completed,2024,1,Monday,Extra Large,True
181,218,2024-01-08 12:00:00,321.62,completed,2024,1,Monday,Extra Large,False
182,503,2024-01-08 13:00:00,200.2,completed,2024,1,Monday,Large,False
183,767,2024-01-08 14:00:00,340.32,completed,2024,1,Monday,Extra Large,False
184,398,2024-01-08 15:00:00,137.35,completed,2024,1,Monday,Medium,False
185,871,2024-01-08 16:00:00,179.14,completed,2024,1,Monday,Large,False
186,795,2024-01-08 17:00:00,459.57,completed,2024,1,Monday,Extra Large,True
187,393,2024-01-08 18:00:00,152.35,completed,2024,1,Monday,Large,False
188,207,2024-01-08 19:00:00,240.29,completed,2024,1,Monday,Large,False
189,15,2024-01-08 20:00:00,446.17,pending,2024,1,Monday,Extra Large,True
190,858,2024-01-08 21:00:00,356.78,pending,2024,1,Monday,Extra Large,False
191,554,2024-01-08 22:00:00,40.48,completed,2024,1,Monday,Small,False
192,892,2024-01-08 23:00:00,82.18,completed,2024,1,Monday,Medium,False
193,461,2024-01-09 00:00:00,13.84,completed,2024,1,Tuesday,Small,False
194,691,2024-01-09 01:00:00,319.15,completed,2024,1,Tuesday,Extra Large,False
195,575,2024-01-09 02:00:00,229.36,completed,2024,1,Tuesday,Large,False
196,864,2024-01-09 03:00:00,75.79,completed,2024,1,Tuesday,Medium,False
197,743,2024-01-09 04:00:00,479.39,completed,2024,1,Tuesday,Extra Large,True
198,241,2024-01-09 05:00:00,269.53,completed,2024,1,Tuesday,Large,False
199,564,2024-01-09 06:00:00,128.53,completed,2024,1,Tuesday,Medium,False
200,96,2024-01-09 07:00:00,255.3,completed,2024,1,Tuesday,Large,False
201,900,2024-01-09 08:00:00,343.01,completed,2024,1,Tuesday,Extra Large,False
202,734,2024-01-09 09:00:00,47.36,completed,2024,1,Tuesday,Small,False
203,485,2024-01-09 10:00:00,144.6,completed,2024,1,Tuesday,Medium,False
204,407,2024-01-09 11:00:00,405.41,completed,2024,1,Tuesday,Extra Large,True
205,231,2024-01-09 12:00:00,235.24,completed,2024,1,Tuesday,Large,False
206,749,2024-01-09 13:00:00,277.82,completed,2024,1,Tuesday,Large,False
207,655,2024-01-09 14:00:00,222.08,completed,2024,1,Tuesday,Large,False
208,171,2024-01-09 15:00:00,31.51,completed,2024,1,Tuesday,Small,False
209,541,2024-01-09 16:00:00,91.22,pending,2024,1,Tuesday,Medium,False
210,36,2024-01-09 17:00:00,228.32,pending,2024,1,Tuesday,Large,False
211,525,2024-01-09 18:00:00,112.5,completed,2024,1,Tuesday,Medium,False
212,160,2024-01-09 19:00:00,34.49,completed,2024,1,Tuesday,Small,False
213,839,2024-01-09 20:00:00,423.39,completed,2024,1,Tuesday,Extra Large,True
214,699,2024-01-09 21:00:00,490.78,pending,2024,1,Tuesday,Extra Large,True
215,243,2024-01-09 22:00:00,398.64,completed,2024,1,Tuesday,Extra Large,False
216,86,2024-01-09 23:00:00,428.35,pending,2024,1,Tuesday,Extra Large,True
217,796,2024-01-10 00:00:00,128.57,completed,2024,1,Wednesday,Medium,False
218,578,2024-01-10 01:00:00,480.71,completed,2024,1,Wednesday,Extra Large,True
219,682,2024-01-10 02:00:00,106.49,pending,2024,1,Wednesday,Medium,False
220,557,2024-01-10 03:00:00,476.2,completed,2024,1,Wednesday,Extra Large,True
221,574,2024-01-10 04:00:00,497.46,completed,2024,1,Wednesday,Extra Large,True
222,953,2024-01-10 05:00:00,358.74,completed,2024,1,Wednesday,Extra Large,False
223,646,2024-01-10 06:00:00,490.76,completed,2024,1,Wednesday,Extra Large,True
224,796,2024-01-10 07:00:00,289.07,completed,2024,1,Wednesday,Large,False
225,28,2024-01-10 08:00:00,137.18,completed,2024,1,Wednesday,Medium,False
226,620,2024-01-10 09:00:00,224.13,completed,2024,1,Wednesday,Large,False
227,556,2024-01-10 10:00:00,300.84,completed,2024,1,Wednesday,Extra Large,False
228,340,2024-01-10 11:00:00,45.81,pending,2024,1,Wednesday,Small,False
229,798,2024-01-10 12:00:00,314.95,completed,2024,1,Wednesday,Extra Large,False
230,958,2024-01-10 13:00:00,490.78,completed,2024,1,Wednesday,Extra Large,True
231,331,2024-01-10 14:00:00,103.15,completed,2024,1,Wednesday,Medium,False
232,640,2024-01-10 15:00:00,398.37,completed,2024,1,Wednesday,Extra Large,False
233,506,2024-01-10 16:00:00,454.87,completed,2024,1,Wednesday,Extra Large,True
234,348,2024-01-10 17:00:00,472.41,cancelled,2024,1,Wednesday,Extra Large,True
235,473,2024-01-10 18:00:00,480.47,completed,2024,1,Wednesday,Extra Large,True
236,231,2024-01-10 19:00:00,265.52,completed,2024,1,Wednesday,Large,False
237,190,2024-01-10 20:00:00,488.88,completed,2024,1,Wednesday,Extra Large,True
238,225,2024-01-10 21:00:00,381.08,completed,2024,1,Wednesday,Extra Large,False
239,385,2024-01-10 22:00:00,89.22,pending,2024,1,Wednesday,Medium,False
240,377,2024-01-10 23:00:00,243.68,completed,2024,1,Wednesday,Large,False
241,283,2024-01-11 00:00:00,361.98,completed,2024,1,Thursday,Extra Large,False
242,958,2024-01-11 01:00:00,131.2,completed,2024,1,Thursday,Medium,False
243,633,2024-01-11 02:00:00,323.9,completed,2024,1,Thursday,Extra Large,False
244,628,2024-01-11 03:00:00,336.63,completed,2024,1,Thursday,Extra Large,False
245,973,2024-01-11 04:00:00,89.72,completed,2024,1,Thursday,Medium,False
246,745,2024-01-11 05:00:00,286.89,completed,2024,1,Thursday,Large,False
247,259,2024-01-11 06:00:00,388.1,completed,2024,1,Thursday,Extra Large,False
248,359,2024-01-11 07:00:00,254.46,completed,2024,1,Thursday,Large,False
249,710,2024-01-11 08:00:00,15.93,pending,2024,1,Thursday,Small,False
250,456,2024-01-11 09:00:00,14.43,pending,2024,1,Thursday,Small,False
251,411,2024-01-11 10:00:00,184.94,completed,2024,1,Thursday,Large,False
252,649,2024-01-11 11:00:00,463.84,completed,2024,1,Thursday,Extra Large,True
253,318,2024-01-11 12:00:00,122.05,completed,2024,1,Thursday,Medium,False
254,677,2024-01-11 13:00:00,320.84,completed,2024,1,Thursday,Extra Large,False
255,225,2024-01-11 14:00:00,118.82,completed,2024,1,Thursday,Medium,False
256,819,2024-01-11 15:00:00,167.62,completed,2024,1,Thursday,Large,False
257,234,2024-01-11 16:00:00,425.54,pending,2024,1,Thursday,Extra Large,True
258,684,2024-01-11 17:00:00,367.14,pending,2024,1,Thursday,Extra Large,False
259,664,2024-01-11 18:00:00,56.75,completed,2024,1,Thursday,Medium,False
260,975,2024-01-11 19:00:00,220.06,completed,2024,1,Thursday,Large,False
261,827,2024-01-11 20:00:00,24.29,completed,2024,1,Thursday,Small,False
262,374,2024-01-11 21:00:00,245.64,completed,2024,1,Thursday,Large,False
263,672,2024-01-11 22:00:00,334.59,completed,2024,1,Thursday,Extra Large,False
264,608,2024-01-11 23:00:00,68.07,completed,2024,1,Thursday,Medium,False
265,472,2024-01-12 00:00:00,151.55,pending,2024,1,Friday,Large,False
266,233,2024-01-12 01:00:00,204.94,completed,2024,1,Friday,Large,False
267,692,2024-01-12 02:00:00,460.57,completed,2024,1,Friday,Extra Large,True
268,113,2024-01-12 03:00:00,496.69,completed,2024,1,Friday,Extra Large,True
269,830,2024-01-12 04:00:00,32.01,completed,2024,1,Friday,Small,False
270,497,2024-01-12 05:00:00,382.89,completed,2024,1,Friday,Extra Large,False
271,442,2024-01-12 06:00:00,192.14,pending,2024,1,Friday,Large,False
272,564,2024-01-12 07:00:00,202.3,completed,2024,1,Friday,Large,False
273,268,2024-01-12 08:00:00,379.59,completed,2024,1,Friday,Extra Large,False
274,510,2024-01-12 09:00:00,460.03,completed,2024,1,Friday,Extra Large,True
275,807,2024-01-12 10:00:00,475.96,completed,2024,1,Friday,Extra Large,True
276,386,2024-01-12 11:00:00,292.79,pending,2024,1,Friday,Large,False
277,387,2024-01-12 12:00:00,184.99,completed,2024,1,Friday,Large,False
278,113,2024-01-12 13:00:00,395.9,pending,2024,1,Friday,Extra Large,False
279,613,2024-01-12 14:00:00,132.99,completed,2024,1,Friday,Medium,False
280,625,2024-01-12 15:00:00,286.4,completed,2024,1,Friday,Large,False
281,952,2024-01-12 16:00:00,185.7,completed,2024,1,Friday,Large,False
282,81,2024-01-12 17:00:00,331.75,completed,2024,1,Friday,Extra Large,False
283,699,2024-01-12 18:00:00,127.8,completed,2024,1,Friday,Medium,False
284,113,2024-01-12 19:00:00,103.88,completed,2024,1,Friday,Medium,False
285,2,2024-01-12 20:00:00,459.94,completed,2024,1,Friday,Extra Large,True
286,642,2024-01-12 21:00:00,59.88,completed,2024,1,Friday,Medium,False
287,220,2024-01-12 22:00:00,257.92,completed,2024,1,Friday,Large,False
288,566,2024-01-12 23:00:00,118.22,completed,2024,1,Friday,Medium,False
289,855,2024-01-13 00:00:00,29.08,completed,2024,1,Saturday,Small,False
290,997,2024-01-13 01:00:00,27.65,completed,2024,1,Saturday,Small,False
291,736,2024-01-13 02:00:00,95.86,completed,2024,1,Saturday,Medium,False
292,225,2024-01-13 03:00:00,434.72,completed,2024,1,Saturday,Extra Large,True
293,385,2024-01-13 04:00:00,148.41,completed,2024,1,Saturday,Medium,False
294,403,2024-01-13 05:00:00,475.72,completed,2024,1,Saturday,Extra Large,True
295,638,2024-01-13 06:00:00,294.99,completed,2024,1,Saturday,Large,False
296,130,2024-01-13 07:00:00,223.94,completed,2024,1,Saturday,Large,False
297,53,2024-01-13 08:00:00,294.24,cancelled,2024,1,Saturday,Large,False
298,684,2024-01-13 09:00:00,263.18,completed,2024,1,Saturday,Large,False
299,730,2024-01-13 10:00:00,381.8,completed,2024,1,Saturday,Extra Large,False
300,672,2024-01-13 11:00:00,148.42,completed,2024,1,Saturday,Medium,False
301,710,2024-01-13 12:00:00,182.99,completed,2024,1,Saturday,Large,False
302,416,2024-01-13 13:00:00,448.11,pending,2024,1,Saturday,Extra Large,True
303,247,2024-01-13 14:00:00,473.76,completed,2024,1,Saturday,Extra Large,True
304,836,2024-01-13 15:00:00,447.35,pending,2024,1,Saturday,Extra Large,True
305,439,2024-01-13 16:00:00,215.53,pending,2024,1,Saturday,Large,False
306,203,2024-01-13 17:00:00,392.38,completed,2024,1,Saturday,Extra Large,False
307,184,2024-01-13 18:00:00,243.4,completed,2024,1,Saturday,Large,False
308,123,2024-01-13 19:00:00,253.79,completed,2024,1,Saturday,Large,False
309,401,2024-01-13 20:00:00,110.29,completed,2024,1,Saturday,Medium,False
310,767,2024-01-13 21:00:00,299.65,completed,2024,1,Saturday,Large,False
311,294,2024-01-13 22:00:00,101.21,completed,2024,1,Saturday,Medium,False
312,280,2024-01-13 23:00:00,172.47,completed,2024,1,Saturday,Large,False
313,837,2024-01-14 00:00:00,428.96,completed,2024,1,Sunday,Extra Large,True
314,884,2024-01-14 01:00:00,111.47,completed,2024,1,Sunday,Medium,False
315,610,2024-01-14 02:00:00,44.87,pending,2024,1,Sunday,Small,False
316,198,2024-01-14 03:00:00,43.81,completed,2024,1,Sunday,Small,False
317,982,2024-01-14 04:00:00,470.98,pending,2024,1,Sunday,Extra Large,True
318,907,2024-01-14 05:00:00,258.39,completed,2024,1,Sunday,Large,False
319,511,2024-01-14 06:00:00,210.61,completed,2024,1,Sunday,Large,False
320,752,2024-01-14 07:00:00,407.33,completed,2024,1,Sunday,Extra Large,True
321,144,2024-01-14 08:00:00,419.55,completed,2024,1,Sunday,Extra Large,True
322,609,2024-01-14 09:00:00,172.77,completed,2024,1,Sunday,Large,False
323,201,2024-01-14 10:00:00,349.87,completed,2024,1,Sunday,Extra Large,False
324,124,2024-01-14 11:00:00,387.85,pending,2024,1,Sunday,Extra Large,False
325,187,2024-01-14 12:00:00,330.78,completed,2024,1,Sunday,Extra Large,False
326,326,2024-01-14 13:00:00,84.28,completed,2024,1,Sunday,Medium,False
327,464,2024-01-14 14:00:00,439.18,pending,2024,1,Sunday,Extra Large,True
328,349,2024-01-14 15:00:00,274.16,completed,2024,1,Sunday,Large,False
329,771,2024-01-14 16:00:00,148.41,completed,2024,1,Sunday,Medium,False
330,660,2024-01-14 17:00:00,218.36,completed,2024,1,Sunday,Large,False
331,764,2024-01-14 18:00:00,28.41,pending,2024,1,Sunday,Small,False
332,955,2024-01-14 19:00:00,72.65,completed,2024,1,Sunday,Medium,False
333,932,2024-01-14 20:00:00,385.12,completed,2024,1,Sunday,Extra Large,False
334,403,2024-01-14 21:00:00,10.01,completed,2024,1,Sunday,Small,False
335,346,2024-01-14 22:00:00,214.12,pending,2024,1,Sunday,Large,False
336,963,2024-01-14 23:00:00,266.03,completed,2024,1,Sunday,Large,False
337,511,2024-01-15 00:00:00,36.77,cancelled,2024,1,Monday,Small,False
338,147,2024-01-15 01:00:00,486.81,completed,2024,1,Monday,Extra Large,True
339,148,2024-01-15 02:00:00,120.8,completed,2024,1,Monday,Medium,False
340,864,2024-01-15 03:00:00,159.06,completed,2024,1,Monday,Large,False
341,711,2024-01-15 04:00:00,158.93,completed,2024,1,Monday,Large,False
342,820,2024-01-15 05:00:00,122.9,pending,2024,1,Monday,Medium,False
343,489,2024-01-15 06:00:00,10.72,completed,2024,1,Monday,Small,False
344,929,2024-01-15 07:00:00,367.38,completed,2024,1,Monday,Extra Large,False
345,936,2024-01-15 08:00:00,483.75,completed,2024,1,Monday,Extra Large,True
346,640,2024-01-15 09:00:00,119.9,completed,2024,1,Monday,Medium,False
347,551,2024-01-15 10:00:00,334.89,completed,2024,1,Monday,Extra Large,False
348,338,2024-01-15 11:00:00,373.53,completed,2024,1,Monday,Extra Large,False
349,872,2024-01-15 12:00:00,425.73,completed,2024,1,Monday,Extra Large,True
350,641,2024-01-15 13:00:00,217.09,completed,2024,1,Monday,Large,False
351,779,2024-01-15 14:00:00,158.44,completed,2024,1,Monday,Large,False
352,988,2024-01-15 15:00:00,169.39,completed,2024,1,Monday,Large,False
353,953,2024-01-15 16:00:00,359.18,completed,2024,1,Monday,Extra Large,False
354,473,2024-01-15 17:00:00,410.22,completed,2024,1,Monday,Extra Large,True
355,946,2024-01-15 18:00:00,98.99,completed,2024,1,Monday,Medium,False
356,151,2024-01-15 19:00:00,191.76,pending,2024,1,Monday,Large,False
357,415,2024-01-15 20:00:00,451.95,completed,2024,1,Monday,Extra Large,True
358,990,2024-01-15 21:00:00,405.28,pending,2024,1,Monday,Extra Large,True
359,298,2024-01-15 22:00:00,492.58,pending,2024,1,Monday,Extra Large,True
360,611,2024-01-15 23:00:00,379.58,completed,2024,1,Monday,Extra Large,False
361,263,2024-01-16 00:00:00,202.67,completed,2024,1,Tuesday,Large,False
362,764,2024-01-16 01:00:00,299.41,pending,2024,1,Tuesday,Large,False
363,144,2024-01-16 02:00:00,333.9,completed,2024,1,Tuesday,Extra Large,False
364,346,2024-01-16 03:00:00,48.44,completed,2024,1,Tuesday,Small,False
365,624,2024-01-16 04:00:00,276.8,completed,2024,1,Tuesday,Large,False
366,572,2024-01-16 05:00:00,357.57,completed,2024,1,Tuesday,Extra Large,False
367,881,2024-01-16 06:00:00,91.99,completed,2024,1,Tuesday,Medium,False
368,2,2024-01-16 07:00:00,392.51,completed,2024,1,Tuesday,Extra Large,False
369,897,2024-01-16 08:00:00,296.05,completed,2024,1,Tuesday,Large,False
370,304,2024-01-16 09:00:00,476.59,completed,2024,1,Tuesday,Extra Large,True
371,254,2024-01-16 10:00:00,30.79,completed,2024,1,Tuesday,Small,False
372,652,2024-01-16 11:00:00,140.01,completed,2024,1,Tuesday,Medium,False
373,453,2024-01-16 12:00:00,304.76,completed,2024,1,Tuesday,Extra Large,False
374,37,2024-01-16 13:00:00,155.31,pending,2024,1,Tuesday,Large,False
375,160,2024-01-16 14:00:00,360.07,completed,2024,1,Tuesday,Extra Large,False
376,9,2024-01-16 15:00:00,381.91,completed,2024,1,Tuesday,Extra Large,False
377,233,2024-01-16 16:00:00,60.23,completed,2024,1,Tuesday,Medium,False
378,99,2024-01-16 17:00:00,261.79,completed,2024,1,Tuesday,Large,False
379,659,2024-01-16 18:00:00,259.36,completed,2024,1,Tuesday,Large,False
380,816,2024-01-16 19:00:00,190.95,pending,2024,1,Tuesday,Large,False
381,208,2024-01-16 20:00:00,467.13,completed,2024,1,Tuesday,Extra Large,True
382,131,2024-01-16 21:00:00,415.48,cancelled,2024,1,Tuesday,Extra Large,True
383,404,2024-01-16 22:00:00,351.63,completed,2024,1,Tuesday,Extra Large,False
384,152,2024-01-16 23:00:00,360.02,completed,2024,1,Tuesday,Extra Large,False
385,54,2024-01-17 00:00:00,236.24,completed,2024,1,Wednesday,Large,False
386,120,2024-01-17 01:00:00,461.29,pending,2024,1,Wednesday,Extra Large,True
387,673,2024-01-17 02:00:00,350.35,completed,2024,1,Wednesday,Extra Large,False
388,920,2024-01-17 03:00:00,367.2,completed,2024,1,Wednesday,Extra Large,False
389,628,2024-01-17 04:00:00,432.23,pending,2024,1,Wednesday,Extra Large,True
390,587,2024-01-17 05:00:00,144.3,completed,2024,1,Wednesday,Medium,False
391,625,2024-01-17 06:00:00,405.46,completed,2024,1,Wednesday,Extra Large,True
392,968,2024-01-17 07:00:00,105.67,pending,2024,1,Wednesday,Medium,False
393,420,2024-01-17 08:00:00,179.22,completed,2024,1,Wednesday,Large,False
394,422,2024-01-17 09:00:00,174.45,completed,2024,1,Wednesday,Large,False
395,104,2024-01-17 10:00:00,489.48,completed,2024,1,Wednesday,Extra Large,True
396,852,2024-01-17 11:00:00,429.7,completed,2024,1,Wednesday,Extra Large,True
397,254,2024-01-17 12:00:00,353.57,completed,2024,1,Wednesday,Extra Large,False
398,227,2024-01-17 13:00:00,366.26,completed,2024,1,Wednesday,Extra Large,False
399,112,2024-01-17 14:00:00,285.42,completed,2024,1,Wednesday,Large,False
400,510,2024-01-17 15:00:00,474.07,completed,2024,1,Wednesday,Extra Large,True
401,473,2024-01-17 16:00:00,253.17,pending,2024,1,Wednesday,Large,False
402,99,2024-01-17 17:00:00,196.45,cancelled,2024,1,Wednesday,Large,False
403,153,2024-01-17 18:00:00,89.89,completed,2024,1,Wednesday,Medium,False
404,861,2024-01-17 19:00:00,395.24,completed,2024,1,Wednesday,Extra Large,False
405,914,2024-01-17 20:00:00,369.88,pending,2024,1,Wednesday,Extra Large,False
406,896,2024-01-17 21:00:00,198.33,completed,2024,1,Wednesday,Large,False
407,878,2024-01-17 22:00:00,22.34,completed,2024,1,Wednesday,Small,False
408,338,2024-01-17 23:00:00,421.11,pending,2024,1,Wednesday,Extra Large,True
409,706,2024-01-18 00:00:00,15.59,completed,2024,1,Thursday,Small,False
410,822,2024-01-18 01:00:00,354.81,completed,2024,1,Thursday,Extra Large,False
411,163,2024-01-18 02:00:00,485.43,completed,2024,1,Thursday,Extra Large,True
412,720,2024-01-18 03:00:00,224.45,completed,2024,1,Thursday,Large,False
413,957,2024-01-18 04:00:00,125.14,completed,2024,1,Thursday,Medium,False
414,681,2024-01-18 05:00:00,355.39,completed,2024,1,Thursday,Extra Large,False
415,996,2024-01-18 06:00:00,410.39,completed,2024,1,Thursday,Extra Large,True
416,161,2024-01-18 07:00:00,277.75,completed,2024,1,Thursday,Large,False
417,580,2024-01-18 08:00:00,483.85,completed,2024,1,Thursday,Extra Large,True
418,801,2024-01-18 09:00:00,35.32,completed,2024,1,Thursday,Small,False
419,398,2024-01-18 10:00:00,257.35,completed,2024,1,Thursday,Large,False
420,277,2024-01-18 11:00:00,362.04,completed,2024,1,Thursday,Extra Large,False
421,816,2024-01-18 12:00:00,432.69,pending,2024,1,Thursday,Extra Large,True
422,916,2024-01-18 13:00:00,97.84,completed,2024,1,Thursday,Medium,False
423,504,2024-01-18 14:00:00,402.0,completed,2024,1,Thursday,Extra Large,True
424,896,2024-01-18 15:00:00,280.83,completed,2024,1,Thursday,Large,False
425,392,2024-01-18 16:00:00,204.31,completed,2024,1,Thursday,Large,False
426,135,2024-01-18 17:00:00,74.54,completed,2024,1,Thursday,Medium,False
427,195,2024-01-18 18:00:00,433.99,completed,2024,1,Thursday,Extra Large,True
428,401,2024-01-18 19:00:00,87.06,completed,2024,1,Thursday,Medium,False
429,640,2024-01-18 20:00:00,161.8,completed,2024,1,Thursday,Large,False
430,33,2024-01-18 21:00:00,152.12,pending,2024,1,Thursday,Large,False
431,688,2024-01-18 22:00:00,436.99,completed,2024,1,Thursday,Extra Large,True
432,460,2024-01-18 23:00:00,339.62,completed,2024,1,Thursday,Extra Large,False
433,955,2024-01-19 00:00:00,400.37,completed,2024,1,Friday,Extra Large,True
434,883,2024-01-19 01:00:00,132.73,completed,2024,1,Friday,Medium,False
435,470,2024-01-19 02:00:00,316.19,pending,2024,1,Friday,Extra Large,False
436,375,2024-01-19 03:00:00,290.16,completed,2024,1,Friday,Large,False
437,22,2024-01-19 04:00:00,418.09,completed,2024,1,Friday,Extra Large,True
438,750,2024-01-19 05:00:00,453.98,completed,2024,1,Friday,Extra Large,True
439,670,2024-01-19 06:00:00,15.96,completed,2024,1,Friday,Small,False
440,38,2024-01-19 07:00:00,340.27,completed,2024,1,Friday,Extra Large,False
441,230,2024-01-19 08:00:00,35.4,completed,2024,1,Friday,Small,False
442,365,2024-01-19 09:00:00,278.94,pending,2024,1,Friday,Large,False
443,563,2024-01-19 10:00:00,150.94,completed,2024,1,Friday,Large,False
444,438,2024-01-19 11:00:00,160.32,completed,2024,1,Friday,Large,False
445,776,2024-01-19 12:00:00,182.95,completed,2024,1,Friday,Large,False
446,283,2024-01-19 13:00:00,314.43,completed,2024,1,Friday,Extra Large,False
447,27,2024-01-19 14:00:00,173.68,completed,2024,1,Friday,Large,False
448,226,2024-01-19 15:00:00,369.02,completed,2024,1,Friday,Extra Large,False
449,277,2024-01-19 16:00:00,208.22,completed,2024,1,Friday,Large,False
450,798,2024-01-19 17:00:00,43.49,completed,2024,1,Friday,Small,False
451,609,2024-01-19 18:00:00,394.04,pending,2024,1,Friday,Extra Large,False
452,284,2024-01-19 19:00:00,150.02,completed,2024,1,Friday,Large,False
453,879,2024-01-19 20:00:00,222.06,pending,2024,1,Friday,Large,False
454,960,2024-01-19 21:00:00,345.87,pending,2024,1,Friday,Extra Large,False
455,481,2024-01-19 22:00:00,172.9,completed,2024,1,Friday,Large,False
456,453,2024-01-19 23:00:00,37.73,completed,2024,1,Friday,Small,False
457,829,2024-01-20 00:00:00,193.22,completed,2024,1,Saturday,Large,False
458,816,2024-01-20 01:00:00,472.78,pending,2024,1,Saturday,Extra Large,True
459,659,2024-01-20 02:00:00,324.45,completed,2024,1,Saturday,Extra Large,False
460,516,2024-01-20 03:00:00,339.02,completed,2024,1,Saturday,Extra Large,False
461,547,2024-01-20 04:00:00,319.82,pending,2024,1,Saturday,Extra Large,False
462,192,2024-01-20 05:00:00,107.51,completed,2024,1,Saturday,Medium,False
463,49,2024-01-20 06:00:00,214.98,completed,2024,1,Saturday,Large,False
464,512,2024-01-20 07:00:00,377.96,completed,2024,1,Saturday,Extra Large,False
465,17,2024-01-20 08:00:00,59.67,completed,2024,1,Saturday,Medium,False
466,172,2024-01-20 09:00:00,146.15,completed,2024,1,Saturday,Medium,False
467,220,2024-01-20 10:00:00,145.4,completed,2024,1,Saturday,Medium,False
468,158,2024-01-20 11:00:00,221.69,completed,2024,1,Saturday,Large,False
469,477,2024-01-20 12:00:00,490.38,pending,2024,1,Saturday,Extra Large,True
470,46,2024-01-20 13:00:00,43.08,completed,2024,1,Saturday,Small,False
471,373,2024-01-20 14:00:00,264.16,cancelled,2024,1,Saturday,Large,False
472,518,2024-01-20 15:00:00,97.89,cancelled,2024,1,Saturday,Medium,False
473,99,2024-01-20 16:00:00,485.63,completed,2024,1,Saturday,Extra Large,True
474,892,2024-01-20 17:00:00,65.52,completed,2024,1,Saturday,Medium,False
475,745,2024-01-20 18:00:00,207.76,completed,2024,1,Saturday,Large,False
476,37,2024-01-20 19:00:00,371.56,completed,2024,1,Saturday,Extra Large,False
477,280,2024-01-20 20:00:00,355.23,completed,2024,1,Saturday,Extra Large,False
478,349,2024-01-20 21:00:00,217.14,completed,2024,1,Saturday,Large,False
479,497,2024-01-20 22:00:00,179.8,completed,2024,1,Saturday,Large,False
480,302,2024-01-20 23:00:00,204.83,pending,2024,1,Saturday,Large,False
481,181,2024-01-21 00:00:00,139.5,completed,2024,1,Sunday,Medium,False
482,607,2024-01-21 01:00:00,110.61,completed,2024,1,Sunday,Medium,False
483,99,2024-01-21 02:00:00,246.69,completed,2024,1,Sunday,Large,False
484,700,2024-01-21 03:00:00,141.58,cancelled,2024,1,Sunday,Medium,False
485,993,2024-01-21 04:00:00,150.86,completed,2024,1,Sunday,Large,False
486,116,2024-01-21 05:00:00,331.81,pending,2024,1,Sunday,Extra Large,False
487,191,2024-01-21 06:00:00,484.58,completed,2024,1,Sunday,Extra Large,True
488,253,2024-01-21 07:00:00,305.78,completed,2024,1,Sunday,Extra Large,False
489,981,2024-01-21 08:00:00,47.72,completed,2024,1,Sunday,Small,False
490,928,2024-01-21 09:00:00,47.04,completed,2024,1,Sunday,Small,False
491,983,2024-01-21 10:00:00,476.2,completed,2024,1,Sunday,Extra Large,True
492,161,2024-01-21 11:00:00,155.67,completed,2024,1,Sunday,Large,False
493,256,2024-01-21 12:00:00,55.11,completed,2024,1,Sunday,Medium,False
494,323,2024-01-21 13:00:00,303.53,pending,2024,1,Sunday,Extra Large,False
495,128,2024-01-21 14:00:00,315.59,completed,2024,1,Sunday,Extra Large,False
496,18,2024-01-21 15:00:00,327.77,cancelled,2024,1,Sunday,Extra Large,False
497,793,2024-01-21 16:00:00,141.03,completed,2024,1,Sunday,Medium,False
498,735,2024-01-21 17:00:00,17.4,completed,2024,1,Sunday,Small,False
499,566,2024-01-21 18:00:00,482.86,completed,2024,1,Sunday,Extra Large,True
500,570,2024-01-21 19:00:00,132.94,completed,2024,1,Sunday,Medium,False
501,323,2024-01-21 20:00:00,341.25,completed,2024,1,Sunday,Extra Large,False
502,872,2024-01-21 21:00:00,356.25,completed,2024,1,Sunday,Extra Large,False
503,686,2024-01-21 22:00:00,308.9,completed,2024,1,Sunday,Extra Large,False
504,792,2024-01-21 23:00:00,163.32,completed,2024,1,Sunday,Large,False
505,626,2024-01-22 00:00:00,142.84,completed,2024,1,Monday,Medium,False
506,288,2024-01-22 01:00:00,302.86,pending,2024,1,Monday,Extra Large,False
507,943,2024-01-22 02:00:00,434.39,completed,2024,1,Monday,Extra Large,True
508,854,2024-01-22 03:00:00,473.9,completed,2024,1,Monday,Extra Large,True
509,663,2024-01-22 04:00:00,61.89,completed,2024,1,Monday,Medium,False
510,962,2024-01-22 05:00:00,85.87,completed,2024,1,Monday,Medium,False
511,639,2024-01-22 06:00:00,472.92,completed,2024,1,Monday,Extra Large,True
512,155,2024-01-22 07:00:00,370.9,completed,2024,1,Monday,Extra Large,False
513,490,2024-01-22 08:00:00,442.67,completed,2024,1,Monday,Extra Large,True
514,386,2024-01-22 09:00:00,109.29,completed,2024,1,Monday,Medium,False
515,986,2024-01-22 10:00:00,297.92,completed,2024,1,Monday,Large,False
516,785,2024-01-22 11:00:00,353.56,completed,2024,1,Monday,Extra Large,False
517,104,2024-01-22 12:00:00,343.25,completed,2024,1,Monday,Extra Large,False
518,929,2024-01-22 13:00:00,209.99,cancelled,2024,1,Monday,Large,False
519,393,2024-01-22 14:00:00,17.54,completed,2024,1,Monday,Small,False
520,811,2024-01-22 15:00:00,295.63,completed,2024,1,Monday,Large,False
521,246,2024-01-22 16:00:00,134.02,pending,2024,1,Monday,Medium,False
522,176,2024-01-22 17:00:00,230.62,pending,2024,1,Monday,Large,False
523,39,2024-01-22 18:00:00,479.21,completed,2024,1,Monday,Extra Large,True
524,477,2024-01-22 19:00:00,205.53,completed,2024,1,Monday,Large,False
525,682,2024-01-22 20:00:00,421.5,cancelled,2024,1,Monday,Extra Large,True
526,759,2024-01-22 21:00:00,102.38,completed,2024,1,Monday,Medium,False
527,538,2024-01-22 22:00:00,339.51,pending,2024,1,Monday,Extra Large,False
528,867,2024-01-22 23:00:00,488.73,completed,2024,1,Monday,Extra Large,True
529,818,2024-01-23 00:00:00,59.93,completed,2024,1,Tuesday,Medium,False
530,921,2024-01-23 01:00:00,14.08,completed,2024,1,Tuesday,Small,False
531,408,2024-01-23 02:00:00,222.46,completed,2024,1,Tuesday,Large,False
532,525,2024-01-23 03:00:00,55.39,pending,2024,1,Tuesday,Medium,False
533,828,2024-01-23 04:00:00,376.71,cancelled,2024,1,Tuesday,Extra Large,False
534,506,2024-01-23 05:00:00,458.13,completed,2024,1,Tuesday,Extra Large,True
535,903,2024-01-23 06:00:00,222.67,completed,2024,1,Tuesday,Large,False
536,825,2024-01-23 07:00:00,136.77,pending,2024,1,Tuesday,Medium,False
537,36,2024-01-23 08:00:00,222.86,completed,2024,1,Tuesday,Large,False
538,685,2024-01-23 09:00:00,364.49,completed,2024,1,Tuesday,Extra Large,False
539,20,2024-01-23 10:00:00,14.44,completed,2024,1,Tuesday,Small,False
540,321,2024-01-23 11:00:00,298.83,completed,2024,1,Tuesday,Large,False
541,776,2024-01-23 12:00:00,310.51,completed,2024,1,Tuesday,Extra Large,False
542,512,2024-01-23 13:00:00,322.47,completed,2024,1,Tuesday,Extra Large,False
543,400,2024-01-23 14:00:00,128.59,completed,2024,1,Tuesday,Medium,False
544,654,2024-01-23 15:00:00,359.89,cancelled,2024,1,Tuesday,Extra Large,False
545,972,2024-01-23 16:00:00,54.78,completed,2024,1,Tuesday,Medium,False
546,883,2024-01-23 17:00:00,107.64,completed,2024,1,Tuesday,Medium,False
547,471,2024-01-23 18:00:00,439.96,completed,2024,1,Tuesday,Extra Large,True
548,143,2024-01-23 19:00:00,371.97,completed,2024,1,Tuesday,Extra Large,False
549,92,2024-01-23 20:00:00,16.74,completed,2024,1,Tuesday,Small,False
550,354,2024-01-23 21:00:00,131.7,completed,2024,1,Tuesday,Medium,False
551,834,2024-01-23 22:00:00,115.06,completed,2024,1,Tuesday,Medium,False
552,800,2024-01-23 23:00:00,142.7,completed,2024,1,Tuesday,Medium,False
553,727,2024-01-24 00:00:00,131.3,completed,2024,1,Wednesday,Medium,False
554,959,2024-01-24 01:00:00,40.64,completed,2024,1,Wednesday,Small,False
555,854,2024-01-24 02:00:00,234.88,completed,2024,1,Wednesday,Large,False
556,51,2024-01-24 03:00:00,369.04,completed,2024,1,Wednesday,Extra Large,False
557,665,2024-01-24 04:00:00,307.3,completed,2024,1,Wednesday,Extra Large,False
558,698,2024-01-24 05:00:00,339.71,completed,2024,1,Wednesday,Extra Large,False
559,575,2024-01-24 06:00:00,49.76,pending,2024,1,Wednesday,Small,False
560,190,2024-01-24 07:00:00,476.23,pending,2024,1,Wednesday,Extra Large,True
561,125,2024-01-24 08:00:00,420.86,completed,2024,1,Wednesday,Extra Large,True
562,150,2024-01-24 09:00:00,404.49,completed,2024,1,Wednesday,Extra Large,True
563,314,2024-01-24 10:00:00,413.26,completed,2024,1,Wednesday,Extra Large,True
564,570,2024-01-24 11:00:00,467.03,cancelled,2024,1,Wednesday,Extra Large,True
565,342,2024-01-24 12:00:00,276.68,completed,2024,1,Wednesday,Large,False
566,305,2024-01-24 13:00:00,108.14,completed,2024,1,Wednesday,Medium,False
567,692,2024-01-24 14:00:00,312.22,completed,2024,1,Wednesday,Extra Large,False
568,682,2024-01-24 15:00:00,374.01,completed,2024,1,Wednesday,Extra Large,False
569,838,2024-01-24 16:00:00,371.58,cancelled,2024,1,Wednesday,Extra Large,False
570,783,2024-01-24 17:00:00,265.51,completed,2024,1,Wednesday,Large,False
571,54,2024-01-24 18:00:00,43.54,completed,2024,1,Wednesday,Small,False
572,444,2024-01-24 19:00:00,191.85,completed,2024,1,Wednesday,Large,False
573,613,2024-01-24 20:00:00,461.18,completed,2024,1,Wednesday,Extra Large,True
574,993,2024-01-24 21:00:00,296.38,completed,2024,1,Wednesday,Large,False
575,264,2024-01-24 22:00:00,273.78,completed,2024,1,Wednesday,Large,False
576,53,2024-01-24 23:00:00,141.74,cancelled,2024,1,Wednesday,Medium,False
577,572,2024-01-25 00:00:00,190.54,completed,2024,1,Thursday,Large,False
578,620,2024-01-25 01:00:00,448.72,completed,2024,1,Thursday,Extra Large,True
579,5,2024-01-25 02:00:00,336.57,pending,2024,1,Thursday,Extra Large,False
580,103,2024-01-25 03:00:00,395.82,completed,2024,1,Thursday,Extra Large,False
581,196,2024-01-25 04:00:00,232.63,completed,2024,1,Thursday,Large,False
582,774,2024-01-25 05:00:00,318.82,completed,2024,1,Thursday,Extra Large,False
583,877,2024-01-25 06:00:00,131.71,pending,2024,1,Thursday,Medium,False
584,992,2024-01-25 07:00:00,355.68,completed,2024,1,Thursday,Extra Large,False
585,884,2024-01-25 08:00:00,219.52,pending,2024,1,Thursday,Large,False
586,350,2024-01-25 09:00:00,226.85,completed,2024,1,Thursday,Large,False
587,47,2024-01-25 10:00:00,328.17,completed,2024,1,Thursday,Extra Large,False
588,867,2024-01-25 11:00:00,468.78,completed,2024,1,Thursday,Extra Large,True
589,823,2024-01-25 12:00:00,41.36,completed,2024,1,Thursday,Small,False
590,936,2024-01-25 13:00:00,414.12,completed,2024,1,Thursday,Extra Large,True
591,820,2024-01-25 14:00:00,153.27,completed,2024,1,Thursday,Large,False
592,656,2024-01-25 15:00:00,227.52,cancelled,2024,1,Thursday,Large,False
593,269,2024-01-25 16:00:00,20.74,completed,2024,1,Thursday,Small,False
594,370,2024-01-25 17:00:00,157.51,completed,2024,1,Thursday,Large,False
595,636,2024-01-25 18:00:00,256.29,completed,2024,1,Thursday,Large,False
596,106,2024-01-25 19:00:00,37.53,completed,2024,1,Thursday,Small,False
597,670,2024-01-25 20:00:00,250.64,completed,2024,1,Thursday,Large,False
598,659,2024-01-25 21:00:00,464.28,completed,2024,1,Thursday,Extra Large,True
599,657,2024-01-25 22:00:00,61.64,completed,2024,1,Thursday,Medium,False
600,120,2024-01-25 23:00:00,384.58,completed,2024,1,Thursday,Extra Large,False
601,831,2024-01-26 00:00:00,210.74,completed,2024,1,Friday,Large,False
602,787,2024-01-26 01:00:00,331.04,pending,2024,1,Friday,Extra Large,False
603,604,2024-01-26 02:00:00,137.52,pending,2024,1,Friday,Medium,False
604,58,2024-01-26 03:00:00,88.15,completed,2024,1,Friday,Medium,False
605,951,2024-01-26 04:00:00,88.63,completed,2024,1,Friday,Medium,False
606,346,2024-01-26 05:00:00,44.54,completed,2024,1,Friday,Small,False
607,741,2024-01-26 06:00:00,100.97,completed,2024,1,Friday,Medium,False
608,474,2024-01-26 07:00:00,335.47,completed,2024,1,Friday,Extra Large,False
609,117,2024-01-26 08:00:00,442.03,completed,2024,1,Friday,Extra Large,True
610,830,2024-01-26 09:00:00,408.92,completed,2024,1,Friday,Extra Large,True
611,791,2024-01-26 10:00:00,345.72,completed,2024,1,Friday,Extra Large,False
612,127,2024-01-26 11:00:00,64.11,completed,2024,1,Friday,Medium,False
613,393,2024-01-26 12:00:00,151.7,completed,2024,1,Friday,Large,False
614,908,2024-01-26 13:00:00,161.81,completed,2024,1,Friday,Large,False
615,641,2024-01-26 14:00:00,132.48,cancelled,2024,1,Friday,Medium,False
616,58,2024-01-26 15:00:00,262.35,completed,2024,1,Friday,Large,False
617,634,2024-01-26 16:00:00,272.42,completed,2024,1,Friday,Large,False
618,513,2024-01-26 17:00:00,184.87,completed,2024,1,Friday,Large,False
619,751,2024-01-26 18:00:00,183.36,pending,2024,1,Friday,Large,False
620,802,2024-01-26 19:00:00,415.99,completed,2024,1,Friday,Extra Large,True
621,96,2024-01-26 20:00:00,396.75,completed,2024,1,Friday,Extra Large,False
622,638,2024-01-26 21:00:00,160.82,pending,2024,1,Friday,Large,False
623,118,2024-01-26 22:00:00,457.76,completed,2024,1,Friday,Extra Large,True
624,560,2024-01-26 23:00:00,476.88,completed,2024,1,Friday,Extra Large,True
625,601,2024-01-27 00:00:00,170.1,completed,2024,1,Saturday,Large,False
626,488,2024-01-27 01:00:00,183.67,completed,2024,1,Saturday,Large,False
627,237,2024-01-27 02:00:00,257.76,completed,2024,1,Saturday,Large,False
628,885,2024-01-27 03:00:00,471.15,completed,2024,1,Saturday,Extra Large,True
629,897,2024-01-27 04:00:00,439.4,completed,2024,1,Saturday,Extra Large,True
630,272,2024-01-27 05:00:00,60.26,completed,2024,1,Saturday,Medium,False
631,189,2024-01-27 06:00:00,202.44,completed,2024,1,Saturday,Large,False
632,999,2024-01-27 07:00:00,281.15,completed,2024,1,Saturday,Large,False
633,704,2024-01-27 08:00:00,256.53,completed,2024,1,Saturday,Large,False
634,447,2024-01-27 09:00:00,104.99,pending,2024,1,Saturday,Medium,False
635,581,2024-01-27 10:00:00,430.82,completed,2024,1,Saturday,Extra Large,True
636,790,2024-01-27 11:00:00,341.7,completed,2024,1,Saturday,Extra Large,False
637,861,2024-01-27 12:00:00,420.58,completed,2024,1,Saturday,Extra Large,True
638,247,2024-01-27 13:00:00,430.79,completed,2024,1,Saturday,Extra Large,True
639,963,2024-01-27 14:00:00,376.69,completed,2024,1,Saturday,Extra Large,False
640,76,2024-01-27 15:00:00,225.21,completed,2024,1,Saturday,Large,False
641,154,2024-01-27 16:00:00,309.17,completed,2024,1,Saturday,Extra Large,False
642,656,2024-01-27 17:00:00,88.58,completed,2024,1,Saturday,Medium,False
643,435,2024-01-27 18:00:00,340.09,completed,2024,1,Saturday,Extra Large,False
644,997,2024-01-27 19:00:00,97.83,completed,2024,1,Saturday,Medium,False
645,86,2024-01-27 20:00:00,350.04,completed,2024,1,Saturday,Extra Large,False
646,697,2024-01-27 21:00:00,122.5,completed,2024,1,Saturday,Medium,False
647,285,2024-01-27 22:00:00,67.6,completed,2024,1,Saturday,Medium,False
648,974,2024-01-27 23:00:00,90.99,completed,2024,1,Saturday,Medium,False
649,220,2024-01-28 00:00:00,10.98,completed,2024,1,Sunday,Small,False
650,69,2024-01-28 01:00:00,362.18,completed,2024,1,Sunday,Extra Large,False
651,47,2024-01-28 02:00:00,368.88,completed,2024,1,Sunday,Extra Large,False
652,94,2024-01-28 03:00:00,262.32,pending,2024,1,Sunday,Large,False
653,750,2024-01-28 04:00:00,89.07,completed,2024,1,Sunday,Medium,False
654,958,2024-01-28 05:00:00,50.94,completed,2024,1,Sunday,Medium,False
655,453,2024-01-28 06:00:00,19.37,pending,2024,1,Sunday,Small,False
656,204,2024-01-28 07:00:00,91.22,completed,2024,1,Sunday,Medium,False
657,912,2024-01-28 08:00:00,446.52,completed,2024,1,Sunday,Extra Large,True
658,218,2024-01-28 09:00:00,128.35,completed,2024,1,Sunday,Medium,False
659,474,2024-01-28 10:00:00,183.59,completed,2024,1,Sunday,Large,False
660,432,2024-01-28 11:00:00,61.62,completed,2024,1,Sunday,Medium,False
661,341,2024-01-28 12:00:00,118.96,completed,2024,1,Sunday,Medium,False
662,551,2024-01-28 13:00:00,264.42,completed,2024,1,Sunday,Large,False
663,612,2024-01-28 14:00:00,307.8,completed,2024,1,Sunday,Extra Large,False
664,289,2024-01-28 15:00:00,130.22,completed,2024,1,Sunday,Medium,False
665,254,2024-01-28 16:00:00,38.29,completed,2024,1,Sunday,Small,False
666,734,2024-01-28 17:00:00,201.61,completed,2024,1,Sunday,Large,False
667,357,2024-01-28 18:00:00,124.76,completed,2024,1,Sunday,Medium,False
668,23,2024-01-28 19:00:00,117.58,completed,2024,1,Sunday,Medium,False
669,762,2024-01-28 20:00:00,480.33,completed,2024,1,Sunday,Extra Large,True
670,522,2024-01-28 21:00:00,311.99,completed,2024,1,Sunday,Extra Large,False
671,758,2024-01-28 22:00:00,282.87,completed,2024,1,Sunday,Large,False
672,837,2024-01-28 23:00:00,213.73,completed,2024,1,Sunday,Large,False
673,100,2024-01-29 00:00:00,220.18,completed,2024,1,Monday,Large,False
674,802,2024-01-29 01:00:00,275.04,completed,2024,1,Monday,Large,False
675,180,2024-01-29 02:00:00,351.25,completed,2024,1,Monday,Extra Large,False
676,223,2024-01-29 03:00:00,354.05,completed,2024,1,Monday,Extra Large,False
677,906,2024-01-29 04:00:00,94.13,completed,2024,1,Monday,Medium,False
678,762,2024-01-29 05:00:00,255.06,completed,2024,1,Monday,Large,False
679,659,2024-01-29 06:00:00,211.86,completed,2024,1,Monday,Large,False
680,442,2024-01-29 07:00:00,436.56,pending,2024,1,Monday,Extra Large,True
681,608,2024-01-29 08:00:00,319.4,completed,2024,1,Monday,Extra Large,False
682,769,2024-01-29 09:00:00,270.93,pending,2024,1,Monday,Large,False
683,325,2024-01-29 10:00:00,66.54,cancelled,2024,1,Monday,Medium,False
684,516,2024-01-29 11:00:00,306.76,completed,2024,1,Monday,Extra Large,False
685,16,2024-01-29 12:00:00,67.43,completed,2024,1,Monday,Medium,False
686,792,2024-01-29 13:00:00,175.23,completed,2024,1,Monday,Large,False
687,336,2024-01-29 14:00:00,79.99,pending,2024,1,Monday,Medium,False
688,759,2024-01-29 15:00:00,349.12,completed,2024,1,Monday,Extra Large,False
689,258,2024-01-29 16:00:00,111.06,cancelled,2024,1,Monday,Medium,False
690,497,2024-01-29 17:00:00,202.01,completed,2024,1,Monday,Large,False
691,988,2024-01-29 18:00:00,448.88,completed,2024,1,Monday,Extra Large,True
692,896,2024-01-29 19:00:00,110.12,completed,2024,1,Monday,Medium,False
693,160,2024-01-29 20:00:00,258.82,completed,2024,1,Monday,Large,False
694,475,2024-01-29 21:00:00,215.44,completed,2024,1,Monday,Large,False
695,852,2024-01-29 22:00:00,18.88,completed,2024,1,Monday,Small,False
696,664,2024-01-29 23:00:00,398.45,pending,2024,1,Monday,Extra Large,False
697,908,2024-01-30 00:00:00,43.83,completed,2024,1,Tuesday,Small,False
698,690,2024-01-30 01:00:00,242.38,completed,2024,1,Tuesday,Large,False
699,675,2024-01-30 02:00:00,284.73,completed,2024,1,Tuesday,Large,False
700,380,2024-01-30 03:00:00,317.93,completed,2024,1,Tuesday,Extra Large,False
701,545,2024-01-30 04:00:00,347.43,completed,2024,1,Tuesday,Extra Large,False
702,929,2024-01-30 05:00:00,134.1,completed,2024,1,Tuesday,Medium,False
703,957,2024-01-30 06:00:00,14.89,completed,2024,1,Tuesday,Small,False
704,691,2024-01-30 07:00:00,364.49,completed,2024,1,Tuesday,Extra Large,False
705,427,2024-01-30 08:00:00,272.47,completed,2024,1,Tuesday,Large,False
706,613,2024-01-30 09:00:00,419.7,completed,2024,1,Tuesday,Extra Large,True
707,268,2024-01-30 10:00:00,412.48,completed,2024,1,Tuesday,Extra Large,True
708,835,2024-01-30 11:00:00,423.23,completed,2024,1,Tuesday,Extra Large,True
709,577,2024-01-30 12:00:00,247.7,completed,2024,1,Tuesday,Large,False
710,417,2024-01-30 13:00:00,173.48,completed,2024,1,Tuesday,Large,False
711,168,2024-01-30 14:00:00,397.86,completed,2024,1,Tuesday,Extra Large,False
712,842,2024-01-30 15:00:00,231.13,completed,2024,1,Tuesday,Large,False
713,43,2024-01-30 16:00:00,99.89,cancelled,2024,1,Tuesday,Medium,False
714,556,2024-01-30 17:00:00,428.94,pending,2024,1,Tuesday,Extra Large,True
715,285,2024-01-30 18:00:00,442.45,completed,2024,1,Tuesday,Extra Large,True
716,397,2024-01-30 19:00:00,238.49,completed,2024,1,Tuesday,Large,False
717,12,2024-01-30 20:00:00,47.09,pending,2024,1,Tuesday,Small,False
718,607,2024-01-30 21:00:00,200.03,completed,2024,1,Tuesday,Large,False
719,302,2024-01-30 22:00:00,403.73,completed,2024,1,Tuesday,Extra Large,True
720,898,2024-01-30 23:00:00,451.87,completed,2024,1,Tuesday,Extra Large,True
721,253,2024-01-31 00:00:00,109.7,completed,2024,1,Wednesday,Medium,False
722,499,2024-01-31 01:00:00,42.82,cancelled,2024,1,Wednesday,Small,False
723,754,2024-01-31 02:00:00,439.9,completed,2024,1,Wednesday,Extra Large,True
724,35,2024-01-31 03:00:00,200.81,completed,2024,1,Wednesday,Large,False
725,727,2024-01-31 04:00:00,275.46,completed,2024,1,Wednesday,Large,False
726,849,2024-01-31 05:00:00,484.35,completed,2024,1,Wednesday,Extra Large,True
727,90,2024-01-31 06:00:00,42.62,pending,2024,1,Wednesday,Small,False
728,776,2024-01-31 07:00:00,327.68,completed,2024,1,Wednesday,Extra Large,False
729,605,2024-01-31 08:00:00,46.31,completed,2024,1,Wednesday,Small,False
730,922,2024-01-31 09:00:00,193.98,completed,2024,1,Wednesday,Large,False
731,970,2024-01-31 10:00:00,403.87,pending,2024,1,Wednesday,Extra Large,True
732,602,2024-01-31 11:00:00,222.4,completed,2024,1,Wednesday,Large,False
733,418,2024-01-31 12:00:00,498.62,completed,2024,1,Wednesday,Extra Large,True
734,115,2024-01-31 13:00:00,283.94,completed,2024,1,Wednesday,Large,False
735,617,2024-01-31 14:00:00,167.37,completed,2024,1,Wednesday,Large,False
736,903,2024-01-31 15:00:00,117.85,completed,2024,1,Wednesday,Medium,False
737,196,2024-01-31 16:00:00,181.76,completed,2024,1,Wednesday,Large,False
738,826,2024-01-31 17:00:00,192.54,completed,2024,1,Wednesday,Large,False
739,501,2024-01-31 18:00:00,43.67,completed,2024,1,Wednesday,Small,False
740,626,2024-01-31 19:00:00,191.09,completed,2024,1,Wednesday,Large,False
741,493,2024-01-31 20:00:00,237.48,completed,2024,1,Wednesday,Large,False
742,75,2024-01-31 21:00:00,364.14,completed,2024,1,Wednesday,Extra Large,False
743,413,2024-01-31 22:00:00,331.8,completed,2024,1,Wednesday,Extra Large,False
744,376,2024-01-31 23:00:00,357.3,completed,2024,1,Wednesday,Extra Large,False
745,420,2024-02-01 00:00:00,14.1,completed,2024,2,Thursday,Small,False
746,729,2024-02-01 01:00:00,116.66,completed,2024,2,Thursday,Medium,False
747,277,2024-02-01 02:00:00,334.23,completed,2024,2,Thursday,Extra Large,False
748,761,2024-02-01 03:00:00,247.15,pending,2024,2,Thursday,Large,False
749,676,2024-02-01 04:00:00,12.6,completed,2024,2,Thursday,Small,False
750,394,2024-02-01 05:00:00,404.2,pending,2024,2,Thursday,Extra Large,True
751,869,2024-02-01 06:00:00,388.68,completed,2024,2,Thursday,Extra Large,False
752,457,2024-02-01 07:00:00,278.73,completed,2024,2,Thursday,Large,False
753,920,2024-02-01 08:00:00,42.57,completed,2024,2,Thursday,Small,False
754,192,2024-02-01 09:00:00,385.59,completed,2024,2,Thursday,Extra Large,False
755,739,2024-02-01 10:00:00,296.02,completed,2024,2,Thursday,Large,False
756,689,2024-02-01 11:00:00,393.16,completed,2024,2,Thursday,Extra Large,False
757,99,2024-02-01 12:00:00,378.36,pending,2024,2,Thursday,Extra Large,False
758,548,2024-02-01 13:00:00,403.47,completed,2024,2,Thursday,Extra Large,True
759,978,2024-02-01 14:00:00,263.82,pending,2024,2,Thursday,Large,False
760,999,2024-02-01 15:00:00,78.76,pending,2024,2,Thursday,Medium,False
761,96,2024-02-01 16:00:00,338.87,completed,2024,2,Thursday,Extra Large,False
762,664,2024-02-01 17:00:00,314.03,completed,2024,2,Thursday,Extra Large,False
763,663,2024-02-01 18:00:00,373.7,completed,2024,2,Thursday,Extra Large,False
764,190,2024-02-01 19:00:00,93.24,pending,2024,2,Thursday,Medium,False
765,736,2024-02-01 20:00:00,105.54,completed,2024,2,Thursday,Medium,False
766,37,2024-02-01 21:00:00,446.3,completed,2024,2,Thursday,Extra Large,True
767,780,2024-02-01 22:00:00,377.49,completed,2024,2,Thursday,Extra Large,False
768,369,2024-02-01 23:00:00,455.03,pending,2024,2,Thursday,Extra Large,True
769,695,2024-02-02 00:00:00,381.77,completed,2024,2,Friday,Extra Large,False
770,525,2024-02-02 01:00:00,302.61,completed,2024,2,Friday,Extra Large,False
771,279,2024-02-02 02:00:00,330.53,completed,2024,2,Friday,Extra Large,False
772,217,2024-02-02 03:00:00,445.67,pending,2024,2,Friday,Extra Large,True
773,867,2024-02-02 04:00:00,293.62,completed,2024,2,Friday,Large,False
774,873,2024-02-02 05:00:00,319.87,completed,2024,2,Friday,Extra Large,False
775,798,2024-02-02 06:00:00,86.67,completed,2024,2,Friday,Medium,False
776,273,2024-02-02 07:00:00,242.22,cancelled,2024,2,Friday,Large,False
777,881,2024-02-02 08:00:00,361.03,completed,2024,2,Friday,Extra Large,False
778,62,2024-02-02 09:00:00,142.76,pending,2024,2,Friday,Medium,False
779,596,2024-02-02 10:00:00,109.1,completed,2024,2,Friday,Medium,False
780,880,2024-02-02 11:00:00,163.78,completed,2024,2,Friday,Large,False
781,729,2024-02-02 12:00:00,128.34,completed,2024,2,Friday,Medium,False
782,342,2024-02-02 13:00:00,115.31,pending,2024,2,Friday,Medium,False
783,397,2024-02-02 14:00:00,218.18,completed,2024,2,Friday,Large,False
784,699,2024-02-02 15:00:00,454.84,pending,2024,2,Friday,Extra Large,True
785,19,2024-02-02 16:00:00,258.46,completed,2024,2,Friday,Large,False
786,177,2024-02-02 17:00:00,102.08,completed,2024,2,Friday,Medium,False
787,612,2024-02-02 18:00:00,47.72,completed,2024,2,Friday,Small,False
788,396,2024-02-02 19:00:00,351.12,completed,2024,2,Friday,Extra Large,False
789,445,2024-02-02 20:00:00,197.57,completed,2024,2,Friday,Large,False
790,233,2024-02-02 21:00:00,412.7,completed,2024,2,Friday,Extra Large,True
791,915,2024-02-02 22:00:00,333.16,completed,2024,2,Friday,Extra Large,False
792,76,2024-02-02 23:00:00,400.16,pending,2024,2,Friday,Extra Large,True
793,265,2024-02-03 00:00:00,143.25,completed,2024,2,Saturday,Medium,False
794,455,2024-02-03 01:00:00,349.26,completed,2024,2,Saturday,Extra Large,False
795,796,2024-02-03 02:00:00,139.39,completed,2024,2,Saturday,Medium,False
796,718,2024-02-03 03:00:00,470.14,completed,2024,2,Saturday,Extra Large,True
797,735,2024-02-03 04:00:00,321.82,completed,2024,2,Saturday,Extra Large,False
798,384,2024-02-03 05:00:00,169.01,completed,2024,2,Saturday,Large,False
799,564,2024-02-03 06:00:00,142.06,completed,2024,2,Saturday,Medium,False
800,851,2024-02-03 07:00:00,103.55,completed,2024,2,Saturday,Medium,False
801,506,2024-02-03 08:00:00,350.37,completed,2024,2,Saturday,Extra Large,False
802,367,2024-02-03 09:00:00,117.17,completed,2024,2,Saturday,Medium,False
803,144,2024-02-03 10:00:00,301.7,completed,2024,2,Saturday,Extra Large,False
804,885,2024-02-03 11:00:00,139.67,completed,2024,2,Saturday,Medium,False
805,69,2024-02-03 12:00:00,334.36,completed,2024,2,Saturday,Extra Large,False
806,99,2024-02-03 13:00:00,409.32,completed,2024,2,Saturday,Extra Large,True
807,396,2024-02-03 14:00:00,391.23,completed,2024,2,Saturday,Extra Large,False
808,25,2024-02-03 15:00:00,382.82,completed,2024,2,Saturday,Extra Large,False
809,948,2024-02-03 16:00:00,101.98,completed,2024,2,Saturday,Medium,False
810,891,2024-02-03 17:00:00,53.31,completed,2024,2,Saturday,Medium,False
811,469,2024-02-03 18:00:00,352.48,completed,2024,2,Saturday,Extra Large,False
812,484,2024-02-03 19:00:00,190.49,completed,2024,2,Saturday,Large,False
813,565,2024-02-03 20:00:00,221.85,completed,2024,2,Saturday,Large,False
814,151,2024-02-03 21:00:00,25.26,completed,2024,2,Saturday,Small,False
815,144,2024-02-03 22:00:00,137.19,pending,2024,2,Saturday,Medium,False
816,569,2024-02-03 23:00:00,26.5,completed,2024,2,Saturday,Small,False
817,39,2024-02-04 00:00:00,440.8,completed,2024,2,Sunday,Extra Large,True
818,109,2024-02-04 01:00:00,129.26,cancelled,2024,2,Sunday,Medium,False
819,693,2024-02-04 02:00:00,283.1,completed,2024,2,Sunday,Large,False
820,42,2024-02-04 03:00:00,29.1,completed,2024,2,Sunday,Small,False
821,186,2024-02-04 04:00:00,336.76,completed,2024,2,Sunday,Extra Large,False
822,935,2024-02-04 05:00:00,168.28,completed,2024,2,Sunday,Large,False
823,398,2024-02-04 06:00:00,449.98,completed,2024,2,Sunday,Extra Large,True
824,223,2024-02-04 07:00:00,445.18,cancelled,2024,2,Sunday,Extra Large,True
825,634,2024-02-04 08:00:00,169.39,completed,2024,2,Sunday,Large,False
826,133,2024-02-04 09:00:00,451.47,completed,2024,2,Sunday,Extra Large,True
827,163,2024-02-04 10:00:00,498.12,completed,2024,2,Sunday,Extra Large,True
828,215,2024-02-04 11:00:00,414.45,completed,2024,2,Sunday,Extra Large,True
829,733,2024-02-04 12:00:00,423.99,completed,2024,2,Sunday,Extra Large,True
830,235,2024-02-04 13:00:00,132.01,pending,2024,2,Sunday,Medium,False
831,843,2024-02-04 14:00:00,292.58,cancelled,2024,2,Sunday,Large,False
832,658,2024-02-04 15:00:00,42.96,completed,2024,2,Sunday,Small,False
833,751,2024-02-04 16:00:00,56.51,pending,2024,2,Sunday,Medium,False
834,588,2024-02-04 17:00:00,499.46,completed,2024,2,Sunday,Extra Large,True
835,9,2024-02-04 18:00:00,170.05,completed,2024,2,Sunday,Large,False
836,74,2024-02-04 19:00:00,376.61,completed,2024,2,Sunday,Extra Large,False
837,954,2024-02-04 20:00:00,405.27,completed,2024,2,Sunday,Extra Large,True
838,492,2024-02-04 21:00:00,430.43,completed,2024,2,Sunday,Extra Large,True
839,913,2024-02-04 22:00:00,498.84,completed,2024,2,Sunday,Extra Large,True
840,253,2024-02-04 23:00:00,128.33,completed,2024,2,Sunday,Medium,False
841,230,2024-02-05 00:00:00,29.77,completed,2024,2,Monday,Small,False
842,519,2024-02-05 01:00:00,211.48,completed,2024,2,Monday,Large,False
843,174,2024-02-05 02:00:00,73.74,cancelled,2024,2,Monday,Medium,False
844,653,2024-02-05 03:00:00,20.99,completed,2024,2,Monday,Small,False
845,168,2024-02-05 04:00:00,186.61,completed,2024,2,Monday,Large,False
846,170,2024-02-05 05:00:00,394.03,completed,2024,2,Monday,Extra Large,False
847,393,2024-02-05 06:00:00,287.43,completed,2024,2,Monday,Large,False
848,946,2024-02-05 07:00:00,163.26,completed,2024,2,Monday,Large,False
849,795,2024-02-05 08:00:00,330.63,completed,2024,2,Monday,Extra Large,False
850,634,2024-02-05 09:00:00,123.69,completed,2024,2,Monday,Medium,False
851,194,2024-02-05 10:00:00,17.05,completed,2024,2,Monday,Small,False
852,517,2024-02-05 11:00:00,384.53,completed,2024,2,Monday,Extra Large,False
853,29,2024-02-05 12:00:00,315.63,completed,2024,2,Monday,Extra Large,False
854,165,2024-02-05 13:00:00,383.53,completed,2024,2,Monday,Extra Large,False
855,422,2024-02-05 14:00:00,29.08,completed,2024,2,Monday,Small,False
856,339,2024-02-05 15:00:00,420.19,completed,2024,2,Monday,Extra Large,True
857,648,2024-02-05 16:00:00,313.57,completed,2024,2,Monday,Extra Large,False
858,496,2024-02-05 17:00:00,286.06,completed,2024,2,Monday,Large,False
859,365,2024-02-05 18:00:00,316.06,cancelled,2024,2,Monday,Extra Large,False
860,833,2024-02-05 19:00:00,433.57,completed,2024,2,Monday,Extra Large,True
861,342,2024-02-05 20:00:00,297.6,completed,2024,2,Monday,Large,False
862,500,2024-02-05 21:00:00,294.67,completed,2024,2,Monday,Large,False
863,657,2024-02-05 22:00:00,495.43,completed,2024,2,Monday,Extra Large,True
864,511,2024-02-05 23:00:00,380.8,completed,2024,2,Monday,Extra Large,False
865,327,2024-02-06 00:00:00,226.72,pending,2024,2,Tuesday,Large,False
866,217,2024-02-06 01:00:00,356.62,cancelled,2024,2,Tuesday,Extra Large,False
867,301,2024-02-06 02:00:00,200.72,completed,2024,2,Tuesday,Large,False
868,132,2024-02-06 03:00:00,122.15,completed,2024,2,Tuesday,Medium,False
869,804,2024-02-06 04:00:00,302.46,completed,2024,2,Tuesday,Extra Large,False
870,70,2024-02-06 05:00:00,464.81,completed,2024,2,Tuesday,Extra Large,True
871,252,2024-02-06 06:00:00,465.28,completed,2024,2,Tuesday,Extra Large,True
872,415,2024-02-06 07:00:00,177.53,completed,2024,2,Tuesday,Large,False
873,787,2024-02-06 08:00:00,268.56,completed,2024,2,Tuesday,Large,False
874,445,2024-02-06 09:00:00,113.7,completed,2024,2,Tuesday,Medium,False
875,876,2024-02-06 10:00:00,497.86,completed,2024,2,Tuesday,Extra Large,True
876,182,2024-02-06 11:00:00,490.75,completed,2024,2,Tuesday,Extra Large,True
877,167,2024-02-06 12:00:00,328.26,completed,2024,2,Tuesday,Extra Large,False
878,91,2024-02-06 13:00:00,404.16,completed,2024,2,Tuesday,Extra Large,True
879,714,2024-02-06 14:00:00,360.4,pending,2024,2,Tuesday,Extra Large,False
880,858,2024-02-06 15:00:00,300.65,completed,2024,2,Tuesday,Extra Large,False
881,531,2024-02-06 16:00:00,36.14,completed,2024,2,Tuesday,Small,False
882,39,2024-02-06 17:00:00,232.83,completed,2024,2,Tuesday,Large,False
883,126,2024-02-06 18:00:00,340.65,completed,2024,2,Tuesday,Extra Large,False
884,451,2024-02-06 19:00:00,341.99,completed,2024,2,Tuesday,Extra Large,False
885,173,2024-02-06 20:00:00,192.83,completed,2024,2,Tuesday,Large,False
886,653,2024-02-06 21:00:00,471.43,pending,2024,2,Tuesday,Extra Large,True
887,754,2024-02-06 22:00:00,92.0,completed,2024,2,Tuesday,Medium,False
888,220,2024-02-06 23:00:00,255.18,completed,2024,2,Tuesday,Large,False
889,638,2024-02-07 00:00:00,348.53,completed,2024,2,Wednesday,Extra Large,False
890,58,2024-02-07 01:00:00,351.6,cancelled,2024,2,Wednesday,Extra Large,False
891,660,2024-02-07 02:00:00,327.83,completed,2024,2,Wednesday,Extra Large,False
892,476,2024-02-07 03:00:00,144.89,cancelled,2024,2,Wednesday,Medium,False
893,456,2024-02-07 04:00:00,86.54,pending,2024,2,Wednesday,Medium,False
894,829,2024-02-07 05:00:00,321.61,completed,2024,2,Wednesday,Extra Large,False
895,895,2024-02-07 06:00:00,303.66,pending,2024,2,Wednesday,Extra Large,False
896,361,2024-02-07 07:00:00,97.88,cancelled,2024,2,Wednesday,Medium,False
897,935,2024-02-07 08:00:00,355.52,completed,2024,2,Wednesday,Extra Large,False
898,1,2024-02-07 09:00:00,233.03,completed,2024,2,Wednesday,Large,False
899,387,2024-02-07 10:00:00,337.2,completed,2024,2,Wednesday,Extra Large,False
900,973,2024-02-07 11:00:00,420.31,completed,2024,2,Wednesday,Extra Large,True
901,348,2024-02-07 12:00:00,93.17,completed,2024,2,Wednesday,Medium,False
902,190,2024-02-07 13:00:00,19.38,completed,2024,2,Wednesday,Small,False
903,505,2024-02-07 14:00:00,391.76,completed,2024,2,Wednesday,Extra Large,False
904,191,2024-02-07 15:00:00,308.75,completed,2024,2,Wednesday,Extra Large,False
905,508,2024-02-07 16:00:00,352.82,completed,2024,2,Wednesday,Extra Large,False
906,369,2024-02-07 17:00:00,420.7,pending,2024,2,Wednesday,Extra Large,True
907,409,2024-02-07 18:00:00,403.38,completed,2024,2,Wednesday,Extra Large,True
908,824,2024-02-07 19:00:00,480.85,completed,2024,2,Wednesday,Extra Large,True
909,929,2024-02-07 20:00:00,272.61,completed,2024,2,Wednesday,Large,False
910,934,2024-02-07 21:00:00,249.36,completed,2024,2,Wednesday,Large,False
911,117,2024-02-07 22:00:00,206.92,cancelled,2024,2,Wednesday,Large,False
912,134,2024-02-07 23:00:00,85.31,completed,2024,2,Wednesday,Medium,False
913,58,2024-02-08 00:00:00,290.58,completed,2024,2,Thursday,Large,False
914,556,2024-02-08 01:00:00,145.74,pending,2024,2,Thursday,Medium,False
915,685,2024-02-08 02:00:00,461.44,pending,2024,2,Thursday,Extra Large,True
916,672,2024-02-08 03:00:00,295.76,completed,2024,2,Thursday,Large,False
917,173,2024-02-08 04:00:00,300.49,completed,2024,2,Thursday,Extra Large,False
918,829,2024-02-08 05:00:00,183.91,completed,2024,2,Thursday,Large,False
919,815,2024-02-08 06:00:00,35.47,completed,2024,2,Thursday,Small,False
920,149,2024-02-08 07:00:00,25.55,completed,2024,2,Thursday,Small,False
921,80,2024-02-08 08:00:00,217.43,completed,2024,2,Thursday,Large,False
922,886,2024-02-08 09:00:00,51.44,pending,2024,2,Thursday,Medium,False
923,213,2024-02-08 10:00:00,307.36,completed,2024,2,Thursday,Extra Large,False
924,203,2024-02-08 11:00:00,441.68,completed,2024,2,Thursday,Extra Large,True
925,764,2024-02-08 12:00:00,442.63,pending,2024,2,Thursday,Extra Large,True
926,229,2024-02-08 13:00:00,332.93,completed,2024,2,Thursday,Extra Large,False
927,676,2024-02-08 14:00:00,113.5,cancelled,2024,2,Thursday,Medium,False
928,227,2024-02-08 15:00:00,432.87,cancelled,2024,2,Thursday,Extra Large,True
929,659,2024-02-08 16:00:00,444.19,completed,2024,2,Thursday,Extra Large,True
930,532,2024-02-08 17:00:00,106.36,completed,2024,2,Thursday,Medium,False
931,441,2024-02-08 18:00:00,371.34,completed,2024,2,Thursday,Extra Large,False
932,402,2024-02-08 19:00:00,150.39,completed,2024,2,Thursday,Large,False
933,47,2024-02-08 20:00:00,403.29,completed,2024,2,Thursday,Extra Large,True
934,233,2024-02-08 21:00:00,498.65,completed,2024,2,Thursday,Extra Large,True
935,305,2024-02-08 22:00:00,24.71,cancelled,2024,2,Thursday,Small,False
936,526,2024-02-08 23:00:00,449.71,completed,2024,2,Thursday,Extra Large,True
937,143,2024-02-09 00:00:00,315.09,completed,2024,2,Friday,Extra Large,False
938,415,2024-02-09 01:00:00,486.96,completed,2024,2,Friday,Extra Large,True
939,513,2024-02-09 02:00:00,237.85,completed,2024,2,Friday,Large,False
940,373,2024-02-09 03:00:00,425.22,pending,2024,2,Friday,Extra Large,True
941,566,2024-02-09 04:00:00,40.57,completed,2024,2,Friday,Small,False
942,886,2024-02-09 05:00:00,174.29,completed,2024,2,Friday,Large,False
943,259,2024-02-09 06:00:00,42.84,completed,2024,2,Friday,Small,False
944,656,2024-02-09 07:00:00,487.92,completed,2024,2,Friday,Extra Large,True
945,471,2024-02-09 08:00:00,410.32,completed,2024,2,Friday,Extra Large,True
946,953,2024-02-09 09:00:00,427.75,completed,2024,2,Friday,Extra Large,True
947,971,2024-02-09 10:00:00,469.6,completed,2024,2,Friday,Extra Large,True
948,12,2024-02-09 11:00:00,51.7,cancelled,2024,2,Friday,Medium,False
949,330,2024-02-09 12:00:00,198.94,pending,2024,2,Friday,Large,False
950,736,2024-02-09 13:00:00,44.81,completed,2024,2,Friday,Small,False
951,784,2024-02-09 14:00:00,113.29,pending,2024,2,Friday,Medium,False
952,968,2024-02-09 15:00:00,122.39,completed,2024,2,Friday,Medium,False
953,358,2024-02-09 16:00:00,239.86,completed,2024,2,Friday,Large,False
954,972,2024-02-09 17:00:00,141.6,completed,2024,2,Friday,Medium,False
955,408,2024-02-09 18:00:00,59.48,completed,2024,2,Friday,Medium,False
956,668,2024-02-09 19:00:00,92.07,completed,2024,2,Friday,Medium,False
957,373,2024-02-09 20:00:00,82.17,completed,2024,2,Friday,Medium,False
958,8,2024-02-09 21:00:00,486.81,completed,2024,2,Friday,Extra Large,True
959,122,2024-02-09 22:00:00,382.05,completed,2024,2,Friday,Extra Large,False
960,348,2024-02-09 23:00:00,484.2,completed,2024,2,Friday,Extra Large,True
961,676,2024-02-10 00:00:00,225.47,completed,2024,2,Saturday,Large,False
962,90,2024-02-10 01:00:00,146.4,pending,2024,2,Saturday,Medium,False
963,648,2024-02-10 02:00:00,401.16,completed,2024,2,Saturday,Extra Large,True
964,698,2024-02-10 03:00:00,169.86,completed,2024,2,Saturday,Large,False
965,316,2024-02-10 04:00:00,156.7,completed,2024,2,Saturday,Large,False
966,178,2024-02-10 05:00:00,123.93,completed,2024,2,Saturday,Medium,False
967,540,2024-02-10 06:00:00,73.54,completed,2024,2,Saturday,Medium,False
968,732,2024-02-10 07:00:00,135.67,completed,2024,2,Saturday,Medium,False
969,869,2024-02-10 08:00:00,184.11,pending,2024,2,Saturday,Large,False
970,41,2024-02-10 09:00:00,340.26,completed,2024,2,Saturday,Extra Large,False
971,740,2024-02-10 10:00:00,40.66,pending,2024,2,Saturday,Small,False
972,704,2024-02-10 11:00:00,113.15,completed,2024,2,Saturday,Medium,False
973,923,2024-02-10 12:00:00,406.42,completed,2024,2,Saturday,Extra Large,True
974,502,2024-02-10 13:00:00,81.99,pending,2024,2,Saturday,Medium,False
975,959,2024-02-10 14:00:00,177.9,completed,2024,2,Saturday,Large,False
976,145,2024-02-10 15:00:00,433.68,completed,2024,2,Saturday,Extra Large,True
977,201,2024-02-10 16:00:00,85.91,completed,2024,2,Saturday,Medium,False
978,929,2024-02-10 17:00:00,50.54,pending,2024,2,Saturday,Medium,False
979,724,2024-02-10 18:00:00,247.42,completed,2024,2,Saturday,Large,False
980,461,2024-02-10 19:00:00,158.19,completed,2024,2,Saturday,Large,False
981,732,2024-02-10 20:00:00,286.07,completed,2024,2,Saturday,Large,False
982,752,2024-02-10 21:00:00,403.86,pending,2024,2,Saturday,Extra Large,True
983,925,2024-02-10 22:00:00,77.2,completed,2024,2,Saturday,Medium,False
984,909,2024-02-10 23:00:00,294.54,completed,2024,2,Saturday,Large,False
985,558,2024-02-11 00:00:00,257.7,completed,2024,2,Sunday,Large,False
986,547,2024-02-11 01:00:00,80.6,completed,2024,2,Sunday,Medium,False
987,253,2024-02-11 02:00:00,315.76,completed,2024,2,Sunday,Extra Large,False
988,390,2024-02-11 03:00:00,144.08,completed,2024,2,Sunday,Medium,False
989,594,2024-02-11 04:00:00,249.04,completed,2024,2,Sunday,Large,False
990,883,2024-02-11 05:00:00,50.31,completed,2024,2,Sunday,Medium,False
991,256,2024-02-11 06:00:00,235.2,pending,2024,2,Sunday,Large,False
992,709,2024-02-11 07:00:00,160.17,completed,2024,2,Sunday,Large,False
993,815,2024-02-11 08:00:00,412.97,pending,2024,2,Sunday,Extra Large,True
994,921,2024-02-11 09:00:00,37.92,completed,2024,2,Sunday,Small,False
995,450,2024-02-11 10:00:00,215.12,pending,2024,2,Sunday,Large,False
996,10,2024-02-11 11:00:00,234.63,completed,2024,2,Sunday,Large,False
997,824,2024-02-11 12:00:00,365.25,completed,2024,2,Sunday,Extra Large,False
998,798,2024-02-11 13:00:00,291.4,pending,2024,2,Sunday,Large,False
999,242,2024-02-11 14:00:00,336.93,pending,2024,2,Sunday,Extra Large,False
1000,251,2024-02-11 15:00:00,390.75,completed,2024,2,Sunday,Extra Large,False
1001,877,2024-02-11 16:00:00,432.48,completed,2024,2,Sunday,Extra Large,True
1002,5,2024-02-11 17:00:00,163.8,completed,2024,2,Sunday,Large,False
1003,119,2024-02-11 18:00:00,273.63,completed,2024,2,Sunday,Large,False
1004,801,2024-02-11 19:00:00,421.65,completed,2024,2,Sunday,Extra Large,True
1005,374,2024-02-11 20:00:00,494.83,completed,2024,2,Sunday,Extra Large,True
1006,65,2024-02-11 21:00:00,445.86,pending,2024,2,Sunday,Extra Large,True
1007,146,2024-02-11 22:00:00,192.02,completed,2024,2,Sunday,Large,False
1008,224,2024-02-11 23:00:00,105.63,completed,2024,2,Sunday,Medium,False
1009,239,2024-02-12 00:00:00,249.8,completed,2024,2,Monday,Large,False
1010,177,2024-02-12 01:00:00,373.4,completed,2024,2,Monday,Extra Large,False
1011,779,2024-02-12 02:00:00,251.36,completed,2024,2,Monday,Large,False
1012,853,2024-02-12 03:00:00,246.76,completed,2024,2,Monday,Large,False
1013,282,2024-02-12 04:00:00,420.73,completed,2024,2,Monday,Extra Large,True
1014,63,2024-02-12 05:00:00,187.09,pending,2024,2,Monday,Large,False
1015,217,2024-02-12 06:00:00,431.3,completed,2024,2,Monday,Extra Large,True
1016,854,2024-02-12 07:00:00,209.33,completed,2024,2,Monday,Large,False
1017,827,2024-02-12 08:00:00,170.83,completed,2024,2,Monday,Large,False
1018,795,2024-02-12 09:00:00,232.46,pending,2024,2,Monday,Large,False
1019,689,2024-02-12 10:00:00,383.6,completed,2024,2,Monday,Extra Large,False
1020,461,2024-02-12 11:00:00,71.74,completed,2024,2,Monday,Medium,False
1021,929,2024-02-12 12:00:00,106.25,completed,2024,2,Monday,Medium,False
1022,610,2024-02-12 13:00:00,476.21,pending,2024,2,Monday,Extra Large,True
1023,105,2024-02-12 14:00:00,95.99,completed,2024,2,Monday,Medium,False
1024,99,2024-02-12 15:00:00,288.19,completed,2024,2,Monday,Large,False
1025,511,2024-02-12 16:00:00,293.86,pending,2024,2,Monday,Large,False
1026,385,2024-02-12 17:00:00,249.92,completed,2024,2,Monday,Large,False
1027,405,2024-02-12 18:00:00,325.93,completed,2024,2,Monday,Extra Large,False
1028,823,2024-02-12 19:00:00,122.62,completed,2024,2,Monday,Medium,False
1029,518,2024-02-12 20:00:00,280.8,completed,2024,2,Monday,Large,False
1030,476,2024-02-12 21:00:00,192.36,completed,2024,2,Monday,Large,False
1031,977,2024-02-12 22:00:00,334.22,completed,2024,2,Monday,Extra Large,False
1032,709,2024-02-12 23:00:00,79.2,completed,2024,2,Monday,Medium,False
1033,863,2024-02-13 00:00:00,289.73,completed,2024,2,Tuesday,Large,False
1034,645,2024-02-13 01:00:00,100.78,pending,2024,2,Tuesday,Medium,False
1035,870,2024-02-13 02:00:00,146.54,completed,2024,2,Tuesday,Medium,False
1036,771,2024-02-13 03:00:00,117.17,completed,2024,2,Tuesday,Medium,False
1037,437,2024-02-13 04:00:00,99.59,completed,2024,2,Tuesday,Medium,False
1038,23,2024-02-13 05:00:00,414.6,completed,2024,2,Tuesday,Extra Large,True
1039,997,2024-02-13 06:00:00,150.0,completed,2024,2,Tuesday,Medium,False
1040,565,2024-02-13 07:00:00,464.29,completed,2024,2,Tuesday,Extra Large,True
1041,677,2024-02-13 08:00:00,485.26,pending,2024,2,Tuesday,Extra Large,True
1042,714,2024-02-13 09:00:00,289.92,completed,2024,2,Tuesday,Large,False
1043,458,2024-02-13 10:00:00,80.07,pending,2024,2,Tuesday,Medium,False
1044,83,2024-02-13 11:00:00,193.53,cancelled,2024,2,Tuesday,Large,False
1045,145,2024-02-13 12:00:00,400.89,completed,2024,2,Tuesday,Extra Large,True
1046,85,2024-02-13 13:00:00,190.02,completed,2024,2,Tuesday,Large,False
1047,78,2024-02-13 14:00:00,52.64,cancelled,2024,2,Tuesday,Medium,False
1048,457,2024-02-13 15:00:00,282.82,cancelled,2024,2,Tuesday,Large,False
1049,878,2024-02-13 16:00:00,424.11,completed,2024,2,Tuesday,Extra Large,True
1050,1,2024-02-13 17:00:00,400.0,completed,2024,2,Tuesday,Extra Large,False
1051,51,2024-02-13 18:00:00,95.81,completed,2024,2,Tuesday,Medium,False
1052,685,2024-02-13 19:00:00,339.65,cancelled,2024,2,Tuesday,Extra Large,False
1053,717,2024-02-13 20:00:00,118.05,completed,2024,2,Tuesday,Medium,False
1054,772,2024-02-13 21:00:00,116.92,completed,2024,2,Tuesday,Medium,False
1055,446,2024-02-13 22:00:00,438.3,pending,2024,2,Tuesday,Extra Large,True
1056,449,2024-02-13 23:00:00,132.34,completed,2024,2,Tuesday,Medium,False
1057,881,2024-02-14 00:00:00,138.99,completed,2024,2,Wednesday,Medium,False
1058,488,2024-02-14 01:00:00,10.32,completed,2024,2,Wednesday,Small,False
1059,800,2024-02-14 02:00:00,436.63,pending,2024,2,Wednesday,Extra Large,True
1060,34,2024-02-14 03:00:00,398.37,completed,2024,2,Wednesday,Extra Large,False
1061,348,2024-02-14 04:00:00,317.39,completed,2024,2,Wednesday,Extra Large,False
1062,95,2024-02-14 05:00:00,377.63,completed,2024,2,Wednesday,Extra Large,False
1063,72,2024-02-14 06:00:00,84.5,completed,2024,2,Wednesday,Medium,False
1064,551,2024-02-14 07:00:00,234.58,completed,2024,2,Wednesday,Large,False
1065,154,2024-02-14 08:00:00,182.1,completed,2024,2,Wednesday,Large,False
1066,250,2024-02-14 09:00:00,55.95,completed,2024,2,Wednesday,Medium,False
1067,674,2024-02-14 10:00:00,248.2,pending,2024,2,Wednesday,Large,False
1068,438,2024-02-14 11:00:00,461.16,pending,2024,2,Wednesday,Extra Large,True
1069,118,2024-02-14 12:00:00,29.63,completed,2024,2,Wednesday,Small,False
1070,771,2024-02-14 13:00:00,152.82,completed,2024,2,Wednesday,Large,False
1071,891,2024-02-14 14:00:00,111.7,completed,2024,2,Wednesday,Medium,False
1072,306,2024-02-14 15:00:00,126.69,pending,2024,2,Wednesday,Medium,False
1073,268,2024-02-14 16:00:00,455.13,completed,2024,2,Wednesday,Extra Large,True
1074,961,2024-02-14 17:00:00,239.35,completed,2024,2,Wednesday,Large,False
1075,54,2024-02-14 18:00:00,238.49,completed,2024,2,Wednesday,Large,False
1076,236,2024-02-14 19:00:00,382.68,completed,2024,2,Wednesday,Extra Large,False
1077,389,2024-02-14 20:00:00,85.7,completed,2024,2,Wednesday,Medium,False
1078,990,2024-02-14 21:00:00,248.76,completed,2024,2,Wednesday,Large,False
1079,734,2024-02-14 22:00:00,220.69,completed,2024,2,Wednesday,Large,False
1080,763,2024-02-14 23:00:00,302.49,completed,2024,2,Wednesday,Extra Large,False
1081,825,2024-02-15 00:00:00,499.78,completed,2024,2,Thursday,Extra Large,True
1082,401,2024-02-15 01:00:00,387.03,completed,2024,2,Thursday,Extra Large,False
1083,624,2024-02-15 02:00:00,204.95,completed,2024,2,Thursday,Large,False
1084,767,2024-02-15 03:00:00,415.5,completed,2024,2,Thursday,Extra Large,True
1085,303,2024-02-15 04:00:00,93.65,completed,2024,2,Thursday,Medium,False
1086,919,2024-02-15 05:00:00,24.93,completed,2024,2,Thursday,Small,False
1087,207,2024-02-15 06:00:00,110.18,completed,2024,2,Thursday,Medium,False
1088,229,2024-02-15 07:00:00,176.8,completed,2024,2,Thursday,Large,False
1089,853,2024-02-15 08:00:00,260.18,completed,2024,2,Thursday,Large,False
1090,910,2024-02-15 09:00:00,311.41,completed,2024,2,Thursday,Extra Large,False
1091,578,2024-02-15 10:00:00,456.2,pending,2024,2,Thursday,Extra Large,True
1092,75,2024-02-15 11:00:00,259.83,completed,2024,2,Thursday,Large,False
1093,435,2024-02-15 12:00:00,255.63,completed,2024,2,Thursday,Large,False
1094,103,2024-02-15 13:00:00,34.62,completed,2024,2,Thursday,Small,False
1095,422,2024-02-15 14:00:00,27.11,completed,2024,2,Thursday,Small,False
1096,704,2024-02-15 15:00:00,280.07,completed,2024,2,Thursday,Large,False
1097,764,2024-02-15 16:00:00,224.71,completed,2024,2,Thursday,Large,False
1098,738,2024-02-15 17:00:00,421.2,completed,2024,2,Thursday,Extra Large,True
1099,806,2024-02-15 18:00:00,88.73,completed,2024,2,Thursday,Medium,False
1100,306,2024-02-15 19:00:00,22.24,completed,2024,2,Thursday,Small,False
1101,98,2024-02-15 20:00:00,230.03,pending,2024,2,Thursday,Large,False
1102,850,2024-02-15 21:00:00,126.36,pending,2024,2,Thursday,Medium,False
1103,798,2024-02-15 22:00:00,34.31,completed,2024,2,Thursday,Small,False
1104,335,2024-02-15 23:00:00,365.05,completed,2024,2,Thursday,Extra Large,False
1105,859,2024-02-16 00:00:00,64.68,completed,2024,2,Friday,Medium,False
1106,435,2024-02-16 01:00:00,308.08,completed,2024,2,Friday,Extra Large,False
1107,447,2024-02-16 02:00:00,147.71,completed,2024,2,Friday,Medium,False
1108,994,2024-02-16 03:00:00,95.01,completed,2024,2,Friday,Medium,False
1109,308,2024-02-16 04:00:00,196.08,completed,2024,2,Friday,Large,False
1110,249,2024-02-16 05:00:00,402.71,completed,2024,2,Friday,Extra Large,True
1111,166,2024-02-16 06:00:00,202.13,completed,2024,2,Friday,Large,False
1112,481,2024-02-16 07:00:00,377.88,completed,2024,2,Friday,Extra Large,False
1113,984,2024-02-16 08:00:00,71.49,pending,2024,2,Friday,Medium,False
1114,335,2024-02-16 09:00:00,388.66,completed,2024,2,Friday,Extra Large,False
1115,542,2024-02-16 10:00:00,126.1,completed,2024,2,Friday,Medium,False
1116,759,2024-02-16 11:00:00,341.92,completed,2024,2,Friday,Extra Large,False
1117,106,2024-02-16 12:00:00,287.23,completed,2024,2,Friday,Large,False
1118,563,2024-02-16 13:00:00,465.28,completed,2024,2,Friday,Extra Large,True
1119,81,2024-02-16 14:00:00,199.79,completed,2024,2,Friday,Large,False
1120,133,2024-02-16 15:00:00,42.42,completed,2024,2,Friday,Small,False
1121,797,2024-02-16 16:00:00,19.39,completed,2024,2,Friday,Small,False
1122,900,2024-02-16 17:00:00,415.16,completed,2024,2,Friday,Extra Large,True
1123,138,2024-02-16 18:00:00,267.12,completed,2024,2,Friday,Large,False
1124,184,2024-02-16 19:00:00,389.87,completed,2024,2,Friday,Extra Large,False
1125,401,2024-02-16 20:00:00,124.87,completed,2024,2,Friday,Medium,False
1126,330,2024-02-16 21:00:00,179.09,completed,2024,2,Friday,Large,False
1127,785,2024-02-16 22:00:00,24.75,completed,2024,2,Friday,Small,False
1128,508,2024-02-16 23:00:00,481.13,cancelled,2024,2,Friday,Extra Large,True
1129,852,2024-02-17 00:00:00,337.26,completed,2024,2,Saturday,Extra Large,False
1130,984,2024-02-17 01:00:00,467.27,completed,2024,2,Saturday,Extra Large,True
1131,69,2024-02-17 02:00:00,140.09,completed,2024,2,Saturday,Medium,False
1132,546,2024-02-17 03:00:00,309.62,pending,2024,2,Saturday,Extra Large,False
1133,774,2024-02-17 04:00:00,342.46,pending,2024,2,Saturday,Extra Large,False
1134,53,2024-02-17 05:00:00,165.6,completed,2024,2,Saturday,Large,False
1135,450,2024-02-17 06:00:00,425.57,completed,2024,2,Saturday,Extra Large,True
1136,205,2024-02-17 07:00:00,474.11,completed,2024,2,Saturday,Extra Large,True
1137,126,2024-02-17 08:00:00,443.58,completed,2024,2,Saturday,Extra Large,True
1138,747,2024-02-17 09:00:00,372.14,completed,2024,2,Saturday,Extra Large,False
1139,43,2024-02-17 10:00:00,145.96,completed,2024,2,Saturday,Medium,False
1140,752,2024-02-17 11:00:00,147.99,completed,2024,2,Saturday,Medium,False
1141,971,2024-02-17 12:00:00,482.05,completed,2024,2,Saturday,Extra Large,True
1142,883,2024-02-17 13:00:00,15.04,pending,2024,2,Saturday,Small,False
1143,111,2024-02-17 14:00:00,360.86,completed,2024,2,Saturday,Extra Large,False
1144,761,2024-02-17 15:00:00,356.06,completed,2024,2,Saturday,Extra Large,False
1145,663,2024-02-17 16:00:00,315.12,completed,2024,2,Saturday,Extra Large,False
1146,183,2024-02-17 17:00:00,495.15,pending,2024,2,Saturday,Extra Large,True
1147,848,2024-02-17 18:00:00,162.82,pending,2024,2,Saturday,Large,False
1148,95,2024-02-17 19:00:00,176.59,completed,2024,2,Saturday,Large,False
1149,971,2024-02-17 20:00:00,48.68,completed,2024,2,Saturday,Small,False
1150,374,2024-02-17 21:00:00,226.97,pending,2024,2,Saturday,Large,False
1151,912,2024-02-17 22:00:00,137.91,completed,2024,2,Saturday,Medium,False
1152,520,2024-02-17 23:00:00,178.26,completed,2024,2,Saturday,Large,False
1153,900,2024-02-18 00:00:00,418.94,completed,2024,2,Sunday,Extra Large,True
1154,360,2024-02-18 01:00:00,468.39,completed,2024,2,Sunday,Extra Large,True
1155,900,2024-02-18 02:00:00,101.01,completed,2024,2,Sunday,Medium,False
1156,696,2024-02-18 03:00:00,192.53,pending,2024,2,Sunday,Large,False
1157,281,2024-02-18 04:00:00,465.03,completed,2024,2,Sunday,Extra Large,True
1158,195,2024-02-18 05:00:00,40.29,completed,2024,2,Sunday,Small,False
1159,864,2024-02-18 06:00:00,55.26,completed,2024,2,Sunday,Medium,False
1160,195,2024-02-18 07:00:00,89.77,completed,2024,2,Sunday,Medium,False
1161,667,2024-02-18 08:00:00,301.65,completed,2024,2,Sunday,Extra Large,False
1162,93,2024-02-18 09:00:00,83.73,completed,2024,2,Sunday,Medium,False
1163,672,2024-02-18 10:00:00,484.36,completed,2024,2,Sunday,Extra Large,True
1164,946,2024-02-18 11:00:00,228.89,completed,2024,2,Sunday,Large,False
1165,61,2024-02-18 12:00:00,255.74,completed,2024,2,Sunday,Large,False
1166,634,2024-02-18 13:00:00,130.86,completed,2024,2,Sunday,Medium,False
1167,51,2024-02-18 14:00:00,240.77,cancelled,2024,2,Sunday,Large,False
1168,403,2024-02-18 15:00:00,334.34,completed,2024,2,Sunday,Extra Large,False
1169,789,2024-02-18 16:00:00,378.08,completed,2024,2,Sunday,Extra Large,False
1170,5,2024-02-18 17:00:00,379.4,completed,2024,2,Sunday,Extra Large,False
1171,466,2024-02-18 18:00:00,293.17,completed,2024,2,Sunday,Large,False
1172,604,2024-02-18 19:00:00,453.14,completed,2024,2,Sunday,Extra Large,True
1173,682,2024-02-18 20:00:00,410.53,completed,2024,2,Sunday,Extra Large,True
1174,829,2024-02-18 21:00:00,380.95,completed,2024,2,Sunday,Extra Large,False
1175,534,2024-02-18 22:00:00,37.25,completed,2024,2,Sunday,Small,False
1176,405,2024-02-18 23:00:00,13.37,completed,2024,2,Sunday,Small,False
1177,838,2024-02-19 00:00:00,114.1,completed,2024,2,Monday,Medium,False
1178,513,2024-02-19 01:00:00,335.13,completed,2024,2,Monday,Extra Large,False
1179,645,2024-02-19 02:00:00,211.49,completed,2024,2,Monday,Large,False
1180,233,2024-02-19 03:00:00,207.18,completed,2024,2,Monday,Large,False
1181,524,2024-02-19 04:00:00,443.45,completed,2024,2,Monday,Extra Large,True
1182,346,2024-02-19 05:00:00,448.83,completed,2024,2,Monday,Extra Large,True
1183,46,2024-02-19 06:00:00,455.5,completed,2024,2,Monday,Extra Large,True
1184,546,2024-02-19 07:00:00,163.8,completed,2024,2,Monday,Large,False
1185,945,2024-02-19 08:00:00,348.62,completed,2024,2,Monday,Extra Large,False
1186,78,2024-02-19 09:00:00,143.1,cancelled,2024,2,Monday,Medium,False
1187,730,2024-02-19 10:00:00,103.4,pending,2024,2,Monday,Medium,False
1188,813,2024-02-19 11:00:00,100.47,completed,2024,2,Monday,Medium,False
1189,923,2024-02-19 12:00:00,177.63,completed,2024,2,Monday,Large,False
1190,73,2024-02-19 13:00:00,220.68,completed,2024,2,Monday,Large,False
1191,794,2024-02-19 14:00:00,417.17,completed,2024,2,Monday,Extra Large,True
1192,249,2024-02-19 15:00:00,68.75,completed,2024,2,Monday,Medium,False
1193,47,2024-02-19 16:00:00,370.11,completed,2024,2,Monday,Extra Large,False
1194,121,2024-02-19 17:00:00,270.41,completed,2024,2,Monday,Large,False
1195,214,2024-02-19 18:00:00,151.09,pending,2024,2,Monday,Large,False
1196,239,2024-02-19 19:00:00,251.48,completed,2024,2,Monday,Large,False
1197,56,2024-02-19 20:00:00,156.97,pending,2024,2,Monday,Large,False
1198,350,2024-02-19 21:00:00,302.08,completed,2024,2,Monday,Extra Large,False
1199,107,2024-02-19 22:00:00,222.58,completed,2024,2,Monday,Large,False
1200,831,2024-02-19 23:00:00,90.56,completed,2024,2,Monday,Medium,False
1201,48,2024-02-20 00:00:00,67.13,completed,2024,2,Tuesday,Medium,False
1202,573,2024-02-20 01:00:00,277.88,completed,2024,2,Tuesday,Large,False
1203,337,2024-02-20 02:00:00,452.18,completed,2024,2,Tuesday,Extra Large,True
1204,26,2024-02-20 03:00:00,178.54,completed,2024,2,Tuesday,Large,False
1205,804,2024-02-20 04:00:00,369.17,completed,2024,2,Tuesday,Extra Large,False
1206,257,2024-02-20 05:00:00,332.74,pending,2024,2,Tuesday,Extra Large,False
1207,8,2024-02-20 06:00:00,466.46,completed,2024,2,Tuesday,Extra Large,True
1208,625,2024-02-20 07:00:00,412.28,cancelled,2024,2,Tuesday,Extra Large,True
1209,867,2024-02-20 08:00:00,287.64,completed,2024,2,Tuesday,Large,False
1210,253,2024-02-20 09:00:00,331.94,completed,2024,2,Tuesday,Extra Large,False
1211,692,2024-02-20 10:00:00,450.21,completed,2024,2,Tuesday,Extra Large,True
1212,719,2024-02-20 11:00:00,205.76,completed,2024,2,Tuesday,Large,False
1213,303,2024-02-20 12:00:00,170.13,pending,2024,2,Tuesday,Large,False
1214,639,2024-02-20 13:00:00,15.3,completed,2024,2,Tuesday,Small,False
1215,56,2024-02-20 14:00:00,415.01,completed,2024,2,Tuesday,Extra Large,True
1216,726,2024-02-20 15:00:00,402.48,completed,2024,2,Tuesday,Extra Large,True
1217,526,2024-02-20 16:00:00,61.18,completed,2024,2,Tuesday,Medium,False
1218,474,2024-02-20 17:00:00,292.66,completed,2024,2,Tuesday,Large,False
1219,28,2024-02-20 18:00:00,237.35,completed,2024,2,Tuesday,Large,False
1220,983,2024-02-20 19:00:00,68.17,completed,2024,2,Tuesday,Medium,False
1221,78,2024-02-20 20:00:00,490.48,completed,2024,2,Tuesday,Extra Large,True
1222,216,2024-02-20 21:00:00,115.2,pending,2024,2,Tuesday,Medium,False
1223,386,2024-02-20 22:00:00,42.94,completed,2024,2,Tuesday,Small,False
1224,365,2024-02-20 23:00:00,301.48,completed,2024,2,Tuesday,Extra Large,False
1225,666,2024-02-21 00:00:00,372.04,completed,2024,2,Wednesday,Extra Large,False
1226,526,2024-02-21 01:00:00,25.9,completed,2024,2,Wednesday,Small,False
1227,699,2024-02-21 02:00:00,332.77,completed,2024,2,Wednesday,Extra Large,False
1228,312,2024-02-21 03:00:00,270.82,completed,2024,2,Wednesday,Large,False
1229,883,2024-02-21 04:00:00,60.6,completed,2024,2,Wednesday,Medium,False
1230,7,2024-02-21 05:00:00,94.54,completed,2024,2,Wednesday,Medium,False
1231,3,2024-02-21 06:00:00,288.31,completed,2024,2,Wednesday,Large,False
1232,623,2024-02-21 07:00:00,155.22,completed,2024,2,Wednesday,Large,False
1233,919,2024-02-21 08:00:00,469.77,completed,2024,2,Wednesday,Extra Large,True
1234,750,2024-02-21 09:00:00,411.18,completed,2024,2,Wednesday,Extra Large,True
1235,363,2024-02-21 10:00:00,491.95,cancelled,2024,2,Wednesday,Extra Large,True
1236,751,2024-02-21 11:00:00,137.24,completed,2024,2,Wednesday,Medium,False
1237,508,2024-02-21 12:00:00,485.16,pending,2024,2,Wednesday,Extra Large,True
1238,274,2024-02-21 13:00:00,221.3,completed,2024,2,Wednesday,Large,False
1239,506,2024-02-21 14:00:00,180.28,completed,2024,2,Wednesday,Large,False
1240,806,2024-02-21 15:00:00,34.67,completed,2024,2,Wednesday,Small,False
1241,739,2024-02-21 16:00:00,35.85,completed,2024,2,Wednesday,Small,False
1242,883,2024-02-21 17:00:00,349.09,completed,2024,2,Wednesday,Extra Large,False
1243,15,2024-02-21 18:00:00,234.39,completed,2024,2,Wednesday,Large,False
1244,192,2024-02-21 19:00:00,121.0,pending,2024,2,Wednesday,Medium,False
1245,985,2024-02-21 20:00:00,310.85,completed,2024,2,Wednesday,Extra Large,False
1246,631,2024-02-21 21:00:00,133.9,completed,2024,2,Wednesday,Medium,False
1247,485,2024-02-21 22:00:00,293.04,completed,2024,2,Wednesday,Large,False
1248,28,2024-02-21 23:00:00,186.01,completed,2024,2,Wednesday,Large,False
1249,714,2024-02-22 00:00:00,413.54,completed,2024,2,Thursday,Extra Large,True
1250,39,2024-02-22 01:00:00,412.14,completed,2024,2,Thursday,Extra Large,True
1251,953,2024-02-22 02:00:00,243.9,completed,2024,2,Thursday,Large,False
1252,273,2024-02-22 03:00:00,181.9,completed,2024,2,Thursday,Large,False
1253,231,2024-02-22 04:00:00,187.65,cancelled,2024,2,Thursday,Large,False
1254,86,2024-02-22 05:00:00,404.8,completed,2024,2,Thursday,Extra Large,True
1255,474,2024-02-22 06:00:00,170.81,completed,2024,2,Thursday,Large,False
1256,126,2024-02-22 07:00:00,112.44,pending,2024,2,Thursday,Medium,False
1257,812,2024-02-22 08:00:00,51.5,completed,2024,2,Thursday,Medium,False
1258,537,2024-02-22 09:00:00,238.68,completed,2024,2,Thursday,Large,False
1259,145,2024-02-22 10:00:00,246.24,completed,2024,2,Thursday,Large,False
1260,525,2024-02-22 11:00:00,422.05,completed,2024,2,Thursday,Extra Large,True
1261,212,2024-02-22 12:00:00,118.41,completed,2024,2,Thursday,Medium,False
1262,25,2024-02-22 13:00:00,196.69,completed,2024,2,Thursday,Large,False
1263,580,2024-02-22 14:00:00,406.12,completed,2024,2,Thursday,Extra Large,True
1264,394,2024-02-22 15:00:00,413.58,completed,2024,2,Thursday,Extra Large,True
1265,67,2024-02-22 16:00:00,198.46,completed,2024,2,Thursday,Large,False
1266,233,2024-02-22 17:00:00,234.97,pending,2024,2,Thursday,Large,False
1267,109,2024-02-22 18:00:00,158.61,completed,2024,2,Thursday,Large,False
1268,146,2024-02-22 19:00:00,466.95,completed,2024,2,Thursday,Extra Large,True
1269,111,2024-02-22 20:00:00,68.14,completed,2024,2,Thursday,Medium,False
1270,228,2024-02-22 21:00:00,467.54,pending,2024,2,Thursday,Extra Large,True
1271,111,2024-02-22 22:00:00,345.09,completed,2024,2,Thursday,Extra Large,False
1272,470,2024-02-22 23:00:00,270.47,completed,2024,2,Thursday,Large,False
1273,34,2024-02-23 00:00:00,26.0,pending,2024,2,Friday,Small,False
1274,623,2024-02-23 01:00:00,243.04,completed,2024,2,Friday,Large,False
1275,776,2024-02-23 02:00:00,209.8,pending,2024,2,Friday,Large,False
1276,936,2024-02-23 03:00:00,89.0,completed,2024,2,Friday,Medium,False
1277,369,2024-02-23 04:00:00,331.64,completed,2024,2,Friday,Extra Large,False
1278,748,2024-02-23 05:00:00,485.86,pending,2024,2,Friday,Extra Large,True
1279,595,2024-02-23 06:00:00,285.47,completed,2024,2,Friday,Large,False
1280,554,2024-02-23 07:00:00,360.23,completed,2024,2,Friday,Extra Large,False
1281,425,2024-02-23 08:00:00,43.54,completed,2024,2,Friday,Small,False
1282,613,2024-02-23 09:00:00,214.66,pending,2024,2,Friday,Large,False
1283,518,2024-02-23 10:00:00,67.02,completed,2024,2,Friday,Medium,False
1284,692,2024-02-23 11:00:00,310.27,completed,2024,2,Friday,Extra Large,False
1285,282,2024-02-23 12:00:00,469.86,completed,2024,2,Friday,Extra Large,True
1286,320,2024-02-23 13:00:00,334.27,completed,2024,2,Friday,Extra Large,False
1287,738,2024-02-23 14:00:00,47.63,completed,2024,2,Friday,Small,False
1288,443,2024-02-23 15:00:00,183.79,completed,2024,2,Friday,Large,False
1289,952,2024-02-23 16:00:00,279.83,completed,2024,2,Friday,Large,False
1290,315,2024-02-23 17:00:00,207.57,completed,2024,2,Friday,Large,False
1291,877,2024-02-23 18:00:00,418.49,completed,2024,2,Friday,Extra Large,True
1292,966,2024-02-23 19:00:00,409.19,completed,2024,2,Friday,Extra Large,True
1293,741,2024-02-23 20:00:00,309.8,pending,2024,2,Friday,Extra Large,False
1294,377,2024-02-23 21:00:00,192.99,pending,2024,2,Friday,Large,False
1295,289,2024-02-23 22:00:00,135.11,completed,2024,2,Friday,Medium,False
1296,437,2024-02-23 23:00:00,61.88,completed,2024,2,Friday,Medium,False
1297,662,2024-02-24 00:00:00,183.9,completed,2024,2,Saturday,Large,False
1298,277,2024-02-24 01:00:00,212.45,completed,2024,2,Saturday,Large,False
1299,710,2024-02-24 02:00:00,341.15,completed,2024,2,Saturday,Extra Large,False
1300,582,2024-02-24 03:00:00,332.5,completed,2024,2,Saturday,Extra Large,False
1301,503,2024-02-24 04:00:00,44.35,completed,2024,2,Saturday,Small,False
1302,624,2024-02-24 05:00:00,203.68,pending,2024,2,Saturday,Large,False
1303,516,2024-02-24 06:00:00,99.07,completed,2024,2,Saturday,Medium,False
1304,350,2024-02-24 07:00:00,86.84,completed,2024,2,Saturday,Medium,False
1305,843,2024-02-24 08:00:00,415.38,completed,2024,2,Saturday,Extra Large,True
1306,446,2024-02-24 09:00:00,30.54,pending,2024,2,Saturday,Small,False
1307,830,2024-02-24 10:00:00,215.4,completed,2024,2,Saturday,Large,False
1308,350,2024-02-24 11:00:00,92.42,completed,2024,2,Saturday,Medium,False
1309,607,2024-02-24 12:00:00,440.87,completed,2024,2,Saturday,Extra Large,True
1310,664,2024-02-24 13:00:00,282.95,completed,2024,2,Saturday,Large,False
1311,823,2024-02-24 14:00:00,123.38,completed,2024,2,Saturday,Medium,False
1312,137,2024-02-24 15:00:00,256.19,completed,2024,2,Saturday,Large,False
1313,759,2024-02-24 16:00:00,368.43,completed,2024,2,Saturday,Extra Large,False
1314,899,2024-02-24 17:00:00,479.48,completed,2024,2,Saturday,Extra Large,True
1315,243,2024-02-24 18:00:00,118.02,completed,2024,2,Saturday,Medium,False
1316,543,2024-02-24 19:00:00,444.23,pending,2024,2,Saturday,Extra Large,True
1317,40,2024-02-24 20:00:00,467.81,completed,2024,2,Saturday,Extra Large,True
1318,229,2024-02-24 21:00:00,459.05,completed,2024,2,Saturday,Extra Large,True
1319,548,2024-02-24 22:00:00,321.35,completed,2024,2,Saturday,Extra Large,False
1320,920,2024-02-24 23:00:00,318.61,completed,2024,2,Saturday,Extra Large,False
1321,223,2024-02-25 00:00:00,207.57,completed,2024,2,Sunday,Large,False
1322,6,2024-02-25 01:00:00,378.67,completed,2024,2,Sunday,Extra Large,False
1323,322,2024-02-25 02:00:00,270.33,pending,2024,2,Sunday,Large,False
1324,468,2024-02-25 03:00:00,341.94,cancelled,2024,2,Sunday,Extra Large,False
1325,732,2024-02-25 04:00:00,219.94,completed,2024,2,Sunday,Large,False
1326,75,2024-02-25 05:00:00,368.43,completed,2024,2,Sunday,Extra Large,False
1327,4,2024-02-25 06:00:00,413.99,completed,2024,2,Sunday,Extra Large,True
1328,847,2024-02-25 07:00:00,81.75,completed,2024,2,Sunday,Medium,False
1329,646,2024-02-25 08:00:00,418.14,completed,2024,2,Sunday,Extra Large,True
1330,118,2024-02-25 09:00:00,274.75,completed,2024,2,Sunday,Large,False
1331,881,2024-02-25 10:00:00,423.89,pending,2024,2,Sunday,Extra Large,True
1332,606,2024-02-25 11:00:00,221.34,completed,2024,2,Sunday,Large,False
1333,504,2024-02-25 12:00:00,195.73,pending,2024,2,Sunday,Large,False
1334,998,2024-02-25 13:00:00,458.38,completed,2024,2,Sunday,Extra Large,True
1335,947,2024-02-25 14:00:00,133.07,completed,2024,2,Sunday,Medium,False
1336,574,2024-02-25 15:00:00,423.66,completed,2024,2,Sunday,Extra Large,True
1337,441,2024-02-25 16:00:00,247.17,completed,2024,2,Sunday,Large,False
1338,194,2024-02-25 17:00:00,261.91,completed,2024,2,Sunday,Large,False
1339,847,2024-02-25 18:00:00,161.15,completed,2024,2,Sunday,Large,False
1340,715,2024-02-25 19:00:00,290.79,completed,2024,2,Sunday,Large,False
1341,392,2024-02-25 20:00:00,169.35,cancelled,2024,2,Sunday,Large,False
1342,26,2024-02-25 21:00:00,29.24,completed,2024,2,Sunday,Small,False
1343,435,2024-02-25 22:00:00,143.28,completed,2024,2,Sunday,Medium,False
1344,173,2024-02-25 23:00:00,13.13,pending,2024,2,Sunday,Small,False
1345,300,2024-02-26 00:00:00,489.39,completed,2024,2,Monday,Extra Large,True
1346,645,2024-02-26 01:00:00,483.22,completed,2024,2,Monday,Extra Large,True
1347,326,2024-02-26 02:00:00,203.63,completed,2024,2,Monday,Large,False
1348,410,2024-02-26 03:00:00,366.9,completed,2024,2,Monday,Extra Large,False
1349,118,2024-02-26 04:00:00,179.44,pending,2024,2,Monday,Large,False
1350,836,2024-02-26 05:00:00,338.84,completed,2024,2,Monday,Extra Large,False
1351,787,2024-02-26 06:00:00,404.66,completed,2024,2,Monday,Extra Large,True
1352,724,2024-02-26 07:00:00,473.91,completed,2024,2,Monday,Extra Large,True
1353,225,2024-02-26 08:00:00,206.1,completed,2024,2,Monday,Large,False
1354,532,2024-02-26 09:00:00,393.82,completed,2024,2,Monday,Extra Large,False
1355,113,2024-02-26 10:00:00,140.3,pending,2024,2,Monday,Medium,False
1356,140,2024-02-26 11:00:00,495.26,completed,2024,2,Monday,Extra Large,True
1357,559,2024-02-26 12:00:00,22.63,completed,2024,2,Monday,Small,False
1358,1,2024-02-26 13:00:00,305.73,completed,2024,2,Monday,Extra Large,False
1359,90,2024-02-26 14:00:00,333.16,completed,2024,2,Monday,Extra Large,False
1360,654,2024-02-26 15:00:00,347.14,completed,2024,2,Monday,Extra Large,False
1361,320,2024-02-26 16:00:00,68.99,cancelled,2024,2,Monday,Medium,False
1362,550,2024-02-26 17:00:00,469.88,completed,2024,2,Monday,Extra Large,True
1363,805,2024-02-26 18:00:00,98.78,completed,2024,2,Monday,Medium,False
1364,894,2024-02-26 19:00:00,315.15,completed,2024,2,Monday,Extra Large,False
1365,139,2024-02-26 20:00:00,119.11,completed,2024,2,Monday,Medium,False
1366,511,2024-02-26 21:00:00,160.54,completed,2024,2,Monday,Large,False
1367,868,2024-02-26 22:00:00,277.76,completed,2024,2,Monday,Large,False
1368,845,2024-02-26 23:00:00,214.42,completed,2024,2,Monday,Large,False
1369,259,2024-02-27 00:00:00,88.51,pending,2024,2,Tuesday,Medium,False
1370,673,2024-02-27 01:00:00,93.76,completed,2024,2,Tuesday,Medium,False
1371,902,2024-02-27 02:00:00,214.89,completed,2024,2,Tuesday,Large,False
1372,690,2024-02-27 03:00:00,381.07,completed,2024,2,Tuesday,Extra Large,False
1373,10,2024-02-27 04:00:00,450.0,completed,2024,2,Tuesday,Extra Large,True
1374,261,2024-02-27 05:00:00,51.22,pending,2024,2,Tuesday,Medium,False
1375,919,2024-02-27 06:00:00,202.62,pending,2024,2,Tuesday,Large,False
1376,650,2024-02-27 07:00:00,59.12,completed,2024,2,Tuesday,Medium,False
1377,172,2024-02-27 08:00:00,18.13,pending,2024,2,Tuesday,Small,False
1378,898,2024-02-27 09:00:00,334.24,completed,2024,2,Tuesday,Extra Large,False
1379,13,2024-02-27 10:00:00,305.2,pending,2024,2,Tuesday,Extra Large,False
1380,168,2024-02-27 11:00:00,89.88,completed,2024,2,Tuesday,Medium,False
1381,642,2024-02-27 12:00:00,124.57,completed,2024,2,Tuesday,Medium,False
1382,596,2024-02-27 13:00:00,21.62,completed,2024,2,Tuesday,Small,False
1383,321,2024-02-27 14:00:00,419.12,pending,2024,2,Tuesday,Extra Large,True
1384,319,2024-02-27 15:00:00,487.6,completed,2024,2,Tuesday,Extra Large,True
1385,613,2024-02-27 16:00:00,76.38,completed,2024,2,Tuesday,Medium,False
1386,329,2024-02-27 17:00:00,123.42,completed,2024,2,Tuesday,Medium,False
1387,785,2024-02-27 18:00:00,435.52,completed,2024,2,Tuesday,Extra Large,True
1388,777,2024-02-27 19:00:00,463.97,completed,2024,2,Tuesday,Extra Large,True
1389,971,2024-02-27 20:00:00,215.62,pending,2024,2,Tuesday,Large,False
1390,911,2024-02-27 21:00:00,34.81,completed,2024,2,Tuesday,Small,False
1391,920,2024-02-27 22:00:00,29.3,pending,2024,2,Tuesday,Small,False
1392,550,2024-02-27 23:00:00,291.24,completed,2024,2,Tuesday,Large,False
1393,419,2024-02-28 00:00:00,202.52,completed,2024,2,Wednesday,Large,False
1394,606,2024-02-28 01:00:00,24.04,completed,2024,2,Wednesday,Small,False
1395,95,2024-02-28 02:00:00,295.79,completed,2024,2,Wednesday,Large,False
1396,817,2024-02-28 03:00:00,15.54,completed,2024,2,Wednesday,Small,False
1397,581,2024-02-28 04:00:00,395.81,completed,2024,2,Wednesday,Extra Large,False
1398,318,2024-02-28 05:00:00,160.15,completed,2024,2,Wednesday,Large,False
1399,956,2024-02-28 06:00:00,29.73,completed,2024,2,Wednesday,Small,False
1400,236,2024-02-28 07:00:00,298.29,completed,2024,2,Wednesday,Large,False
1401,946,2024-02-28 08:00:00,204.87,completed,2024,2,Wednesday,Large,False
1402,334,2024-02-28 09:00:00,487.16,completed,2024,2,Wednesday,Extra Large,True
1403,885,2024-02-28 10:00:00,276.66,completed,2024,2,Wednesday,Large,False
1404,376,2024-02-28 11:00:00,144.87,completed,2024,2,Wednesday,Medium,False
1405,459,2024-02-28 12:00:00,357.63,completed,2024,2,Wednesday,Extra Large,False
1406,137,2024-02-28 13:00:00,143.03,completed,2024,2,Wednesday,Medium,False
1407,930,2024-02-28 14:00:00,453.08,completed,2024,2,Wednesday,Extra Large,True
1408,588,2024-02-28 15:00:00,193.61,completed,2024,2,Wednesday,Large,False
1409,995,2024-02-28 16:00:00,279.44,completed,2024,2,Wednesday,Large,False
1410,547,2024-02-28 17:00:00,34.78,completed,2024,2,Wednesday,Small,False
1411,513,2024-02-28 18:00:00,218.8,completed,2024,2,Wednesday,Large,False
1412,296,2024-02-28 19:00:00,417.86,completed,2024,2,Wednesday,Extra Large,True
1413,320,2024-02-28 20:00:00,404.77,completed,2024,2,Wednesday,Extra Large,True
1414,918,2024-02-28 21:00:00,119.92,completed,2024,2,Wednesday,Medium,False
1415,572,2024-02-28 22:00:00,120.78,completed,2024,2,Wednesday,Medium,False
1416,832,2024-02-28 23:00:00,410.48,completed,2024,2,Wednesday,Extra Large,True
1417,349,2024-02-29 00:00:00,465.9,completed,2024,2,Thursday,Extra Large,True
1418,840,2024-02-29 01:00:00,56.73,completed,2024,2,Thursday,Medium,False
1419,779,2024-02-29 02:00:00,230.53,pending,2024,2,Thursday,Large,False
1420,873,2024-02-29 03:00:00,175.35,pending,2024,2,Thursday,Large,False
1421,229,2024-02-29 04:00:00,436.64,completed,2024,2,Thursday,Extra Large,True
1422,270,2024-02-29 05:00:00,50.93,completed,2024,2,Thursday,Medium,False
1423,828,2024-02-29 06:00:00,113.45,completed,2024,2,Thursday,Medium,False
1424,798,2024-02-29 07:00:00,378.71,completed,2024,2,Thursday,Extra Large,False
1425,291,2024-02-29 08:00:00,35.13,completed,2024,2,Thursday,Small,False
1426,725,2024-02-29 09:00:00,251.34,completed,2024,2,Thursday,Large,False
1427,165,2024-02-29 10:00:00,226.63,completed,2024,2,Thursday,Large,False
1428,5,2024-02-29 11:00:00,173.86,completed,2024,2,Thursday,Large,False
1429,851,2024-02-29 12:00:00,203.34,cancelled,2024,2,Thursday,Large,False
1430,379,2024-02-29 13:00:00,269.67,completed,2024,2,Thursday,Large,False
1431,78,2024-02-29 14:00:00,89.07,pending,2024,2,Thursday,Medium,False
1432,410,2024-02-29 15:00:00,290.28,pending,2024,2,Thursday,Large,False
1433,574,2024-02-29 16:00:00,404.66,completed,2024,2,Thursday,Extra Large,True
1434,132,2024-02-29 17:00:00,382.48,completed,2024,2,Thursday,Extra Large,False
1435,601,2024-02-29 18:00:00,85.41,completed,2024,2,Thursday,Medium,False
1436,749,2024-02-29 19:00:00,83.13,completed,2024,2,Thursday,Medium,False
1437,42,2024-02-29 20:00:00,141.41,completed,2024,2,Thursday,Medium,False
1438,89,2024-02-29 21:00:00,186.93,completed,2024,2,Thursday,Large,False
1439,402,2024-02-29 22:00:00,210.14,completed,2024,2,Thursday,Large,False
1440,296,2024-02-29 23:00:00,343.05,completed,2024,2,Thursday,Extra Large,False
1441,840,2024-03-01 00:00:00,37.77,completed,2024,3,Friday,Small,False
1442,295,2024-03-01 01:00:00,26.99,completed,2024,3,Friday,Small,False
1443,616,2024-03-01 02:00:00,202.04,completed,2024,3,Friday,Large,False
1444,526,2024-03-01 03:00:00,351.61,completed,2024,3,Friday,Extra Large,False
1445,800,2024-03-01 04:00:00,104.78,completed,2024,3,Friday,Medium,False
1446,691,2024-03-01 05:00:00,324.34,completed,2024,3,Friday,Extra Large,False
1447,637,2024-03-01 06:00:00,137.32,completed,2024,3,Friday,Medium,False
1448,422,2024-03-01 07:00:00,444.18,completed,2024,3,Friday,Extra Large,True
1449,865,2024-03-01 08:00:00,448.89,pending,2024,3,Friday,Extra Large,True
1450,23,2024-03-01 09:00:00,155.67,completed,2024,3,Friday,Large,False
1451,575,2024-03-01 10:00:00,122.7,completed,2024,3,Friday,Medium,False
1452,143,2024-03-01 11:00:00,211.54,completed,2024,3,Friday,Large,False
1453,993,2024-03-01 12:00:00,127.86,pending,2024,3,Friday,Medium,False
1454,665,2024-03-01 13:00:00,339.47,completed,2024,3,Friday,Extra Large,False
1455,145,2024-03-01 14:00:00,414.77,completed,2024,3,Friday,Extra Large,True
1456,225,2024-03-01 15:00:00,339.82,completed,2024,3,Friday,Extra Large,False
1457,503,2024-03-01 16:00:00,413.93,completed,2024,3,Friday,Extra Large,True
1458,962,2024-03-01 17:00:00,204.53,completed,2024,3,Friday,Large,False
1459,974,2024-03-01 18:00:00,86.6,completed,2024,3,Friday,Medium,False
1460,821,2024-03-01 19:00:00,371.6,cancelled,2024,3,Friday,Extra Large,False
1461,616,2024-03-01 20:00:00,186.63,completed,2024,3,Friday,Large,False
1462,104,2024-03-01 21:00:00,338.92,completed,2024,3,Friday,Extra Large,False
1463,947,2024-03-01 22:00:00,142.62,completed,2024,3,Friday,Medium,False
1464,39,2024-03-01 23:00:00,49.8,completed,2024,3,Friday,Small,False
1465,947,2024-03-02 00:00:00,496.37,pending,2024,3,Saturday,Extra Large,True
1466,198,2024-03-02 01:00:00,86.54,completed,2024,3,Saturday,Medium,False
1467,646,2024-03-02 02:00:00,494.33,completed,2024,3,Saturday,Extra Large,True
1468,579,2024-03-02 03:00:00,488.87,completed,2024,3,Saturday,Extra Large,True
1469,391,2024-03-02 04:00:00,398.97,pending,2024,3,Saturday,Extra Large,False
1470,179,2024-03-02 05:00:00,333.12,completed,2024,3,Saturday,Extra Large,False
1471,968,2024-03-02 06:00:00,293.13,completed,2024,3,Saturday,Large,False
1472,554,2024-03-02 07:00:00,434.39,completed,2024,3,Saturday,Extra Large,True
1473,448,2024-03-02 08:00:00,151.83,completed,2024,3,Saturday,Large,False
1474,500,2024-03-02 09:00:00,239.16,cancelled,2024,3,Saturday,Large,False
1475,15,2024-03-02 10:00:00,313.5,completed,2024,3,Saturday,Extra Large,False
1476,623,2024-03-02 11:00:00,211.48,completed,2024,3,Saturday,Large,False
1477,669,2024-03-02 12:00:00,219.47,completed,2024,3,Saturday,Large,False
1478,289,2024-03-02 13:00:00,171.84,completed,2024,3,Saturday,Large,False
1479,478,2024-03-02 14:00:00,286.47,completed,2024,3,Saturday,Large,False
1480,231,2024-03-02 15:00:00,426.78,cancelled,2024,3,Saturday,Extra Large,True
1481,923,2024-03-02 16:00:00,108.75,completed,2024,3,Saturday,Medium,False
1482,420,2024-03-02 17:00:00,467.87,pending,2024,3,Saturday,Extra Large,True
1483,157,2024-03-02 18:00:00,347.65,completed,2024,3,Saturday,Extra Large,False
1484,550,2024-03-02 19:00:00,413.4,completed,2024,3,Saturday,Extra Large,True
1485,441,2024-03-02 20:00:00,282.53,completed,2024,3,Saturday,Large,False
1486,97,2024-03-02 21:00:00,391.96,completed,2024,3,Saturday,Extra Large,False
1487,997,2024-03-02 22:00:00,17.94,cancelled,2024,3,Saturday,Small,False
1488,411,2024-03-02 23:00:00,411.01,pending,2024,3,Saturday,Extra Large,True
1489,951,2024-03-03 00:00:00,29.67,completed,2024,3,Sunday,Small,False
1490,289,2024-03-03 01:00:00,446.06,completed,2024,3,Sunday,Extra Large,True
1491,254,2024-03-03 02:00:00,496.06,completed,2024,3,Sunday,Extra Large,True
1492,196,2024-03-03 03:00:00,154.09,pending,2024,3,Sunday,Large,False
1493,598,2024-03-03 04:00:00,113.06,pending,2024,3,Sunday,Medium,False
1494,834,2024-03-03 05:00:00,385.03,completed,2024,3,Sunday,Extra Large,False
1495,522,2024-03-03 06:00:00,133.98,completed,2024,3,Sunday,Medium,False
1496,517,2024-03-03 07:00:00,434.13,completed,2024,3,Sunday,Extra Large,True
1497,635,2024-03-03 08:00:00,60.39,completed,2024,3,Sunday,Medium,False
1498,842,2024-03-03 09:00:00,71.72,completed,2024,3,Sunday,Medium,False
1499,865,2024-03-03 10:00:00,489.78,completed,2024,3,Sunday,Extra Large,True
1500,118,2024-03-03 11:00:00,340.18,completed,2024,3,Sunday,Extra Large,False
1501,806,2024-03-03 12:00:00,424.97,completed,2024,3,Sunday,Extra Large,True
1502,909,2024-03-03 13:00:00,168.92,pending,2024,3,Sunday,Large,False
1503,159,2024-03-03 14:00:00,341.48,completed,2024,3,Sunday,Extra Large,False
1504,815,2024-03-03 15:00:00,301.18,completed,2024,3,Sunday,Extra Large,False
1505,228,2024-03-03 16:00:00,305.54,completed,2024,3,Sunday,Extra Large,False
1506,877,2024-03-03 17:00:00,344.44,completed,2024,3,Sunday,Extra Large,False
1507,216,2024-03-03 18:00:00,291.93,completed,2024,3,Sunday,Large,False
1508,948,2024-03-03 19:00:00,220.24,completed,2024,3,Sunday,Large,False
1509,696,2024-03-03 20:00:00,145.2,completed,2024,3,Sunday,Medium,False
1510,15,2024-03-03 21:00:00,386.6,completed,2024,3,Sunday,Extra Large,False
1511,157,2024-03-03 22:00:00,120.87,completed,2024,3,Sunday,Medium,False
1512,648,2024-03-03 23:00:00,349.25,completed,2024,3,Sunday,Extra Large,False
1513,261,2024-03-04 00:00:00,124.33,completed,2024,3,Monday,Medium,False
1514,157,2024-03-04 01:00:00,316.41,completed,2024,3,Monday,Extra Large,False
1515,47,2024-03-04 02:00:00,376.07,completed,2024,3,Monday,Extra Large,False
1516,324,2024-03-04 03:00:00,117.17,completed,2024,3,Monday,Medium,False
1517,844,2024-03-04 04:00:00,39.37,completed,2024,3,Monday,Small,False
1518,685,2024-03-04 05:00:00,74.18,completed,2024,3,Monday,Medium,False
1519,130,2024-03-04 06:00:00,306.94,cancelled,2024,3,Monday,Extra Large,False
1520,411,2024-03-04 07:00:00,426.23,completed,2024,3,Monday,Extra Large,True
1521,95,2024-03-04 08:00:00,32.05,completed,2024,3,Monday,Small,False
1522,627,2024-03-04 09:00:00,369.73,completed,2024,3,Monday,Extra Large,False
1523,755,2024-03-04 10:00:00,177.25,completed,2024,3,Monday,Large,False
1524,932,2024-03-04 11:00:00,244.48,completed,2024,3,Monday,Large,False
1525,292,2024-03-04 12:00:00,465.14,completed,2024,3,Monday,Extra Large,True
1526,794,2024-03-04 13:00:00,172.67,completed,2024,3,Monday,Large,False
1527,811,2024-03-04 14:00:00,238.02,pending,2024,3,Monday,Large,False
1528,283,2024-03-04 15:00:00,16.7,completed,2024,3,Monday,Small,False
1529,69,2024-03-04 16:00:00,49.98,completed,2024,3,Monday,Small,False
1530,660,2024-03-04 17:00:00,136.71,pending,2024,3,Monday,Medium,False
1531,11,2024-03-04 18:00:00,23.65,completed,2024,3,Monday,Small,False
1532,254,2024-03-04 19:00:00,319.37,completed,2024,3,Monday,Extra Large,False
1533,842,2024-03-04 20:00:00,218.94,completed,2024,3,Monday,Large,False
1534,872,2024-03-04 21:00:00,278.59,completed,2024,3,Monday,Large,False
1535,550,2024-03-04 22:00:00,95.58,completed,2024,3,Monday,Medium,False
1536,134,2024-03-04 23:00:00,155.01,completed,2024,3,Monday,Large,False
1537,712,2024-03-05 00:00:00,335.27,completed,2024,3,Tuesday,Extra Large,False
1538,23,2024-03-05 01:00:00,483.0,completed,2024,3,Tuesday,Extra Large,True
1539,815,2024-03-05 02:00:00,34.7,pending,2024,3,Tuesday,Small,False
1540,346,2024-03-05 03:00:00,446.29,completed,2024,3,Tuesday,Extra Large,True
1541,302,2024-03-05 04:00:00,292.67,completed,2024,3,Tuesday,Large,False
1542,363,2024-03-05 05:00:00,286.32,pending,2024,3,Tuesday,Large,False
1543,396,2024-03-05 06:00:00,255.14,completed,2024,3,Tuesday,Large,False
1544,218,2024-03-05 07:00:00,44.0,completed,2024,3,Tuesday,Small,False
1545,141,2024-03-05 08:00:00,54.04,completed,2024,3,Tuesday,Medium,False
1546,616,2024-03-05 09:00:00,304.45,completed,2024,3,Tuesday,Extra Large,False
1547,958,2024-03-05 10:00:00,177.07,completed,2024,3,Tuesday,Large,False
1548,210,2024-03-05 11:00:00,459.46,completed,2024,3,Tuesday,Extra Large,True
1549,985,2024-03-05 12:00:00,209.23,cancelled,2024,3,Tuesday,Large,False
1550,993,2024-03-05 13:00:00,80.21,pending,2024,3,Tuesday,Medium,False
1551,623,2024-03-05 14:00:00,360.21,pending,2024,3,Tuesday,Extra Large,False
1552,616,2024-03-05 15:00:00,153.74,pending,2024,3,Tuesday,Large,False
1553,828,2024-03-05 16:00:00,267.48,completed,2024,3,Tuesday,Large,False
1554,683,2024-03-05 17:00:00,351.94,completed,2024,3,Tuesday,Extra Large,False
1555,460,2024-03-05 18:00:00,451.13,pending,2024,3,Tuesday,Extra Large,True
1556,356,2024-03-05 19:00:00,398.17,completed,2024,3,Tuesday,Extra Large,False
1557,324,2024-03-05 20:00:00,341.42,cancelled,2024,3,Tuesday,Extra Large,False
1558,133,2024-03-05 21:00:00,343.02,completed,2024,3,Tuesday,Extra Large,False
1559,888,2024-03-05 22:00:00,473.5,completed,2024,3,Tuesday,Extra Large,True
1560,805,2024-03-05 23:00:00,154.95,completed,2024,3,Tuesday,Large,False
1561,840,2024-03-06 00:00:00,10.54,cancelled,2024,3,Wednesday,Small,False
1562,127,2024-03-06 01:00:00,143.26,completed,2024,3,Wednesday,Medium,False
1563,106,2024-03-06 02:00:00,116.77,completed,2024,3,Wednesday,Medium,False
1564,604,2024-03-06 03:00:00,334.3,completed,2024,3,Wednesday,Extra Large,False
1565,799,2024-03-06 04:00:00,320.52,completed,2024,3,Wednesday,Extra Large,False
1566,378,2024-03-06 05:00:00,300.8,completed,2024,3,Wednesday,Extra Large,False
1567,905,2024-03-06 06:00:00,17.96,completed,2024,3,Wednesday,Small,False
1568,51,2024-03-06 07:00:00,367.1,completed,2024,3,Wednesday,Extra Large,False
1569,29,2024-03-06 08:00:00,168.53,completed,2024,3,Wednesday,Large,False
1570,462,2024-03-06 09:00:00,335.88,completed,2024,3,Wednesday,Extra Large,False
1571,296,2024-03-06 10:00:00,282.72,completed,2024,3,Wednesday,Large,False
1572,297,2024-03-06 11:00:00,177.94,completed,2024,3,Wednesday,Large,False
1573,726,2024-03-06 12:00:00,75.94,completed,2024,3,Wednesday,Medium,False
1574,779,2024-03-06 13:00:00,56.27,cancelled,2024,3,Wednesday,Medium,False
1575,407,2024-03-06 14:00:00,417.44,completed,2024,3,Wednesday,Extra Large,True
1576,769,2024-03-06 15:00:00,460.01,completed,2024,3,Wednesday,Extra Large,True
1577,814,2024-03-06 16:00:00,328.4,completed,2024,3,Wednesday,Extra Large,False
1578,613,2024-03-06 17:00:00,60.68,completed,2024,3,Wednesday,Medium,False
1579,405,2024-03-06 18:00:00,206.99,completed,2024,3,Wednesday,Large,False
1580,346,2024-03-06 19:00:00,367.18,completed,2024,3,Wednesday,Extra Large,False
1581,622,2024-03-06 20:00:00,392.11,completed,2024,3,Wednesday,Extra Large,False
1582,420,2024-03-06 21:00:00,67.93,completed,2024,3,Wednesday,Medium,False
1583,182,2024-03-06 22:00:00,10.02,completed,2024,3,Wednesday,Small,False
1584,983,2024-03-06 23:00:00,358.95,completed,2024,3,Wednesday,Extra Large,False
1585,825,2024-03-07 00:00:00,184.73,completed,2024,3,Thursday,Large,False
1586,1,2024-03-07 01:00:00,134.7,completed,2024,3,Thursday,Medium,False
1587,831,2024-03-07 02:00:00,16.32,completed,2024,3,Thursday,Small,False
1588,950,2024-03-07 03:00:00,274.75,pending,2024,3,Thursday,Large,False
1589,567,2024-03-07 04:00:00,427.06,completed,2024,3,Thursday,Extra Large,True
1590,371,2024-03-07 05:00:00,479.24,completed,2024,3,Thursday,Extra Large,True
1591,936,2024-03-07 06:00:00,287.22,completed,2024,3,Thursday,Large,False
1592,911,2024-03-07 07:00:00,262.09,pending,2024,3,Thursday,Large,False
1593,661,2024-03-07 08:00:00,51.68,completed,2024,3,Thursday,Medium,False
1594,431,2024-03-07 09:00:00,278.95,completed,2024,3,Thursday,Large,False
1595,969,2024-03-07 10:00:00,196.19,completed,2024,3,Thursday,Large,False
1596,309,2024-03-07 11:00:00,307.5,cancelled,2024,3,Thursday,Extra Large,False
1597,137,2024-03-07 12:00:00,200.48,pending,2024,3,Thursday,Large,False
1598,202,2024-03-07 13:00:00,127.75,pending,2024,3,Thursday,Medium,False
1599,436,2024-03-07 14:00:00,56.53,completed,2024,3,Thursday,Medium,False
1600,313,2024-03-07 15:00:00,164.31,completed,2024,3,Thursday,Large,False
1601,117,2024-03-07 16:00:00,57.36,completed,2024,3,Thursday,Medium,False
1602,666,2024-03-07 17:00:00,96.68,completed,2024,3,Thursday,Medium,False
1603,937,2024-03-07 18:00:00,493.79,pending,2024,3,Thursday,Extra Large,True
1604,803,2024-03-07 19:00:00,227.61,completed,2024,3,Thursday,Large,False
1605,575,2024-03-07 20:00:00,270.62,completed,2024,3,Thursday,Large,False
1606,244,2024-03-07 21:00:00,438.07,completed,2024,3,Thursday,Extra Large,True
1607,537,2024-03-07 22:00:00,497.83,completed,2024,3,Thursday,Extra Large,True
1608,602,2024-03-07 23:00:00,295.53,completed,2024,3,Thursday,Large,False
1609,75,2024-03-08 00:00:00,408.11,completed,2024,3,Friday,Extra Large,True
1610,806,2024-03-08 01:00:00,170.2,completed,2024,3,Friday,Large,False
1611,386,2024-03-08 02:00:00,159.81,completed,2024,3,Friday,Large,False
1612,903,2024-03-08 03:00:00,207.32,completed,2024,3,Friday,Large,False
1613,210,2024-03-08 04:00:00,339.53,completed,2024,3,Friday,Extra Large,False
1614,475,2024-03-08 05:00:00,344.27,completed,2024,3,Friday,Extra Large,False
1615,418,2024-03-08 06:00:00,164.47,completed,2024,3,Friday,Large,False
1616,347,2024-03-08 07:00:00,75.27,completed,2024,3,Friday,Medium,False
1617,529,2024-03-08 08:00:00,319.87,completed,2024,3,Friday,Extra Large,False
1618,640,2024-03-08 09:00:00,72.88,completed,2024,3,Friday,Medium,False
1619,939,2024-03-08 10:00:00,293.46,completed,2024,3,Friday,Large,False
1620,955,2024-03-08 11:00:00,349.78,cancelled,2024,3,Friday,Extra Large,False
1621,876,2024-03-08 12:00:00,353.3,pending,2024,3,Friday,Extra Large,False
1622,763,2024-03-08 13:00:00,379.2,pending,2024,3,Friday,Extra Large,False
1623,179,2024-03-08 14:00:00,437.7,completed,2024,3,Friday,Extra Large,True
1624,182,2024-03-08 15:00:00,254.98,pending,2024,3,Friday,Large,False
1625,664,2024-03-08 16:00:00,367.82,pending,2024,3,Friday,Extra Large,False
1626,25,2024-03-08 17:00:00,313.39,pending,2024,3,Friday,Extra Large,False
1627,967,2024-03-08 18:00:00,101.45,completed,2024,3,Friday,Medium,False
1628,180,2024-03-08 19:00:00,22.59,completed,2024,3,Friday,Small,False
1629,710,2024-03-08 20:00:00,149.43,cancelled,2024,3,Friday,Medium,False
1630,501,2024-03-08 21:00:00,227.09,completed,2024,3,Friday,Large,False
1631,856,2024-03-08 22:00:00,312.38,completed,2024,3,Friday,Extra Large,False
1632,161,2024-03-08 23:00:00,426.48,pending,2024,3,Friday,Extra Large,True
1633,177,2024-03-09 00:00:00,106.16,completed,2024,3,Saturday,Medium,False
1634,285,2024-03-09 01:00:00,71.52,completed,2024,3,Saturday,Medium,False
1635,63,2024-03-09 02:00:00,482.11,completed,2024,3,Saturday,Extra Large,True
1636,662,2024-03-09 03:00:00,62.94,pending,2024,3,Saturday,Medium,False
1637,666,2024-03-09 04:00:00,244.46,completed,2024,3,Saturday,Large,False
1638,156,2024-03-09 05:00:00,296.93,completed,2024,3,Saturday,Large,False
1639,882,2024-03-09 06:00:00,275.27,completed,2024,3,Saturday,Large,False
1640,469,2024-03-09 07:00:00,52.16,completed,2024,3,Saturday,Medium,False
1641,49,2024-03-09 08:00:00,37.94,completed,2024,3,Saturday,Small,False
1642,967,2024-03-09 09:00:00,61.69,pending,2024,3,Saturday,Medium,False
1643,849,2024-03-09 10:00:00,296.94,pending,2024,3,Saturday,Large,False
1644,84,2024-03-09 11:00:00,276.73,completed,2024,3,Saturday,Large,False
1645,361,2024-03-09 12:00:00,124.53,completed,2024,3,Saturday,Medium,False
1646,689,2024-03-09 13:00:00,322.51,completed,2024,3,Saturday,Extra Large,False
1647,148,2024-03-09 14:00:00,411.83,completed,2024,3,Saturday,Extra Large,True
1648,630,2024-03-09 15:00:00,30.37,completed,2024,3,Saturday,Small,False
1649,342,2024-03-09 16:00:00,254.08,pending,2024,3,Saturday,Large,False
1650,476,2024-03-09 17:00:00,347.76,pending,2024,3,Saturday,Extra Large,False
1651,63,2024-03-09 18:00:00,133.63,completed,2024,3,Saturday,Medium,False
1652,701,2024-03-09 19:00:00,160.81,completed,2024,3,Saturday,Large,False
1653,360,2024-03-09 20:00:00,310.68,completed,2024,3,Saturday,Extra Large,False
1654,561,2024-03-09 21:00:00,449.99,completed,2024,3,Saturday,Extra Large,True
1655,327,2024-03-09 22:00:00,406.86,completed,2024,3,Saturday,Extra Large,True
1656,769,2024-03-09 23:00:00,295.73,pending,2024,3,Saturday,Large,False
1657,736,2024-03-10 00:00:00,367.81,pending,2024,3,Sunday,Extra Large,False
1658,141,2024-03-10 01:00:00,188.76,completed,2024,3,Sunday,Large,False
1659,990,2024-03-10 02:00:00,324.07,pending,2024,3,Sunday,Extra Large,False
1660,215,2024-03-10 03:00:00,238.43,completed,2024,3,Sunday,Large,False
1661,435,2024-03-10 04:00:00,103.07,completed,2024,3,Sunday,Medium,False
1662,891,2024-03-10 05:00:00,353.85,completed,2024,3,Sunday,Extra Large,False
1663,952,2024-03-10 06:00:00,282.67,completed,2024,3,Sunday,Large,False
1664,723,2024-03-10 07:00:00,185.72,pending,2024,3,Sunday,Large,False
1665,318,2024-03-10 08:00:00,456.56,completed,2024,3,Sunday,Extra Large,True
1666,32,2024-03-10 09:00:00,20.26,completed,2024,3,Sunday,Small,False
1667,670,2024-03-10 10:00:00,164.73,completed,2024,3,Sunday,Large,False
1668,285,2024-03-10 11:00:00,37.87,completed,2024,3,Sunday,Small,False
1669,305,2024-03-10 12:00:00,385.6,completed,2024,3,Sunday,Extra Large,False
1670,429,2024-03-10 13:00:00,354.03,completed,2024,3,Sunday,Extra Large,False
1671,477,2024-03-10 14:00:00,172.36,completed,2024,3,Sunday,Large,False
1672,286,2024-03-10 15:00:00,341.07,completed,2024,3,Sunday,Extra Large,False
1673,144,2024-03-10 16:00:00,204.01,completed,2024,3,Sunday,Large,False
1674,424,2024-03-10 17:00:00,380.56,completed,2024,3,Sunday,Extra Large,False
1675,19,2024-03-10 18:00:00,232.55,completed,2024,3,Sunday,Large,False
1676,18,2024-03-10 19:00:00,212.02,completed,2024,3,Sunday,Large,False
1677,769,2024-03-10 20:00:00,468.02,pending,2024,3,Sunday,Extra Large,True
1678,590,2024-03-10 21:00:00,132.93,completed,2024,3,Sunday,Medium,False
1679,371,2024-03-10 22:00:00,69.02,completed,2024,3,Sunday,Medium,False
1680,175,2024-03-10 23:00:00,296.43,completed,2024,3,Sunday,Large,False
1681,194,2024-03-11 00:00:00,484.97,completed,2024,3,Monday,Extra Large,True
1682,502,2024-03-11 01:00:00,195.14,completed,2024,3,Monday,Large,False
1683,988,2024-03-11 02:00:00,40.4,completed,2024,3,Monday,Small,False
1684,113,2024-03-11 03:00:00,176.26,completed,2024,3,Monday,Large,False
1685,114,2024-03-11 04:00:00,257.91,completed,2024,3,Monday,Large,False
1686,222,2024-03-11 05:00:00,89.34,completed,2024,3,Monday,Medium,False
1687,678,2024-03-11 06:00:00,332.47,completed,2024,3,Monday,Extra Large,False
1688,947,2024-03-11 07:00:00,498.9,completed,2024,3,Monday,Extra Large,True
1689,831,2024-03-11 08:00:00,231.35,completed,2024,3,Monday,Large,False
1690,644,2024-03-11 09:00:00,183.82,completed,2024,3,Monday,Large,False
1691,897,2024-03-11 10:00:00,206.35,completed,2024,3,Monday,Large,False
1692,264,2024-03-11 11:00:00,66.42,completed,2024,3,Monday,Medium,False
1693,925,2024-03-11 12:00:00,442.8,completed,2024,3,Monday,Extra Large,True
1694,55,2024-03-11 13:00:00,213.26,completed,2024,3,Monday,Large,False
1695,871,2024-03-11 14:00:00,199.76,completed,2024,3,Monday,Large,False
1696,643,2024-03-11 15:00:00,333.25,pending,2024,3,Monday,Extra Large,False
1697,800,2024-03-11 16:00:00,226.6,completed,2024,3,Monday,Large,False
1698,778,2024-03-11 17:00:00,327.63,completed,2024,3,Monday,Extra Large,False
1699,458,2024-03-11 18:00:00,40.11,completed,2024,3,Monday,Small,False
1700,979,2024-03-11 19:00:00,408.72,completed,2024,3,Monday,Extra Large,True
1701,878,2024-03-11 20:00:00,470.85,completed,2024,3,Monday,Extra Large,True
1702,162,2024-03-11 21:00:00,327.9,completed,2024,3,Monday,Extra Large,False
1703,380,2024-03-11 22:00:00,477.74,completed,2024,3,Monday,Extra Large,True
1704,993,2024-03-11 23:00:00,84.2,completed,2024,3,Monday,Medium,False
1705,87,2024-03-12 00:00:00,243.93,completed,2024,3,Tuesday,Large,False
1706,55,2024-03-12 01:00:00,304.89,completed,2024,3,Tuesday,Extra Large,False
1707,476,2024-03-12 02:00:00,295.05,completed,2024,3,Tuesday,Large,False
1708,800,2024-03-12 03:00:00,206.72,completed,2024,3,Tuesday,Large,False
1709,178,2024-03-12 04:00:00,175.66,completed,2024,3,Tuesday,Large,False
1710,391,2024-03-12 05:00:00,72.14,completed,2024,3,Tuesday,Medium,False
1711,349,2024-03-12 06:00:00,201.95,completed,2024,3,Tuesday,Large,False
1712,8,2024-03-12 07:00:00,89.7,completed,2024,3,Tuesday,Medium,False
1713,833,2024-03-12 08:00:00,369.84,pending,2024,3,Tuesday,Extra Large,False
1714,313,2024-03-12 09:00:00,112.33,completed,2024,3,Tuesday,Medium,False
1715,759,2024-03-12 10:00:00,38.7,completed,2024,3,Tuesday,Small,False
1716,835,2024-03-12 11:00:00,280.66,pending,2024,3,Tuesday,Large,False
1717,984,2024-03-12 12:00:00,301.66,completed,2024,3,Tuesday,Extra Large,False
1718,983,2024-03-12 13:00:00,437.24,completed,2024,3,Tuesday,Extra Large,True
1719,443,2024-03-12 14:00:00,292.72,pending,2024,3,Tuesday,Large,False
1720,767,2024-03-12 15:00:00,179.29,completed,2024,3,Tuesday,Large,False
1721,328,2024-03-12 16:00:00,403.48,completed,2024,3,Tuesday,Extra Large,True
1722,54,2024-03-12 17:00:00,274.74,completed,2024,3,Tuesday,Large,False
1723,761,2024-03-12 18:00:00,48.85,completed,2024,3,Tuesday,Small,False
1724,239,2024-03-12 19:00:00,287.27,completed,2024,3,Tuesday,Large,False
1725,229,2024-03-12 20:00:00,454.93,completed,2024,3,Tuesday,Extra Large,True
1726,579,2024-03-12 21:00:00,204.19,pending,2024,3,Tuesday,Large,False
1727,51,2024-03-12 22:00:00,155.2,pending,2024,3,Tuesday,Large,False
1728,609,2024-03-12 23:00:00,80.3,pending,2024,3,Tuesday,Medium,False
1729,604,2024-03-13 00:00:00,84.21,pending,2024,3,Wednesday,Medium,False
1730,264,2024-03-13 01:00:00,222.06,pending,2024,3,Wednesday,Large,False
1731,418,2024-03-13 02:00:00,301.88,completed,2024,3,Wednesday,Extra Large,False
1732,803,2024-03-13 03:00:00,49.5,completed,2024,3,Wednesday,Small,False
1733,96,2024-03-13 04:00:00,470.39,completed,2024,3,Wednesday,Extra Large,True
1734,88,2024-03-13 05:00:00,380.02,pending,2024,3,Wednesday,Extra Large,False
1735,78,2024-03-13 06:00:00,297.45,completed,2024,3,Wednesday,Large,False
1736,288,2024-03-13 07:00:00,415.93,completed,2024,3,Wednesday,Extra Large,True
1737,120,2024-03-13 08:00:00,49.29,completed,2024,3,Wednesday,Small,False
1738,814,2024-03-13 09:00:00,243.65,completed,2024,3,Wednesday,Large,False
1739,491,2024-03-13 10:00:00,318.75,completed,2024,3,Wednesday,Extra Large,False
1740,912,2024-03-13 11:00:00,416.04,completed,2024,3,Wednesday,Extra Large,True
1741,452,2024-03-13 12:00:00,393.9,completed,2024,3,Wednesday,Extra Large,False
1742,500,2024-03-13 13:00:00,145.76,completed,2024,3,Wednesday,Medium,False
1743,165,2024-03-13 14:00:00,471.03,completed,2024,3,Wednesday,Extra Large,True
1744,182,2024-03-13 15:00:00,70.93,completed,2024,3,Wednesday,Medium,False
1745,469,2024-03-13 16:00:00,438.82,completed,2024,3,Wednesday,Extra Large,True
1746,910,2024-03-13 17:00:00,485.76,completed,2024,3,Wednesday,Extra Large,True
1747,735,2024-03-13 18:00:00,96.81,completed,2024,3,Wednesday,Medium,False
1748,823,2024-03-13 19:00:00,363.81,pending,2024,3,Wednesday,Extra Large,False
1749,944,2024-03-13 20:00:00,29.74,completed,2024,3,Wednesday,Small,False
1750,978,2024-03-13 21:00:00,208.66,completed,2024,3,Wednesday,Large,False
1751,7,2024-03-13 22:00:00,262.98,completed,2024,3,Wednesday,Large,False
1752,330,2024-03-13 23:00:00,294.52,completed,2024,3,Wednesday,Large,False
1753,775,2024-03-14 00:00:00,468.61,pending,2024,3,Thursday,Extra Large,True
1754,673,2024-03-14 01:00:00,339.4,completed,2024,3,Thursday,Extra Large,False
1755,151,2024-03-14 02:00:00,245.83,completed,2024,3,Thursday,Large,False
1756,85,2024-03-14 03:00:00,406.74,completed,2024,3,Thursday,Extra Large,True
1757,147,2024-03-14 04:00:00,475.76,pending,2024,3,Thursday,Extra Large,True
1758,624,2024-03-14 05:00:00,20.81,completed,2024,3,Thursday,Small,False
1759,381,2024-03-14 06:00:00,491.44,completed,2024,3,Thursday,Extra Large,True
1760,915,2024-03-14 07:00:00,52.2,completed,2024,3,Thursday,Medium,False
1761,548,2024-03-14 08:00:00,409.05,pending,2024,3,Thursday,Extra Large,True
1762,285,2024-03-14 09:00:00,147.36,completed,2024,3,Thursday,Medium,False
1763,700,2024-03-14 10:00:00,74.77,completed,2024,3,Thursday,Medium,False
1764,82,2024-03-14 11:00:00,225.53,completed,2024,3,Thursday,Large,False
1765,514,2024-03-14 12:00:00,325.54,completed,2024,3,Thursday,Extra Large,False
1766,897,2024-03-14 13:00:00,196.67,completed,2024,3,Thursday,Large,False
1767,815,2024-03-14 14:00:00,36.74,completed,2024,3,Thursday,Small,False
1768,709,2024-03-14 15:00:00,303.74,completed,2024,3,Thursday,Extra Large,False
1769,916,2024-03-14 16:00:00,452.18,cancelled,2024,3,Thursday,Extra Large,True
1770,523,2024-03-14 17:00:00,197.78,completed,2024,3,Thursday,Large,False
1771,746,2024-03-14 18:00:00,116.0,completed,2024,3,Thursday,Medium,False
1772,386,2024-03-14 19:00:00,226.86,completed,2024,3,Thursday,Large,False
1773,707,2024-03-14 20:00:00,33.7,completed,2024,3,Thursday,Small,False
1774,471,2024-03-14 21:00:00,412.04,pending,2024,3,Thursday,Extra Large,True
1775,119,2024-03-14 22:00:00,414.91,completed,2024,3,Thursday,Extra Large,True
1776,396,2024-03-14 23:00:00,298.12,completed,2024,3,Thursday,Large,False
1777,532,2024-03-15 00:00:00,183.02,cancelled,2024,3,Friday,Large,False
1778,261,2024-03-15 01:00:00,401.89,completed,2024,3,Friday,Extra Large,True
1779,805,2024-03-15 02:00:00,281.8,pending,2024,3,Friday,Large,False
1780,934,2024-03-15 03:00:00,414.71,completed,2024,3,Friday,Extra Large,True
1781,256,2024-03-15 04:00:00,319.41,pending,2024,3,Friday,Extra Large,False
1782,734,2024-03-15 05:00:00,394.36,completed,2024,3,Friday,Extra Large,False
1783,905,2024-03-15 06:00:00,303.3,completed,2024,3,Friday,Extra Large,False
1784,226,2024-03-15 07:00:00,212.93,pending,2024,3,Friday,Large,False
1785,53,2024-03-15 08:00:00,479.39,completed,2024,3,Friday,Extra Large,True
1786,940,2024-03-15 09:00:00,275.15,completed,2024,3,Friday,Large,False
1787,867,2024-03-15 10:00:00,306.49,completed,2024,3,Friday,Extra Large,False
1788,500,2024-03-15 11:00:00,118.04,pending,2024,3,Friday,Medium,False
1789,506,2024-03-15 12:00:00,316.57,completed,2024,3,Friday,Extra Large,False
1790,854,2024-03-15 13:00:00,290.09,pending,2024,3,Friday,Large,False
1791,364,2024-03-15 14:00:00,100.57,completed,2024,3,Friday,Medium,False
1792,280,2024-03-15 15:00:00,39.2,completed,2024,3,Friday,Small,False
1793,593,2024-03-15 16:00:00,306.14,pending,2024,3,Friday,Extra Large,False
1794,714,2024-03-15 17:00:00,384.21,completed,2024,3,Friday,Extra Large,False
1795,158,2024-03-15 18:00:00,266.47,completed,2024,3,Friday,Large,False
1796,632,2024-03-15 19:00:00,121.12,completed,2024,3,Friday,Medium,False
1797,59,2024-03-15 20:00:00,336.6,completed,2024,3,Friday,Extra Large,False
1798,727,2024-03-15 21:00:00,49.25,completed,2024,3,Friday,Small,False
1799,128,2024-03-15 22:00:00,226.5,pending,2024,3,Friday,Large,False
1800,736,2024-03-15 23:00:00,90.05,completed,2024,3,Friday,Medium,False
1801,721,2024-03-16 00:00:00,100.38,completed,2024,3,Saturday,Medium,False
1802,882,2024-03-16 01:00:00,109.12,completed,2024,3,Saturday,Medium,False
1803,115,2024-03-16 02:00:00,199.49,completed,2024,3,Saturday,Large,False
1804,209,2024-03-16 03:00:00,35.06,completed,2024,3,Saturday,Small,False
1805,526,2024-03-16 04:00:00,204.92,pending,2024,3,Saturday,Large,False
1806,521,2024-03-16 05:00:00,260.74,completed,2024,3,Saturday,Large,False
1807,552,2024-03-16 06:00:00,246.81,completed,2024,3,Saturday,Large,False
1808,962,2024-03-16 07:00:00,197.56,completed,2024,3,Saturday,Large,False
1809,237,2024-03-16 08:00:00,421.18,completed,2024,3,Saturday,Extra Large,True
1810,281,2024-03-16 09:00:00,81.21,pending,2024,3,Saturday,Medium,False
1811,359,2024-03-16 10:00:00,257.79,completed,2024,3,Saturday,Large,False
1812,201,2024-03-16 11:00:00,40.4,completed,2024,3,Saturday,Small,False
1813,758,2024-03-16 12:00:00,44.87,completed,2024,3,Saturday,Small,False
1814,278,2024-03-16 13:00:00,291.19,completed,2024,3,Saturday,Large,False
1815,235,2024-03-16 14:00:00,287.35,completed,2024,3,Saturday,Large,False
1816,494,2024-03-16 15:00:00,440.24,completed,2024,3,Saturday,Extra Large,True
1817,4,2024-03-16 16:00:00,283.36,pending,2024,3,Saturday,Large,False
1818,666,2024-03-16 17:00:00,480.3,pending,2024,3,Saturday,Extra Large,True
1819,442,2024-03-16 18:00:00,33.86,completed,2024,3,Saturday,Small,False
1820,29,2024-03-16 19:00:00,58.02,completed,2024,3,Saturday,Medium,False
1821,109,2024-03-16 20:00:00,31.59,completed,2024,3,Saturday,Small,False
1822,610,2024-03-16 21:00:00,100.79,pending,2024,3,Saturday,Medium,False
1823,727,2024-03-16 22:00:00,275.22,cancelled,2024,3,Saturday,Large,False
1824,805,2024-03-16 23:00:00,326.33,completed,2024,3,Saturday,Extra Large,False
1825,75,2024-03-17 00:00:00,32.34,completed,2024,3,Sunday,Small,False
1826,838,2024-03-17 01:00:00,473.53,completed,2024,3,Sunday,Extra Large,True
1827,146,2024-03-17 02:00:00,422.66,completed,2024,3,Sunday,Extra Large,True
1828,128,2024-03-17 03:00:00,155.34,completed,2024,3,Sunday,Large,False
1829,853,2024-03-17 04:00:00,47.82,completed,2024,3,Sunday,Small,False
1830,42,2024-03-17 05:00:00,93.24,completed,2024,3,Sunday,Medium,False
1831,356,2024-03-17 06:00:00,72.2,completed,2024,3,Sunday,Medium,False
1832,41,2024-03-17 07:00:00,70.41,completed,2024,3,Sunday,Medium,False
1833,934,2024-03-17 08:00:00,264.1,completed,2024,3,Sunday,Large,False
1834,34,2024-03-17 09:00:00,130.47,completed,2024,3,Sunday,Medium,False
1835,17,2024-03-17 10:00:00,185.49,completed,2024,3,Sunday,Large,False
1836,677,2024-03-17 11:00:00,494.86,completed,2024,3,Sunday,Extra Large,True
1837,153,2024-03-17 12:00:00,345.31,completed,2024,3,Sunday,Extra Large,False
1838,998,2024-03-17 13:00:00,475.0,completed,2024,3,Sunday,Extra Large,True
1839,378,2024-03-17 14:00:00,79.85,completed,2024,3,Sunday,Medium,False
1840,588,2024-03-17 15:00:00,197.25,completed,2024,3,Sunday,Large,False
1841,599,2024-03-17 16:00:00,281.82,completed,2024,3,Sunday,Large,False
1842,629,2024-03-17 17:00:00,47.61,completed,2024,3,Sunday,Small,False
1843,874,2024-03-17 18:00:00,12.05,completed,2024,3,Sunday,Small,False
1844,342,2024-03-17 19:00:00,338.51,completed,2024,3,Sunday,Extra Large,False
1845,981,2024-03-17 20:00:00,324.49,completed,2024,3,Sunday,Extra Large,False
1846,27,2024-03-17 21:00:00,211.29,completed,2024,3,Sunday,Large,False
1847,825,2024-03-17 22:00:00,249.93,completed,2024,3,Sunday,Large,False
1848,287,2024-03-17 23:00:00,213.57,completed,2024,3,Sunday,Large,False
1849,646,2024-03-18 00:00:00,21.76,completed,2024,3,Monday,Small,False
1850,731,2024-03-18 01:00:00,174.33,completed,2024,3,Monday,Large,False
1851,168,2024-03-18 02:00:00,96.77,completed,2024,3,Monday,Medium,False
1852,610,2024-03-18 03:00:00,58.23,pending,2024,3,Monday,Medium,False
1853,268,2024-03-18 04:00:00,478.79,completed,2024,3,Monday,Extra Large,True
1854,749,2024-03-18 05:00:00,303.69,completed,2024,3,Monday,Extra Large,False
1855,821,2024-03-18 06:00:00,367.04,completed,2024,3,Monday,Extra Large,False
1856,455,2024-03-18 07:00:00,164.53,pending,2024,3,Monday,Large,False
1857,906,2024-03-18 08:00:00,202.64,completed,2024,3,Monday,Large,False
1858,685,2024-03-18 09:00:00,126.09,completed,2024,3,Monday,Medium,False
1859,401,2024-03-18 10:00:00,57.51,pending,2024,3,Monday,Medium,False
1860,922,2024-03-18 11:00:00,97.73,completed,2024,3,Monday,Medium,False
1861,981,2024-03-18 12:00:00,400.78,pending,2024,3,Monday,Extra Large,True
1862,476,2024-03-18 13:00:00,342.0,pending,2024,3,Monday,Extra Large,False
1863,702,2024-03-18 14:00:00,278.0,completed,2024,3,Monday,Large,False
1864,634,2024-03-18 15:00:00,242.79,completed,2024,3,Monday,Large,False
1865,558,2024-03-18 16:00:00,461.99,completed,2024,3,Monday,Extra Large,True
1866,576,2024-03-18 17:00:00,45.64,completed,2024,3,Monday,Small,False
1867,130,2024-03-18 18:00:00,147.49,completed,2024,3,Monday,Medium,False
1868,822,2024-03-18 19:00:00,181.47,completed,2024,3,Monday,Large,False
1869,363,2024-03-18 20:00:00,393.39,completed,2024,3,Monday,Extra Large,False
1870,705,2024-03-18 21:00:00,496.33,completed,2024,3,Monday,Extra Large,True
1871,819,2024-03-18 22:00:00,127.93,completed,2024,3,Monday,Medium,False
1872,693,2024-03-18 23:00:00,438.41,completed,2024,3,Monday,Extra Large,True
1873,292,2024-03-19 00:00:00,417.01,completed,2024,3,Tuesday,Extra Large,True
1874,371,2024-03-19 01:00:00,120.08,completed,2024,3,Tuesday,Medium,False
1875,794,2024-03-19 02:00:00,205.67,completed,2024,3,Tuesday,Large,False
1876,29,2024-03-19 03:00:00,210.74,completed,2024,3,Tuesday,Large,False
1877,149,2024-03-19 04:00:00,489.33,completed,2024,3,Tuesday,Extra Large,True
1878,779,2024-03-19 05:00:00,98.64,cancelled,2024,3,Tuesday,Medium,False
1879,296,2024-03-19 06:00:00,401.59,completed,2024,3,Tuesday,Extra Large,True
1880,11,2024-03-19 07:00:00,173.75,completed,2024,3,Tuesday,Large,False
1881,512,2024-03-19 08:00:00,368.13,completed,2024,3,Tuesday,Extra Large,False
1882,676,2024-03-19 09:00:00,215.81,completed,2024,3,Tuesday,Large,False
1883,113,2024-03-19 10:00:00,293.4,completed,2024,3,Tuesday,Large,False
1884,187,2024-03-19 11:00:00,417.98,completed,2024,3,Tuesday,Extra Large,True
1885,807,2024-03-19 12:00:00,404.04,completed,2024,3,Tuesday,Extra Large,True
1886,744,2024-03-19 13:00:00,434.55,pending,2024,3,Tuesday,Extra Large,True
1887,227,2024-03-19 14:00:00,39.21,completed,2024,3,Tuesday,Small,False
1888,310,2024-03-19 15:00:00,349.1,completed,2024,3,Tuesday,Extra Large,False
1889,98,2024-03-19 16:00:00,78.59,pending,2024,3,Tuesday,Medium,False
1890,55,2024-03-19 17:00:00,213.75,completed,2024,3,Tuesday,Large,False
1891,623,2024-03-19 18:00:00,278.81,completed,2024,3,Tuesday,Large,False
1892,664,2024-03-19 19:00:00,207.34,completed,2024,3,Tuesday,Large,False
1893,758,2024-03-19 20:00:00,264.61,completed,2024,3,Tuesday,Large,False
1894,406,2024-03-19 21:00:00,498.3,completed,2024,3,Tuesday,Extra Large,True
1895,69,2024-03-19 22:00:00,76.26,completed,2024,3,Tuesday,Medium,False
1896,312,2024-03-19 23:00:00,340.97,pending,2024,3,Tuesday,Extra Large,False
1897,289,2024-03-20 00:00:00,204.04,cancelled,2024,3,Wednesday,Large,False
1898,762,2024-03-20 01:00:00,75.17,pending,2024,3,Wednesday,Medium,False
1899,548,2024-03-20 02:00:00,87.78,pending,2024,3,Wednesday,Medium,False
1900,751,2024-03-20 03:00:00,475.14,completed,2024,3,Wednesday,Extra Large,True
1901,148,2024-03-20 04:00:00,441.0,completed,2024,3,Wednesday,Extra Large,True
1902,467,2024-03-20 05:00:00,454.45,completed,2024,3,Wednesday,Extra Large,True
1903,739,2024-03-20 06:00:00,495.85,completed,2024,3,Wednesday,Extra Large,True
1904,244,2024-03-20 07:00:00,112.07,pending,2024,3,Wednesday,Medium,False
1905,491,2024-03-20 08:00:00,184.17,completed,2024,3,Wednesday,Large,False
1906,849,2024-03-20 09:00:00,337.92,pending,2024,3,Wednesday,Extra Large,False
1907,958,2024-03-20 10:00:00,247.06,pending,2024,3,Wednesday,Large,False
1908,507,2024-03-20 11:00:00,215.01,cancelled,2024,3,Wednesday,Large,False
1909,365,2024-03-20 12:00:00,185.33,pending,2024,3,Wednesday,Large,False
1910,482,2024-03-20 13:00:00,300.95,completed,2024,3,Wednesday,Extra Large,False
1911,201,2024-03-20 14:00:00,292.04,completed,2024,3,Wednesday,Large,False
1912,154,2024-03-20 15:00:00,89.11,completed,2024,3,Wednesday,Medium,False
1913,450,2024-03-20 16:00:00,241.15,completed,2024,3,Wednesday,Large,False
1914,501,2024-03-20 17:00:00,281.2,completed,2024,3,Wednesday,Large,False
1915,73,2024-03-20 18:00:00,289.44,pending,2024,3,Wednesday,Large,False
1916,713,2024-03-20 19:00:00,112.95,pending,2024,3,Wednesday,Medium,False
1917,296,2024-03-20 20:00:00,373.71,completed,2024,3,Wednesday,Extra Large,False
1918,17,2024-03-20 21:00:00,22.35,completed,2024,3,Wednesday,Small,False
1919,641,2024-03-20 22:00:00,183.87,completed,2024,3,Wednesday,Large,False
1920,217,2024-03-20 23:00:00,392.3,completed,2024,3,Wednesday,Extra Large,False
1921,61,2024-03-21 00:00:00,286.31,completed,2024,3,Thursday,Large,False
1922,939,2024-03-21 01:00:00,137.97,completed,2024,3,Thursday,Medium,False
1923,616,2024-03-21 02:00:00,350.53,completed,2024,3,Thursday,Extra Large,False
1924,42,2024-03-21 03:00:00,288.02,completed,2024,3,Thursday,Large,False
1925,25,2024-03-21 04:00:00,400.16,completed,2024,3,Thursday,Extra Large,True
1926,39,2024-03-21 05:00:00,370.16,completed,2024,3,Thursday,Extra Large,False
1927,803,2024-03-21 06:00:00,308.95,completed,2024,3,Thursday,Extra Large,False
1928,131,2024-03-21 07:00:00,249.21,completed,2024,3,Thursday,Large,False
1929,498,2024-03-21 08:00:00,75.26,completed,2024,3,Thursday,Medium,False
1930,229,2024-03-21 09:00:00,138.05,cancelled,2024,3,Thursday,Medium,False
1931,108,2024-03-21 10:00:00,215.36,completed,2024,3,Thursday,Large,False
1932,172,2024-03-21 11:00:00,303.66,completed,2024,3,Thursday,Extra Large,False
1933,435,2024-03-21 12:00:00,261.72,completed,2024,3,Thursday,Large,False
1934,478,2024-03-21 13:00:00,151.21,completed,2024,3,Thursday,Large,False
1935,102,2024-03-21 14:00:00,13.17,pending,2024,3,Thursday,Small,False
1936,866,2024-03-21 15:00:00,253.16,completed,2024,3,Thursday,Large,False
1937,524,2024-03-21 16:00:00,149.96,completed,2024,3,Thursday,Medium,False
1938,275,2024-03-21 17:00:00,369.96,completed,2024,3,Thursday,Extra Large,False
1939,613,2024-03-21 18:00:00,21.73,completed,2024,3,Thursday,Small,False
1940,44,2024-03-21 19:00:00,296.57,completed,2024,3,Thursday,Large,False
1941,955,2024-03-21 20:00:00,471.32,completed,2024,3,Thursday,Extra Large,True
1942,817,2024-03-21 21:00:00,95.46,completed,2024,3,Thursday,Medium,False
1943,957,2024-03-21 22:00:00,241.11,completed,2024,3,Thursday,Large,False
1944,17,2024-03-21 23:00:00,54.8,completed,2024,3,Thursday,Medium,False
1945,330,2024-03-22 00:00:00,316.58,completed,2024,3,Friday,Extra Large,False
1946,569,2024-03-22 01:00:00,279.76,completed,2024,3,Friday,Large,False
1947,823,2024-03-22 02:00:00,209.61,completed,2024,3,Friday,Large,False
1948,497,2024-03-22 03:00:00,265.47,completed,2024,3,Friday,Large,False
1949,815,2024-03-22 04:00:00,449.32,completed,2024,3,Friday,Extra Large,True
1950,12,2024-03-22 05:00:00,106.18,completed,2024,3,Friday,Medium,False
1951,318,2024-03-22 06:00:00,21.06,completed,2024,3,Friday,Small,False
1952,592,2024-03-22 07:00:00,432.22,completed,2024,3,Friday,Extra Large,True
1953,216,2024-03-22 08:00:00,292.79,completed,2024,3,Friday,Large,False
1954,339,2024-03-22 09:00:00,446.42,pending,2024,3,Friday,Extra Large,True
1955,776,2024-03-22 10:00:00,302.5,completed,2024,3,Friday,Extra Large,False
1956,991,2024-03-22 11:00:00,406.98,completed,2024,3,Friday,Extra Large,True
1957,661,2024-03-22 12:00:00,220.54,completed,2024,3,Friday,Large,False
1958,81,2024-03-22 13:00:00,377.43,pending,2024,3,Friday,Extra Large,False
1959,727,2024-03-22 14:00:00,457.39,completed,2024,3,Friday,Extra Large,True
1960,485,2024-03-22 15:00:00,290.34,cancelled,2024,3,Friday,Large,False
1961,374,2024-03-22 16:00:00,98.58,pending,2024,3,Friday,Medium,False
1962,976,2024-03-22 17:00:00,141.71,completed,2024,3,Friday,Medium,False
1963,710,2024-03-22 18:00:00,107.34,pending,2024,3,Friday,Medium,False
1964,200,2024-03-22 19:00:00,130.96,completed,2024,3,Friday,Medium,False
1965,537,2024-03-22 20:00:00,160.14,pending,2024,3,Friday,Large,False
1966,466,2024-03-22 21:00:00,282.02,completed,2024,3,Friday,Large,False
1967,89,2024-03-22 22:00:00,298.12,completed,2024,3,Friday,Large,False
1968,268,2024-03-22 23:00:00,218.98,completed,2024,3,Friday,Large,False
1969,655,2024-03-23 00:00:00,311.56,completed,2024,3,Saturday,Extra Large,False
1970,571,2024-03-23 01:00:00,49.97,completed,2024,3,Saturday,Small,False
1971,922,2024-03-23 02:00:00,53.02,completed,2024,3,Saturday,Medium,False
1972,489,2024-03-23 03:00:00,94.2,completed,2024,3,Saturday,Medium,False
1973,877,2024-03-23 04:00:00,263.86,completed,2024,3,Saturday,Large,False
1974,538,2024-03-23 05:00:00,114.86,completed,2024,3,Saturday,Medium,False
1975,47,2024-03-23 06:00:00,148.81,completed,2024,3,Saturday,Medium,False
1976,288,2024-03-23 07:00:00,206.15,completed,2024,3,Saturday,Large,False
1977,778,2024-03-23 08:00:00,407.81,completed,2024,3,Saturday,Extra Large,True
1978,16,2024-03-23 09:00:00,16.79,completed,2024,3,Saturday,Small,False
1979,711,2024-03-23 10:00:00,328.2,completed,2024,3,Saturday,Extra Large,False
1980,401,2024-03-23 11:00:00,337.75,completed,2024,3,Saturday,Extra Large,False
1981,919,2024-03-23 12:00:00,401.34,cancelled,2024,3,Saturday,Extra Large,True
1982,794,2024-03-23 13:00:00,467.05,completed,2024,3,Saturday,Extra Large,True
1983,981,2024-03-23 14:00:00,19.87,pending,2024,3,Saturday,Small,False
1984,86,2024-03-23 15:00:00,85.35,completed,2024,3,Saturday,Medium,False
1985,250,2024-03-23 16:00:00,444.22,completed,2024,3,Saturday,Extra Large,True
1986,391,2024-03-23 17:00:00,234.67,completed,2024,3,Saturday,Large,False
1987,782,2024-03-23 18:00:00,286.65,pending,2024,3,Saturday,Large,False
1988,335,2024-03-23 19:00:00,334.88,completed,2024,3,Saturday,Extra Large,False
1989,629,2024-03-23 20:00:00,342.74,completed,2024,3,Saturday,Extra Large,False
1990,519,2024-03-23 21:00:00,466.55,completed,2024,3,Saturday,Extra Large,True
1991,137,2024-03-23 22:00:00,498.51,completed,2024,3,Saturday,Extra Large,True
1992,883,2024-03-23 23:00:00,362.88,pending,2024,3,Saturday,Extra Large,False
1993,688,2024-03-24 00:00:00,150.74,completed,2024,3,Sunday,Large,False
1994,840,2024-03-24 01:00:00,441.08,completed,2024,3,Sunday,Extra Large,True
1995,498,2024-03-24 02:00:00,34.12,completed,2024,3,Sunday,Small,False
1996,827,2024-03-24 03:00:00,123.23,completed,2024,3,Sunday,Medium,False
1997,727,2024-03-24 04:00:00,449.72,completed,2024,3,Sunday,Extra Large,True
1998,477,2024-03-24 05:00:00,135.53,completed,2024,3,Sunday,Medium,False
1999,594,2024-03-24 06:00:00,118.12,pending,2024,3,Sunday,Medium,False
2000,223,2024-03-24 07:00:00,77.68,completed,2024,3,Sunday,Medium,False
2001,990,2024-03-24 08:00:00,430.96,pending,2024,3,Sunday,Extra Large,True
2002,372,2024-03-24 09:00:00,255.03,completed,2024,3,Sunday,Large,False
2003,935,2024-03-24 10:00:00,340.7,completed,2024,3,Sunday,Extra Large,False
2004,995,2024-03-24 11:00:00,127.14,completed,2024,3,Sunday,Medium,False
2005,402,2024-03-24 12:00:00,381.44,completed,2024,3,Sunday,Extra Large,False
2006,443,2024-03-24 13:00:00,382.4,completed,2024,3,Sunday,Extra Large,False
2007,490,2024-03-24 14:00:00,163.17,completed,2024,3,Sunday,Large,False
2008,615,2024-03-24 15:00:00,211.23,completed,2024,3,Sunday,Large,False
2009,273,2024-03-24 16:00:00,112.75,completed,2024,3,Sunday,Medium,False
2010,526,2024-03-24 17:00:00,488.51,completed,2024,3,Sunday,Extra Large,True
2011,159,2024-03-24 18:00:00,326.35,completed,2024,3,Sunday,Extra Large,False
2012,152,2024-03-24 19:00:00,467.93,completed,2024,3,Sunday,Extra Large,True
2013,995,2024-03-24 20:00:00,158.66,completed,2024,3,Sunday,Large,False
2014,620,2024-03-24 21:00:00,393.13,completed,2024,3,Sunday,Extra Large,False
2015,188,2024-03-24 22:00:00,385.27,completed,2024,3,Sunday,Extra Large,False
2016,813,2024-03-24 23:00:00,348.91,pending,2024,3,Sunday,Extra Large,False
2017,98,2024-03-25 00:00:00,483.16,pending,2024,3,Monday,Extra Large,True
2018,131,2024-03-25 01:00:00,202.84,completed,2024,3,Monday,Large,False
2019,805,2024-03-25 02:00:00,74.05,completed,2024,3,Monday,Medium,False
2020,171,2024-03-25 03:00:00,339.14,completed,2024,3,Monday,Extra Large,False
2021,936,2024-03-25 04:00:00,367.36,completed,2024,3,Monday,Extra Large,False
2022,986,2024-03-25 05:00:00,291.78,completed,2024,3,Monday,Large,False
2023,183,2024-03-25 06:00:00,111.34,completed,2024,3,Monday,Medium,False
2024,983,2024-03-25 07:00:00,257.18,completed,2024,3,Monday,Large,False
2025,364,2024-03-25 08:00:00,162.97,completed,2024,3,Monday,Large,False
2026,39,2024-03-25 09:00:00,219.46,completed,2024,3,Monday,Large,False
2027,527,2024-03-25 10:00:00,326.16,completed,2024,3,Monday,Extra Large,False
2028,888,2024-03-25 11:00:00,375.16,completed,2024,3,Monday,Extra Large,False
2029,497,2024-03-25 12:00:00,123.79,completed,2024,3,Monday,Medium,False
2030,516,2024-03-25 13:00:00,208.61,completed,2024,3,Monday,Large,False
2031,349,2024-03-25 14:00:00,141.89,completed,2024,3,Monday,Medium,False
2032,982,2024-03-25 15:00:00,107.33,completed,2024,3,Monday,Medium,False
2033,921,2024-03-25 16:00:00,393.86,completed,2024,3,Monday,Extra Large,False
2034,397,2024-03-25 17:00:00,455.53,completed,2024,3,Monday,Extra Large,True
2035,722,2024-03-25 18:00:00,191.41,completed,2024,3,Monday,Large,False
2036,161,2024-03-25 19:00:00,378.13,completed,2024,3,Monday,Extra Large,False
2037,16,2024-03-25 20:00:00,449.53,completed,2024,3,Monday,Extra Large,True
2038,493,2024-03-25 21:00:00,424.6,pending,2024,3,Monday,Extra Large,True
2039,426,2024-03-25 22:00:00,99.58,completed,2024,3,Monday,Medium,False
2040,108,2024-03-25 23:00:00,478.58,completed,2024,3,Monday,Extra Large,True
2041,894,2024-03-26 00:00:00,194.57,completed,2024,3,Tuesday,Large,False
2042,450,2024-03-26 01:00:00,176.23,completed,2024,3,Tuesday,Large,False
2043,311,2024-03-26 02:00:00,40.59,completed,2024,3,Tuesday,Small,False
2044,739,2024-03-26 03:00:00,248.23,pending,2024,3,Tuesday,Large,False
2045,170,2024-03-26 04:00:00,63.42,completed,2024,3,Tuesday,Medium,False
2046,546,2024-03-26 05:00:00,131.78,cancelled,2024,3,Tuesday,Medium,False
2047,414,2024-03-26 06:00:00,165.3,pending,2024,3,Tuesday,Large,False
2048,251,2024-03-26 07:00:00,406.32,completed,2024,3,Tuesday,Extra Large,True
2049,759,2024-03-26 08:00:00,438.99,pending,2024,3,Tuesday,Extra Large,True
2050,781,2024-03-26 09:00:00,158.21,completed,2024,3,Tuesday,Large,False
2051,141,2024-03-26 10:00:00,430.76,completed,2024,3,Tuesday,Extra Large,True
2052,274,2024-03-26 11:00:00,430.04,completed,2024,3,Tuesday,Extra Large,True
2053,416,2024-03-26 12:00:00,384.68,completed,2024,3,Tuesday,Extra Large,False
2054,608,2024-03-26 13:00:00,81.88,completed,2024,3,Tuesday,Medium,False
2055,739,2024-03-26 14:00:00,348.26,completed,2024,3,Tuesday,Extra Large,False
2056,891,2024-03-26 15:00:00,473.06,completed,2024,3,Tuesday,Extra Large,True
2057,39,2024-03-26 16:00:00,344.44,completed,2024,3,Tuesday,Extra Large,False
2058,814,2024-03-26 17:00:00,172.49,completed,2024,3,Tuesday,Large,False
2059,29,2024-03-26 18:00:00,255.28,pending,2024,3,Tuesday,Large,False
2060,958,2024-03-26 19:00:00,326.41,completed,2024,3,Tuesday,Extra Large,False
2061,477,2024-03-26 20:00:00,260.18,completed,2024,3,Tuesday,Large,False
2062,318,2024-03-26 21:00:00,68.78,completed,2024,3,Tuesday,Medium,False
2063,245,2024-03-26 22:00:00,162.91,completed,2024,3,Tuesday,Large,False
2064,748,2024-03-26 23:00:00,403.17,completed,2024,3,Tuesday,Extra Large,True
2065,697,2024-03-27 00:00:00,432.09,completed,2024,3,Wednesday,Extra Large,True
2066,272,2024-03-27 01:00:00,77.28,completed,2024,3,Wednesday,Medium,False
2067,440,2024-03-27 02:00:00,476.67,completed,2024,3,Wednesday,Extra Large,True
2068,748,2024-03-27 03:00:00,171.12,pending,2024,3,Wednesday,Large,False
2069,239,2024-03-27 04:00:00,334.53,completed,2024,3,Wednesday,Extra Large,False
2070,377,2024-03-27 05:00:00,378.39,completed,2024,3,Wednesday,Extra Large,False
2071,266,2024-03-27 06:00:00,407.85,completed,2024,3,Wednesday,Extra Large,True
2072,926,2024-03-27 07:00:00,473.42,completed,2024,3,Wednesday,Extra Large,True
2073,921,2024-03-27 08:00:00,163.33,completed,2024,3,Wednesday,Large,False
2074,359,2024-03-27 09:00:00,430.67,completed,2024,3,Wednesday,Extra Large,True
2075,340,2024-03-27 10:00:00,74.53,completed,2024,3,Wednesday,Medium,False
2076,389,2024-03-27 11:00:00,355.47,completed,2024,3,Wednesday,Extra Large,False
2077,577,2024-03-27 12:00:00,373.57,completed,2024,3,Wednesday,Extra Large,False
2078,990,2024-03-27 13:00:00,342.08,completed,2024,3,Wednesday,Extra Large,False
2079,689,2024-03-27 14:00:00,133.63,completed,2024,3,Wednesday,Medium,False
2080,3,2024-03-27 15:00:00,437.79,completed,2024,3,Wednesday,Extra Large,True
2081,429,2024-03-27 16:00:00,92.74,completed,2024,3,Wednesday,Medium,False
2082,142,2024-03-27 17:00:00,36.28,completed,2024,3,Wednesday,Small,False
2083,376,2024-03-27 18:00:00,361.56,completed,2024,3,Wednesday,Extra Large,False
2084,670,2024-03-27 19:00:00,242.98,completed,2024,3,Wednesday,Large,False
2085,324,2024-03-27 20:00:00,426.06,completed,2024,3,Wednesday,Extra Large,True
2086,146,2024-03-27 21:00:00,197.86,completed,2024,3,Wednesday,Large,False
2087,958,2024-03-27 22:00:00,92.46,completed,2024,3,Wednesday,Medium,False
2088,293,2024-03-27 23:00:00,419.86,pending,2024,3,Wednesday,Extra Large,True
2089,665,2024-03-28 00:00:00,278.97,completed,2024,3,Thursday,Large,False
2090,432,2024-03-28 01:00:00,102.71,completed,2024,3,Thursday,Medium,False
2091,705,2024-03-28 02:00:00,362.99,pending,2024,3,Thursday,Extra Large,False
2092,949,2024-03-28 03:00:00,260.45,completed,2024,3,Thursday,Large,False
2093,975,2024-03-28 04:00:00,306.11,completed,2024,3,Thursday,Extra Large,False
2094,585,2024-03-28 05:00:00,235.84,completed,2024,3,Thursday,Large,False
2095,399,2024-03-28 06:00:00,416.07,completed,2024,3,Thursday,Extra Large,True
2096,817,2024-03-28 07:00:00,416.49,completed,2024,3,Thursday,Extra Large,True
2097,889,2024-03-28 08:00:00,357.6,completed,2024,3,Thursday,Extra Large,False
2098,344,2024-03-28 09:00:00,61.65,completed,2024,3,Thursday,Medium,False
2099,964,2024-03-28 10:00:00,421.04,completed,2024,3,Thursday,Extra Large,True
2100,140,2024-03-28 11:00:00,338.8,completed,2024,3,Thursday,Extra Large,False
2101,187,2024-03-28 12:00:00,351.54,completed,2024,3,Thursday,Extra Large,False
2102,805,2024-03-28 13:00:00,187.86,completed,2024,3,Thursday,Large,False
2103,61,2024-03-28 14:00:00,440.85,completed,2024,3,Thursday,Extra Large,True
2104,997,2024-03-28 15:00:00,365.43,completed,2024,3,Thursday,Extra Large,False
2105,939,2024-03-28 16:00:00,65.17,completed,2024,3,Thursday,Medium,False
2106,380,2024-03-28 17:00:00,209.81,completed,2024,3,Thursday,Large,False
2107,710,2024-03-28 18:00:00,444.33,completed,2024,3,Thursday,Extra Large,True
2108,807,2024-03-28 19:00:00,33.13,pending,2024,3,Thursday,Small,False
2109,440,2024-03-28 20:00:00,481.09,completed,2024,3,Thursday,Extra Large,True
2110,319,2024-03-28 21:00:00,342.79,completed,2024,3,Thursday,Extra Large,False
2111,302,2024-03-28 22:00:00,319.37,completed,2024,3,Thursday,Extra Large,False
2112,344,2024-03-28 23:00:00,142.57,completed,2024,3,Thursday,Medium,False
2113,11,2024-03-29 00:00:00,131.91,completed,2024,3,Friday,Medium,False
2114,62,2024-03-29 01:00:00,471.61,completed,2024,3,Friday,Extra Large,True
2115,845,2024-03-29 02:00:00,156.15,pending,2024,3,Friday,Large,False
2116,226,2024-03-29 03:00:00,390.0,completed,2024,3,Friday,Extra Large,False
2117,153,2024-03-29 04:00:00,202.63,completed,2024,3,Friday,Large,False
2118,711,2024-03-29 05:00:00,78.23,completed,2024,3,Friday,Medium,False
2119,564,2024-03-29 06:00:00,15.25,completed,2024,3,Friday,Small,False
2120,772,2024-03-29 07:00:00,276.69,completed,2024,3,Friday,Large,False
2121,571,2024-03-29 08:00:00,488.13,pending,2024,3,Friday,Extra Large,True
2122,584,2024-03-29 09:00:00,190.88,cancelled,2024,3,Friday,Large,False
2123,660,2024-03-29 10:00:00,185.02,completed,2024,3,Friday,Large,False
2124,861,2024-03-29 11:00:00,178.6,completed,2024,3,Friday,Large,False
2125,575,2024-03-29 12:00:00,265.07,pending,2024,3,Friday,Large,False
2126,310,2024-03-29 13:00:00,225.93,completed,2024,3,Friday,Large,False
2127,885,2024-03-29 14:00:00,441.16,completed,2024,3,Friday,Extra Large,True
2128,243,2024-03-29 15:00:00,257.71,completed,2024,3,Friday,Large,False
2129,493,2024-03-29 16:00:00,258.8,completed,2024,3,Friday,Large,False
2130,366,2024-03-29 17:00:00,77.8,completed,2024,3,Friday,Medium,False
2131,330,2024-03-29 18:00:00,491.54,pending,2024,3,Friday,Extra Large,True
2132,107,2024-03-29 19:00:00,132.49,completed,2024,3,Friday,Medium,False
2133,226,2024-03-29 20:00:00,45.95,completed,2024,3,Friday,Small,False
2134,825,2024-03-29 21:00:00,334.94,completed,2024,3,Friday,Extra Large,False
2135,218,2024-03-29 22:00:00,301.73,pending,2024,3,Friday,Extra Large,False
2136,937,2024-03-29 23:00:00,213.42,completed,2024,3,Friday,Large,False
2137,753,2024-03-30 00:00:00,216.87,completed,2024,3,Saturday,Large,False
2138,506,2024-03-30 01:00:00,394.68,completed,2024,3,Saturday,Extra Large,False
2139,259,2024-03-30 02:00:00,105.9,completed,2024,3,Saturday,Medium,False
2140,888,2024-03-30 03:00:00,411.92,completed,2024,3,Saturday,Extra Large,True
2141,774,2024-03-30 04:00:00,327.89,completed,2024,3,Saturday,Extra Large,False
2142,517,2024-03-30 05:00:00,215.3,completed,2024,3,Saturday,Large,False
2143,773,2024-03-30 06:00:00,234.43,pending,2024,3,Saturday,Large,False
2144,54,2024-03-30 07:00:00,135.76,completed,2024,3,Saturday,Medium,False
2145,47,2024-03-30 08:00:00,378.54,completed,2024,3,Saturday,Extra Large,False
2146,727,2024-03-30 09:00:00,261.31,completed,2024,3,Saturday,Large,False
2147,689,2024-03-30 10:00:00,167.22,completed,2024,3,Saturday,Large,False
2148,521,2024-03-30 11:00:00,302.06,completed,2024,3,Saturday,Extra Large,False
2149,99,2024-03-30 12:00:00,497.91,completed,2024,3,Saturday,Extra Large,True
2150,20,2024-03-30 13:00:00,223.28,completed,2024,3,Saturday,Large,False
2151,890,2024-03-30 14:00:00,461.14,completed,2024,3,Saturday,Extra Large,True
2152,753,2024-03-30 15:00:00,179.06,completed,2024,3,Saturday,Large,False
2153,573,2024-03-30 16:00:00,36.82,completed,2024,3,Saturday,Small,False
2154,891,2024-03-30 17:00:00,110.08,completed,2024,3,Saturday,Medium,False
2155,490,2024-03-30 18:00:00,215.16,completed,2024,3,Saturday,Large,False
2156,419,2024-03-30 19:00:00,117.62,completed,2024,3,Saturday,Medium,False
2157,690,2024-03-30 20:00:00,10.11,cancelled,2024,3,Saturday,Small,False
2158,850,2024-03-30 21:00:00,458.35,pending,2024,3,Saturday,Extra Large,True
2159,62,2024-03-30 22:00:00,423.5,completed,2024,3,Saturday,Extra Large,True
2160,145,2024-03-30 23:00:00,373.72,completed,2024,3,Saturday,Extra Large,False
2161,216,2024-03-31 00:00:00,92.23,completed,2024,3,Sunday,Medium,False
2162,3,2024-03-31 01:00:00,68.98,completed,2024,3,Sunday,Medium,False
2163,160,2024-03-31 02:00:00,43.13,completed,2024,3,Sunday,Small,False
2164,739,2024-03-31 03:00:00,364.77,completed,2024,3,Sunday,Extra Large,False
2165,998,2024-03-31 04:00:00,465.12,completed,2024,3,Sunday,Extra Large,True
2166,781,2024-03-31 05:00:00,220.96,completed,2024,3,Sunday,Large,False
2167,120,2024-03-31 06:00:00,68.38,completed,2024,3,Sunday,Medium,False
2168,893,2024-03-31 07:00:00,261.07,completed,2024,3,Sunday,Large,False
2169,89,2024-03-31 08:00:00,180.93,completed,2024,3,Sunday,Large,False
2170,329,2024-03-31 09:00:00,193.66,completed,2024,3,Sunday,Large,False
2171,580,2024-03-31 10:00:00,314.45,completed,2024,3,Sunday,Extra Large,False
2172,910,2024-03-31 11:00:00,362.17,completed,2024,3,Sunday,Extra Large,False
2173,357,2024-03-31 12:00:00,64.2,completed,2024,3,Sunday,Medium,False
2174,610,2024-03-31 13:00:00,27.44,pending,2024,3,Sunday,Small,False
2175,267,2024-03-31 14:00:00,497.22,completed,2024,3,Sunday,Extra Large,True
2176,617,2024-03-31 15:00:00,124.04,completed,2024,3,Sunday,Medium,False
2177,952,2024-03-31 16:00:00,36.38,completed,2024,3,Sunday,Small,False
2178,323,2024-03-31 17:00:00,103.04,completed,2024,3,Sunday,Medium,False
2179,635,2024-03-31 18:00:00,29.09,completed,2024,3,Sunday,Small,False
2180,988,2024-03-31 19:00:00,201.99,completed,2024,3,Sunday,Large,False
2181,541,2024-03-31 20:00:00,403.18,pending,2024,3,Sunday,Extra Large,True
2182,649,2024-03-31 21:00:00,177.21,completed,2024,3,Sunday,Large,False
2183,195,2024-03-31 22:00:00,227.65,completed,2024,3,Sunday,Large,False
2184,921,2024-03-31 23:00:00,341.04,completed,2024,3,Sunday,Extra Large,False
2185,738,2024-04-01 00:00:00,259.36,completed,2024,4,Monday,Large,False
2186,332,2024-04-01 01:00:00,432.11,completed,2024,4,Monday,Extra Large,True
2187,170,2024-04-01 02:00:00,434.36,completed,2024,4,Monday,Extra Large,True
2188,521,2024-04-01 03:00:00,14.86,completed,2024,4,Monday,Small,False
2189,463,2024-04-01 04:00:00,391.24,cancelled,2024,4,Monday,Extra Large,False
2190,40,2024-04-01 05:00:00,235.76,completed,2024,4,Monday,Large,False
2191,537,2024-04-01 06:00:00,494.53,completed,2024,4,Monday,Extra Large,True
2192,261,2024-04-01 07:00:00,246.78,pending,2024,4,Monday,Large,False
2193,395,2024-04-01 08:00:00,493.58,completed,2024,4,Monday,Extra Large,True
2194,955,2024-04-01 09:00:00,379.74,cancelled,2024,4,Monday,Extra Large,False
2195,226,2024-04-01 10:00:00,131.82,pending,2024,4,Monday,Medium,False
2196,984,2024-04-01 11:00:00,273.81,pending,2024,4,Monday,Large,False
2197,124,2024-04-01 12:00:00,496.15,completed,2024,4,Monday,Extra Large,True
2198,975,2024-04-01 13:00:00,430.19,completed,2024,4,Monday,Extra Large,True
2199,38,2024-04-01 14:00:00,57.71,completed,2024,4,Monday,Medium,False
2200,328,2024-04-01 15:00:00,356.12,cancelled,2024,4,Monday,Extra Large,False
2201,251,2024-04-01 16:00:00,179.33,completed,2024,4,Monday,Large,False
2202,901,2024-04-01 17:00:00,13.42,completed,2024,4,Monday,Small,False
2203,176,2024-04-01 18:00:00,207.71,completed,2024,4,Monday,Large,False
2204,602,2024-04-01 19:00:00,125.03,completed,2024,4,Monday,Medium,False
2205,914,2024-04-01 20:00:00,411.25,completed,2024,4,Monday,Extra Large,True
2206,454,2024-04-01 21:00:00,175.29,completed,2024,4,Monday,Large,False
2207,37,2024-04-01 22:00:00,415.49,completed,2024,4,Monday,Extra Large,True
2208,316,2024-04-01 23:00:00,10.29,completed,2024,4,Monday,Small,False
2209,688,2024-04-02 00:00:00,160.83,cancelled,2024,4,Tuesday,Large,False
2210,973,2024-04-02 01:00:00,128.17,completed,2024,4,Tuesday,Medium,False
2211,796,2024-04-02 02:00:00,124.45,completed,2024,4,Tuesday,Medium,False
2212,965,2024-04-02 03:00:00,43.41,completed,2024,4,Tuesday,Small,False
2213,973,2024-04-02 04:00:00,101.69,completed,2024,4,Tuesday,Medium,False
2214,593,2024-04-02 05:00:00,282.22,completed,2024,4,Tuesday,Large,False
2215,114,2024-04-02 06:00:00,152.77,pending,2024,4,Tuesday,Large,False
2216,40,2024-04-02 07:00:00,214.52,completed,2024,4,Tuesday,Large,False
2217,301,2024-04-02 08:00:00,194.66,completed,2024,4,Tuesday,Large,False
2218,224,2024-04-02 09:00:00,439.19,completed,2024,4,Tuesday,Extra Large,True
2219,318,2024-04-02 10:00:00,453.6,completed,2024,4,Tuesday,Extra Large,True
2220,349,2024-04-02 11:00:00,251.55,completed,2024,4,Tuesday,Large,False
2221,115,2024-04-02 12:00:00,171.78,completed,2024,4,Tuesday,Large,False
2222,698,2024-04-02 13:00:00,62.33,completed,2024,4,Tuesday,Medium,False
2223,323,2024-04-02 14:00:00,477.17,completed,2024,4,Tuesday,Extra Large,True
2224,568,2024-04-02 15:00:00,39.51,completed,2024,4,Tuesday,Small,False
2225,40,2024-04-02 16:00:00,155.85,completed,2024,4,Tuesday,Large,False
2226,866,2024-04-02 17:00:00,156.05,completed,2024,4,Tuesday,Large,False
2227,40,2024-04-02 18:00:00,167.0,completed,2024,4,Tuesday,Large,False
2228,859,2024-04-02 19:00:00,90.5,pending,2024,4,Tuesday,Medium,False
2229,973,2024-04-02 20:00:00,393.75,completed,2024,4,Tuesday,Extra Large,False
2230,749,2024-04-02 21:00:00,70.02,completed,2024,4,Tuesday,Medium,False
2231,289,2024-04-02 22:00:00,321.1,pending,2024,4,Tuesday,Extra Large,False
2232,262,2024-04-02 23:00:00,70.68,completed,2024,4,Tuesday,Medium,False
2233,216,2024-04-03 00:00:00,44.56,completed,2024,4,Wednesday,Small,False
2234,147,2024-04-03 01:00:00,455.62,completed,2024,4,Wednesday,Extra Large,True
2235,336,2024-04-03 02:00:00,103.16,completed,2024,4,Wednesday,Medium,False
2236,168,2024-04-03 03:00:00,412.41,completed,2024,4,Wednesday,Extra Large,True
2237,92,2024-04-03 04:00:00,276.87,completed,2024,4,Wednesday,Large,False
2238,353,2024-04-03 05:00:00,48.15,completed,2024,4,Wednesday,Small,False
2239,571,2024-04-03 06:00:00,478.17,completed,2024,4,Wednesday,Extra Large,True
2240,571,2024-04-03 07:00:00,131.01,cancelled,2024,4,Wednesday,Medium,False
2241,816,2024-04-03 08:00:00,431.23,completed,2024,4,Wednesday,Extra Large,True
2242,681,2024-04-03 09:00:00,92.72,completed,2024,4,Wednesday,Medium,False
2243,781,2024-04-03 10:00:00,428.43,pending,2024,4,Wednesday,Extra Large,True
2244,363,2024-04-03 11:00:00,16.48,completed,2024,4,Wednesday,Small,False
2245,557,2024-04-03 12:00:00,260.77,completed,2024,4,Wednesday,Large,False
2246,345,2024-04-03 13:00:00,387.03,cancelled,2024,4,Wednesday,Extra Large,False
2247,693,2024-04-03 14:00:00,468.05,completed,2024,4,Wednesday,Extra Large,True
2248,170,2024-04-03 15:00:00,455.51,completed,2024,4,Wednesday,Extra Large,True
2249,356,2024-04-03 16:00:00,411.62,completed,2024,4,Wednesday,Extra Large,True
2250,191,2024-04-03 17:00:00,445.21,completed,2024,4,Wednesday,Extra Large,True
2251,667,2024-04-03 18:00:00,107.62,completed,2024,4,Wednesday,Medium,False
2252,422,2024-04-03 19:00:00,149.25,completed,2024,4,Wednesday,Medium,False
2253,700,2024-04-03 20:00:00,151.59,completed,2024,4,Wednesday,Large,False
2254,7,2024-04-03 21:00:00,194.76,completed,2024,4,Wednesday,Large,False
2255,133,2024-04-03 22:00:00,202.73,completed,2024,4,Wednesday,Large,False
2256,747,2024-04-03 23:00:00,276.83,completed,2024,4,Wednesday,Large,False
2257,557,2024-04-04 00:00:00,88.34,completed,2024,4,Thursday,Medium,False
2258,826,2024-04-04 01:00:00,348.71,completed,2024,4,Thursday,Extra Large,False
2259,761,2024-04-04 02:00:00,92.11,completed,2024,4,Thursday,Medium,False
2260,31,2024-04-04 03:00:00,162.05,completed,2024,4,Thursday,Large,False
2261,535,2024-04-04 04:00:00,256.64,completed,2024,4,Thursday,Large,False
2262,426,2024-04-04 05:00:00,400.26,completed,2024,4,Thursday,Extra Large,True
2263,394,2024-04-04 06:00:00,372.34,pending,2024,4,Thursday,Extra Large,False
2264,672,2024-04-04 07:00:00,326.31,completed,2024,4,Thursday,Extra Large,False
2265,363,2024-04-04 08:00:00,86.33,cancelled,2024,4,Thursday,Medium,False
2266,437,2024-04-04 09:00:00,278.05,completed,2024,4,Thursday,Large,False
2267,670,2024-04-04 10:00:00,52.85,completed,2024,4,Thursday,Medium,False
2268,551,2024-04-04 11:00:00,194.91,pending,2024,4,Thursday,Large,False
2269,927,2024-04-04 12:00:00,212.62,completed,2024,4,Thursday,Large,False
2270,82,2024-04-04 13:00:00,29.51,completed,2024,4,Thursday,Small,False
2271,356,2024-04-04 14:00:00,144.25,pending,2024,4,Thursday,Medium,False
2272,258,2024-04-04 15:00:00,478.27,pending,2024,4,Thursday,Extra Large,True
2273,718,2024-04-04 16:00:00,477.28,cancelled,2024,4,Thursday,Extra Large,True
2274,589,2024-04-04 17:00:00,182.64,completed,2024,4,Thursday,Large,False
2275,989,2024-04-04 18:00:00,31.12,completed,2024,4,Thursday,Small,False
2276,524,2024-04-04 19:00:00,97.76,completed,2024,4,Thursday,Medium,False
2277,295,2024-04-04 20:00:00,202.19,completed,2024,4,Thursday,Large,False
2278,962,2024-04-04 21:00:00,474.41,pending,2024,4,Thursday,Extra Large,True
2279,224,2024-04-04 22:00:00,79.19,completed,2024,4,Thursday,Medium,False
2280,525,2024-04-04 23:00:00,384.12,completed,2024,4,Thursday,Extra Large,False
2281,46,2024-04-05 00:00:00,63.25,completed,2024,4,Friday,Medium,False
2282,667,2024-04-05 01:00:00,490.82,completed,2024,4,Friday,Extra Large,True
2283,113,2024-04-05 02:00:00,196.99,cancelled,2024,4,Friday,Large,False
2284,233,2024-04-05 03:00:00,389.86,completed,2024,4,Friday,Extra Large,False
2285,17,2024-04-05 04:00:00,177.87,completed,2024,4,Friday,Large,False
2286,360,2024-04-05 05:00:00,317.56,pending,2024,4,Friday,Extra Large,False
2287,223,2024-04-05 06:00:00,104.09,completed,2024,4,Friday,Medium,False
2288,866,2024-04-05 07:00:00,81.55,completed,2024,4,Friday,Medium,False
2289,700,2024-04-05 08:00:00,469.65,completed,2024,4,Friday,Extra Large,True
2290,448,2024-04-05 09:00:00,459.65,completed,2024,4,Friday,Extra Large,True
2291,856,2024-04-05 10:00:00,444.86,completed,2024,4,Friday,Extra Large,True
2292,365,2024-04-05 11:00:00,316.46,pending,2024,4,Friday,Extra Large,False
2293,675,2024-04-05 12:00:00,406.05,completed,2024,4,Friday,Extra Large,True
2294,326,2024-04-05 13:00:00,43.83,pending,2024,4,Friday,Small,False
2295,467,2024-04-05 14:00:00,174.05,pending,2024,4,Friday,Large,False
2296,414,2024-04-05 15:00:00,163.71,completed,2024,4,Friday,Large,False
2297,455,2024-04-05 16:00:00,321.47,completed,2024,4,Friday,Extra Large,False
2298,586,2024-04-05 17:00:00,184.42,completed,2024,4,Friday,Large,False
2299,233,2024-04-05 18:00:00,82.77,completed,2024,4,Friday,Medium,False
2300,224,2024-04-05 19:00:00,302.27,pending,2024,4,Friday,Extra Large,False
2301,994,2024-04-05 20:00:00,409.05,completed,2024,4,Friday,Extra Large,True
2302,831,2024-04-05 21:00:00,197.24,completed,2024,4,Friday,Large,False
2303,412,2024-04-05 22:00:00,74.81,completed,2024,4,Friday,Medium,False
2304,572,2024-04-05 23:00:00,106.38,completed,2024,4,Friday,Medium,False
2305,335,2024-04-06 00:00:00,126.37,completed,2024,4,Saturday,Medium,False
2306,222,2024-04-06 01:00:00,156.95,completed,2024,4,Saturday,Large,False
2307,37,2024-04-06 02:00:00,324.97,completed,2024,4,Saturday,Extra Large,False
2308,989,2024-04-06 03:00:00,304.46,completed,2024,4,Saturday,Extra Large,False
2309,278,2024-04-06 04:00:00,351.08,completed,2024,4,Saturday,Extra Large,False
2310,196,2024-04-06 05:00:00,187.63,completed,2024,4,Saturday,Large,False
2311,916,2024-04-06 06:00:00,413.76,completed,2024,4,Saturday,Extra Large,True
2312,864,2024-04-06 07:00:00,110.0,completed,2024,4,Saturday,Medium,False
2313,484,2024-04-06 08:00:00,239.83,completed,2024,4,Saturday,Large,False
2314,242,2024-04-06 09:00:00,402.46,completed,2024,4,Saturday,Extra Large,True
2315,324,2024-04-06 10:00:00,98.28,pending,2024,4,Saturday,Medium,False
2316,731,2024-04-06 11:00:00,63.83,completed,2024,4,Saturday,Medium,False
2317,192,2024-04-06 12:00:00,443.01,completed,2024,4,Saturday,Extra Large,True
2318,17,2024-04-06 13:00:00,178.04,pending,2024,4,Saturday,Large,False
2319,524,2024-04-06 14:00:00,345.1,pending,2024,4,Saturday,Extra Large,False
2320,918,2024-04-06 15:00:00,22.42,completed,2024,4,Saturday,Small,False
2321,401,2024-04-06 16:00:00,348.12,completed,2024,4,Saturday,Extra Large,False
2322,906,2024-04-06 17:00:00,164.89,completed,2024,4,Saturday,Large,False
2323,886,2024-04-06 18:00:00,37.31,completed,2024,4,Saturday,Small,False
2324,705,2024-04-06 19:00:00,308.81,pending,2024,4,Saturday,Extra Large,False
2325,22,2024-04-06 20:00:00,127.99,completed,2024,4,Saturday,Medium,False
2326,474,2024-04-06 21:00:00,199.54,completed,2024,4,Saturday,Large,False
2327,120,2024-04-06 22:00:00,49.48,completed,2024,4,Saturday,Small,False
2328,210,2024-04-06 23:00:00,82.11,completed,2024,4,Saturday,Medium,False
2329,306,2024-04-07 00:00:00,156.01,completed,2024,4,Sunday,Large,False
2330,270,2024-04-07 01:00:00,53.98,pending,2024,4,Sunday,Medium,False
2331,704,2024-04-07 02:00:00,456.3,completed,2024,4,Sunday,Extra Large,True
2332,687,2024-04-07 03:00:00,12.96,completed,2024,4,Sunday,Small,False
2333,285,2024-04-07 04:00:00,247.09,completed,2024,4,Sunday,Large,False
2334,716,2024-04-07 05:00:00,70.39,completed,2024,4,Sunday,Medium,False
2335,676,2024-04-07 06:00:00,160.76,completed,2024,4,Sunday,Large,False
2336,763,2024-04-07 07:00:00,463.77,pending,2024,4,Sunday,Extra Large,True
2337,227,2024-04-07 08:00:00,89.23,completed,2024,4,Sunday,Medium,False
2338,948,2024-04-07 09:00:00,483.26,pending,2024,4,Sunday,Extra Large,True
2339,381,2024-04-07 10:00:00,110.84,completed,2024,4,Sunday,Medium,False
2340,460,2024-04-07 11:00:00,373.37,completed,2024,4,Sunday,Extra Large,False
2341,7,2024-04-07 12:00:00,277.87,completed,2024,4,Sunday,Large,False
2342,29,2024-04-07 13:00:00,443.39,completed,2024,4,Sunday,Extra Large,True
2343,907,2024-04-07 14:00:00,281.46,pending,2024,4,Sunday,Large,False
2344,33,2024-04-07 15:00:00,271.93,completed,2024,4,Sunday,Large,False
2345,646,2024-04-07 16:00:00,105.77,completed,2024,4,Sunday,Medium,False
2346,879,2024-04-07 17:00:00,91.45,completed,2024,4,Sunday,Medium,False
2347,79,2024-04-07 18:00:00,459.08,pending,2024,4,Sunday,Extra Large,True
2348,928,2024-04-07 19:00:00,170.64,completed,2024,4,Sunday,Large,False
2349,947,2024-04-07 20:00:00,192.32,completed,2024,4,Sunday,Large,False
2350,459,2024-04-07 21:00:00,382.31,completed,2024,4,Sunday,Extra Large,False
2351,570,2024-04-07 22:00:00,176.02,completed,2024,4,Sunday,Large,False
2352,983,2024-04-07 23:00:00,476.51,completed,2024,4,Sunday,Extra Large,True
2353,538,2024-04-08 00:00:00,371.58,pending,2024,4,Monday,Extra Large,False
2354,482,2024-04-08 01:00:00,302.74,completed,2024,4,Monday,Extra Large,False
2355,430,2024-04-08 02:00:00,441.64,completed,2024,4,Monday,Extra Large,True
2356,738,2024-04-08 03:00:00,34.31,completed,2024,4,Monday,Small,False
2357,285,2024-04-08 04:00:00,135.96,completed,2024,4,Monday,Medium,False
2358,516,2024-04-08 05:00:00,237.87,completed,2024,4,Monday,Large,False
2359,977,2024-04-08 06:00:00,121.22,cancelled,2024,4,Monday,Medium,False
2360,99,2024-04-08 07:00:00,374.51,pending,2024,4,Monday,Extra Large,False
2361,397,2024-04-08 08:00:00,460.41,pending,2024,4,Monday,Extra Large,True
2362,489,2024-04-08 09:00:00,217.65,pending,2024,4,Monday,Large,False
2363,39,2024-04-08 10:00:00,177.64,completed,2024,4,Monday,Large,False
2364,271,2024-04-08 11:00:00,481.16,completed,2024,4,Monday,Extra Large,True
2365,887,2024-04-08 12:00:00,227.98,completed,2024,4,Monday,Large,False
2366,797,2024-04-08 13:00:00,249.63,completed,2024,4,Monday,Large,False
2367,157,2024-04-08 14:00:00,182.31,completed,2024,4,Monday,Large,False
2368,75,2024-04-08 15:00:00,455.68,completed,2024,4,Monday,Extra Large,True
2369,884,2024-04-08 16:00:00,288.79,completed,2024,4,Monday,Large,False
2370,800,2024-04-08 17:00:00,383.47,pending,2024,4,Monday,Extra Large,False
2371,130,2024-04-08 18:00:00,407.79,completed,2024,4,Monday,Extra Large,True
2372,687,2024-04-08 19:00:00,177.51,pending,2024,4,Monday,Large,False
2373,974,2024-04-08 20:00:00,222.51,completed,2024,4,Monday,Large,False
2374,84,2024-04-08 21:00:00,425.75,completed,2024,4,Monday,Extra Large,True
2375,22,2024-04-08 22:00:00,188.0,completed,2024,4,Monday,Large,False
2376,459,2024-04-08 23:00:00,399.03,completed,2024,4,Monday,Extra Large,False
2377,539,2024-04-09 00:00:00,471.09,completed,2024,4,Tuesday,Extra Large,True
2378,707,2024-04-09 01:00:00,315.37,completed,2024,4,Tuesday,Extra Large,False
2379,849,2024-04-09 02:00:00,373.4,completed,2024,4,Tuesday,Extra Large,False
2380,382,2024-04-09 03:00:00,404.5,completed,2024,4,Tuesday,Extra Large,True
2381,748,2024-04-09 04:00:00,424.07,completed,2024,4,Tuesday,Extra Large,True
2382,440,2024-04-09 05:00:00,203.58,completed,2024,4,Tuesday,Large,False
2383,604,2024-04-09 06:00:00,35.12,completed,2024,4,Tuesday,Small,False
2384,989,2024-04-09 07:00:00,206.92,completed,2024,4,Tuesday,Large,False
2385,21,2024-04-09 08:00:00,340.14,completed,2024,4,Tuesday,Extra Large,False
2386,303,2024-04-09 09:00:00,230.67,completed,2024,4,Tuesday,Large,False
2387,976,2024-04-09 10:00:00,376.99,completed,2024,4,Tuesday,Extra Large,False
2388,869,2024-04-09 11:00:00,184.92,completed,2024,4,Tuesday,Large,False
2389,955,2024-04-09 12:00:00,321.02,completed,2024,4,Tuesday,Extra Large,False
2390,84,2024-04-09 13:00:00,101.35,completed,2024,4,Tuesday,Medium,False
2391,774,2024-04-09 14:00:00,377.19,completed,2024,4,Tuesday,Extra Large,False
2392,659,2024-04-09 15:00:00,277.39,completed,2024,4,Tuesday,Large,False
2393,953,2024-04-09 16:00:00,109.99,completed,2024,4,Tuesday,Medium,False
2394,453,2024-04-09 17:00:00,153.04,completed,2024,4,Tuesday,Large,False
2395,387,2024-04-09 18:00:00,376.82,completed,2024,4,Tuesday,Extra Large,False
2396,507,2024-04-09 19:00:00,246.47,completed,2024,4,Tuesday,Large,False
2397,257,2024-04-09 20:00:00,115.86,completed,2024,4,Tuesday,Medium,False
2398,570,2024-04-09 21:00:00,483.96,completed,2024,4,Tuesday,Extra Large,True
2399,892,2024-04-09 22:00:00,360.41,completed,2024,4,Tuesday,Extra Large,False
2400,934,2024-04-09 23:00:00,479.0,completed,2024,4,Tuesday,Extra Large,True
2401,527,2024-04-10 00:00:00,219.28,completed,2024,4,Wednesday,Large,False
2402,162,2024-04-10 01:00:00,242.8,completed,2024,4,Wednesday,Large,False
2403,957,2024-04-10 02:00:00,450.0,cancelled,2024,4,Wednesday,Extra Large,True
2404,163,2024-04-10 03:00:00,267.27,cancelled,2024,4,Wednesday,Large,False
2405,832,2024-04-10 04:00:00,356.57,completed,2024,4,Wednesday,Extra Large,False
2406,793,2024-04-10 05:00:00,133.56,completed,2024,4,Wednesday,Medium,False
2407,792,2024-04-10 06:00:00,228.9,completed,2024,4,Wednesday,Large,False
2408,524,2024-04-10 07:00:00,70.49,completed,2024,4,Wednesday,Medium,False
2409,786,2024-04-10 08:00:00,110.93,pending,2024,4,Wednesday,Medium,False
2410,271,2024-04-10 09:00:00,10.46,cancelled,2024,4,Wednesday,Small,False
2411,492,2024-04-10 10:00:00,29.24,completed,2024,4,Wednesday,Small,False
2412,208,2024-04-10 11:00:00,488.87,completed,2024,4,Wednesday,Extra Large,True
2413,539,2024-04-10 12:00:00,128.75,completed,2024,4,Wednesday,Medium,False
2414,584,2024-04-10 13:00:00,335.02,completed,2024,4,Wednesday,Extra Large,False
2415,60,2024-04-10 14:00:00,421.16,pending,2024,4,Wednesday,Extra Large,True
2416,430,2024-04-10 15:00:00,279.82,pending,2024,4,Wednesday,Large,False
2417,985,2024-04-10 16:00:00,85.04,completed,2024,4,Wednesday,Medium,False
2418,657,2024-04-10 17:00:00,366.78,completed,2024,4,Wednesday,Extra Large,False
2419,605,2024-04-10 18:00:00,304.12,completed,2024,4,Wednesday,Extra Large,False
2420,309,2024-04-10 19:00:00,368.31,completed,2024,4,Wednesday,Extra Large,False
2421,520,2024-04-10 20:00:00,387.18,pending,2024,4,Wednesday,Extra Large,False
2422,591,2024-04-10 21:00:00,487.95,completed,2024,4,Wednesday,Extra Large,True
2423,27,2024-04-10 22:00:00,291.05,completed,2024,4,Wednesday,Large,False
2424,686,2024-04-10 23:00:00,177.4,completed,2024,4,Wednesday,Large,False
2425,562,2024-04-11 00:00:00,327.75,pending,2024,4,Thursday,Extra Large,False
2426,199,2024-04-11 01:00:00,43.54,completed,2024,4,Thursday,Small,False
2427,387,2024-04-11 02:00:00,449.72,pending,2024,4,Thursday,Extra Large,True
2428,349,2024-04-11 03:00:00,68.5,pending,2024,4,Thursday,Medium,False
2429,960,2024-04-11 04:00:00,170.64,pending,2024,4,Thursday,Large,False
2430,940,2024-04-11 05:00:00,409.72,completed,2024,4,Thursday,Extra Large,True
2431,693,2024-04-11 06:00:00,302.68,completed,2024,4,Thursday,Extra Large,False
2432,536,2024-04-11 07:00:00,202.88,completed,2024,4,Thursday,Large,False
2433,828,2024-04-11 08:00:00,241.98,completed,2024,4,Thursday,Large,False
2434,378,2024-04-11 09:00:00,428.73,completed,2024,4,Thursday,Extra Large,True
2435,899,2024-04-11 10:00:00,176.6,completed,2024,4,Thursday,Large,False
2436,916,2024-04-11 11:00:00,436.13,completed,2024,4,Thursday,Extra Large,True
2437,558,2024-04-11 12:00:00,53.19,pending,2024,4,Thursday,Medium,False
2438,527,2024-04-11 13:00:00,390.63,completed,2024,4,Thursday,Extra Large,False
2439,153,2024-04-11 14:00:00,425.3,completed,2024,4,Thursday,Extra Large,True
2440,734,2024-04-11 15:00:00,99.09,completed,2024,4,Thursday,Medium,False
2441,206,2024-04-11 16:00:00,220.87,completed,2024,4,Thursday,Large,False
2442,455,2024-04-11 17:00:00,91.09,pending,2024,4,Thursday,Medium,False
2443,273,2024-04-11 18:00:00,356.24,completed,2024,4,Thursday,Extra Large,False
2444,894,2024-04-11 19:00:00,272.32,pending,2024,4,Thursday,Large,False
2445,236,2024-04-11 20:00:00,321.31,completed,2024,4,Thursday,Extra Large,False
2446,852,2024-04-11 21:00:00,106.28,completed,2024,4,Thursday,Medium,False
2447,740,2024-04-11 22:00:00,113.76,completed,2024,4,Thursday,Medium,False
2448,521,2024-04-11 23:00:00,30.33,completed,2024,4,Thursday,Small,False
2449,678,2024-04-12 00:00:00,167.81,completed,2024,4,Friday,Large,False
2450,944,2024-04-12 01:00:00,284.27,completed,2024,4,Friday,Large,False
2451,956,2024-04-12 02:00:00,430.39,completed,2024,4,Friday,Extra Large,True
2452,831,2024-04-12 03:00:00,336.79,completed,2024,4,Friday,Extra Large,False
2453,726,2024-04-12 04:00:00,223.34,completed,2024,4,Friday,Large,False
2454,501,2024-04-12 05:00:00,477.03,pending,2024,4,Friday,Extra Large,True
2455,117,2024-04-12 06:00:00,362.43,completed,2024,4,Friday,Extra Large,False
2456,386,2024-04-12 07:00:00,465.78,completed,2024,4,Friday,Extra Large,True
2457,344,2024-04-12 08:00:00,268.52,completed,2024,4,Friday,Large,False
2458,584,2024-04-12 09:00:00,136.86,pending,2024,4,Friday,Medium,False
2459,395,2024-04-12 10:00:00,35.89,pending,2024,4,Friday,Small,False
2460,64,2024-04-12 11:00:00,365.78,completed,2024,4,Friday,Extra Large,False
2461,717,2024-04-12 12:00:00,69.44,completed,2024,4,Friday,Medium,False
2462,721,2024-04-12 13:00:00,158.36,completed,2024,4,Friday,Large,False
2463,72,2024-04-12 14:00:00,270.91,cancelled,2024,4,Friday,Large,False
2464,789,2024-04-12 15:00:00,286.56,pending,2024,4,Friday,Large,False
2465,274,2024-04-12 16:00:00,304.29,pending,2024,4,Friday,Extra Large,False
2466,990,2024-04-12 17:00:00,91.47,completed,2024,4,Friday,Medium,False
2467,320,2024-04-12 18:00:00,196.07,completed,2024,4,Friday,Large,False
2468,338,2024-04-12 19:00:00,312.43,pending,2024,4,Friday,Extra Large,False
2469,366,2024-04-12 20:00:00,485.21,completed,2024,4,Friday,Extra Large,True
2470,495,2024-04-12 21:00:00,366.54,completed,2024,4,Friday,Extra Large,False
2471,607,2024-04-12 22:00:00,462.08,completed,2024,4,Friday,Extra Large,True
2472,166,2024-04-12 23:00:00,383.48,pending,2024,4,Friday,Extra Large,False
2473,544,2024-04-13 00:00:00,299.94,completed,2024,4,Saturday,Large,False
2474,11,2024-04-13 01:00:00,104.09,completed,2024,4,Saturday,Medium,False
2475,301,2024-04-13 02:00:00,336.68,completed,2024,4,Saturday,Extra Large,False
2476,729,2024-04-13 03:00:00,315.46,completed,2024,4,Saturday,Extra Large,False
2477,801,2024-04-13 04:00:00,305.21,completed,2024,4,Saturday,Extra Large,False
2478,102,2024-04-13 05:00:00,250.0,completed,2024,4,Saturday,Large,False
2479,425,2024-04-13 06:00:00,269.04,completed,2024,4,Saturday,Large,False
2480,392,2024-04-13 07:00:00,173.88,completed,2024,4,Saturday,Large,False
2481,779,2024-04-13 08:00:00,264.46,cancelled,2024,4,Saturday,Large,False
2482,214,2024-04-13 09:00:00,106.8,pending,2024,4,Saturday,Medium,False
2483,691,2024-04-13 10:00:00,404.54,completed,2024,4,Saturday,Extra Large,True
2484,88,2024-04-13 11:00:00,101.03,pending,2024,4,Saturday,Medium,False
2485,553,2024-04-13 12:00:00,51.63,completed,2024,4,Saturday,Medium,False
2486,401,2024-04-13 13:00:00,223.76,completed,2024,4,Saturday,Large,False
2487,588,2024-04-13 14:00:00,332.57,completed,2024,4,Saturday,Extra Large,False
2488,889,2024-04-13 15:00:00,224.48,completed,2024,4,Saturday,Large,False
2489,46,2024-04-13 16:00:00,145.61,completed,2024,4,Saturday,Medium,False
2490,672,2024-04-13 17:00:00,283.5,completed,2024,4,Saturday,Large,False
2491,463,2024-04-13 18:00:00,180.03,completed,2024,4,Saturday,Large,False
2492,592,2024-04-13 19:00:00,467.11,completed,2024,4,Saturday,Extra Large,True
2493,310,2024-04-13 20:00:00,462.1,completed,2024,4,Saturday,Extra Large,True
2494,86,2024-04-13 21:00:00,256.16,completed,2024,4,Saturday,Large,False
2495,92,2024-04-13 22:00:00,170.66,completed,2024,4,Saturday,Large,False
2496,660,2024-04-13 23:00:00,371.19,completed,2024,4,Saturday,Extra Large,False
2497,673,2024-04-14 00:00:00,27.99,completed,2024,4,Sunday,Small,False
2498,714,2024-04-14 01:00:00,242.64,completed,2024,4,Sunday,Large,False
2499,936,2024-04-14 02:00:00,174.8,completed,2024,4,Sunday,Large,False
2500,928,2024-04-14 03:00:00,461.06,completed,2024,4,Sunday,Extra Large,True
2501,242,2024-04-14 04:00:00,15.88,pending,2024,4,Sunday,Small,False
2502,865,2024-04-14 05:00:00,280.88,pending,2024,4,Sunday,Large,False
2503,2,2024-04-14 06:00:00,372.93,pending,2024,4,Sunday,Extra Large,False
2504,225,2024-04-14 07:00:00,247.66,completed,2024,4,Sunday,Large,False
2505,801,2024-04-14 08:00:00,51.85,completed,2024,4,Sunday,Medium,False
2506,745,2024-04-14 09:00:00,486.51,cancelled,2024,4,Sunday,Extra Large,True
2507,973,2024-04-14 10:00:00,263.83,completed,2024,4,Sunday,Large,False
2508,926,2024-04-14 11:00:00,310.95,completed,2024,4,Sunday,Extra Large,False
2509,929,2024-04-14 12:00:00,125.94,completed,2024,4,Sunday,Medium,False
2510,589,2024-04-14 13:00:00,246.91,completed,2024,4,Sunday,Large,False
2511,116,2024-04-14 14:00:00,220.28,cancelled,2024,4,Sunday,Large,False
2512,666,2024-04-14 15:00:00,46.7,completed,2024,4,Sunday,Small,False
2513,918,2024-04-14 16:00:00,62.02,completed,2024,4,Sunday,Medium,False
2514,103,2024-04-14 17:00:00,420.36,completed,2024,4,Sunday,Extra Large,True
2515,194,2024-04-14 18:00:00,127.51,completed,2024,4,Sunday,Medium,False
2516,166,2024-04-14 19:00:00,105.53,completed,2024,4,Sunday,Medium,False
2517,871,2024-04-14 20:00:00,257.41,completed,2024,4,Sunday,Large,False
2518,90,2024-04-14 21:00:00,386.69,completed,2024,4,Sunday,Extra Large,False
2519,686,2024-04-14 22:00:00,40.35,completed,2024,4,Sunday,Small,False
2520,122,2024-04-14 23:00:00,292.64,completed,2024,4,Sunday,Large,False
2521,143,2024-04-15 00:00:00,68.41,completed,2024,4,Monday,Medium,False
2522,994,2024-04-15 01:00:00,27.87,completed,2024,4,Monday,Small,False
2523,106,2024-04-15 02:00:00,35.84,completed,2024,4,Monday,Small,False
2524,887,2024-04-15 03:00:00,418.74,completed,2024,4,Monday,Extra Large,True
2525,428,2024-04-15 04:00:00,67.81,pending,2024,4,Monday,Medium,False
2526,305,2024-04-15 05:00:00,32.12,pending,2024,4,Monday,Small,False
2527,872,2024-04-15 06:00:00,224.57,completed,2024,4,Monday,Large,False
2528,971,2024-04-15 07:00:00,423.56,completed,2024,4,Monday,Extra Large,True
2529,317,2024-04-15 08:00:00,138.58,completed,2024,4,Monday,Medium,False
2530,963,2024-04-15 09:00:00,216.64,completed,2024,4,Monday,Large,False
2531,635,2024-04-15 10:00:00,29.56,completed,2024,4,Monday,Small,False
2532,902,2024-04-15 11:00:00,230.05,cancelled,2024,4,Monday,Large,False
2533,9,2024-04-15 12:00:00,293.03,completed,2024,4,Monday,Large,False
2534,774,2024-04-15 13:00:00,289.74,cancelled,2024,4,Monday,Large,False
2535,73,2024-04-15 14:00:00,172.89,completed,2024,4,Monday,Large,False
2536,359,2024-04-15 15:00:00,164.61,completed,2024,4,Monday,Large,False
2537,223,2024-04-15 16:00:00,62.25,completed,2024,4,Monday,Medium,False
2538,416,2024-04-15 17:00:00,189.73,completed,2024,4,Monday,Large,False
2539,553,2024-04-15 18:00:00,58.75,completed,2024,4,Monday,Medium,False
2540,370,2024-04-15 19:00:00,385.63,completed,2024,4,Monday,Extra Large,False
2541,716,2024-04-15 20:00:00,483.47,completed,2024,4,Monday,Extra Large,True
2542,264,2024-04-15 21:00:00,485.34,completed,2024,4,Monday,Extra Large,True
2543,840,2024-04-15 22:00:00,433.88,completed,2024,4,Monday,Extra Large,True
2544,690,2024-04-15 23:00:00,304.39,completed,2024,4,Monday,Extra Large,False
2545,860,2024-04-16 00:00:00,353.42,completed,2024,4,Tuesday,Extra Large,False
2546,318,2024-04-16 01:00:00,149.75,completed,2024,4,Tuesday,Medium,False
2547,84,2024-04-16 02:00:00,319.08,completed,2024,4,Tuesday,Extra Large,False
2548,318,2024-04-16 03:00:00,233.27,completed,2024,4,Tuesday,Large,False
2549,111,2024-04-16 04:00:00,246.19,completed,2024,4,Tuesday,Large,False
2550,251,2024-04-16 05:00:00,381.31,completed,2024,4,Tuesday,Extra Large,False
2551,383,2024-04-16 06:00:00,148.14,completed,2024,4,Tuesday,Medium,False
2552,7,2024-04-16 07:00:00,165.84,completed,2024,4,Tuesday,Large,False
2553,459,2024-04-16 08:00:00,463.07,completed,2024,4,Tuesday,Extra Large,True
2554,84,2024-04-16 09:00:00,37.55,pending,2024,4,Tuesday,Small,False
2555,208,2024-04-16 10:00:00,247.96,completed,2024,4,Tuesday,Large,False
2556,900,2024-04-16 11:00:00,457.27,completed,2024,4,Tuesday,Extra Large,True
2557,390,2024-04-16 12:00:00,309.08,pending,2024,4,Tuesday,Extra Large,False
2558,314,2024-04-16 13:00:00,277.74,completed,2024,4,Tuesday,Large,False
2559,22,2024-04-16 14:00:00,132.37,pending,2024,4,Tuesday,Medium,False
2560,410,2024-04-16 15:00:00,178.2,completed,2024,4,Tuesday,Large,False
2561,895,2024-04-16 16:00:00,427.5,completed,2024,4,Tuesday,Extra Large,True
2562,515,2024-04-16 17:00:00,284.02,cancelled,2024,4,Tuesday,Large,False
2563,127,2024-04-16 18:00:00,262.22,completed,2024,4,Tuesday,Large,False
2564,809,2024-04-16 19:00:00,58.79,completed,2024,4,Tuesday,Medium,False
2565,700,2024-04-16 20:00:00,17.85,completed,2024,4,Tuesday,Small,False
2566,874,2024-04-16 21:00:00,482.21,completed,2024,4,Tuesday,Extra Large,True
2567,14,2024-04-16 22:00:00,194.72,completed,2024,4,Tuesday,Large,False
2568,971,2024-04-16 23:00:00,305.57,completed,2024,4,Tuesday,Extra Large,False
2569,978,2024-04-17 00:00:00,49.06,completed,2024,4,Wednesday,Small,False
2570,12,2024-04-17 01:00:00,344.73,completed,2024,4,Wednesday,Extra Large,False
2571,87,2024-04-17 02:00:00,466.96,completed,2024,4,Wednesday,Extra Large,True
2572,524,2024-04-17 03:00:00,292.08,completed,2024,4,Wednesday,Large,False
2573,909,2024-04-17 04:00:00,71.8,completed,2024,4,Wednesday,Medium,False
2574,537,2024-04-17 05:00:00,295.04,pending,2024,4,Wednesday,Large,False
2575,301,2024-04-17 06:00:00,385.51,completed,2024,4,Wednesday,Extra Large,False
2576,243,2024-04-17 07:00:00,209.14,completed,2024,4,Wednesday,Large,False
2577,122,2024-04-17 08:00:00,441.12,completed,2024,4,Wednesday,Extra Large,True
2578,147,2024-04-17 09:00:00,327.85,completed,2024,4,Wednesday,Extra Large,False
2579,567,2024-04-17 10:00:00,450.63,completed,2024,4,Wednesday,Extra Large,True
2580,750,2024-04-17 11:00:00,315.52,pending,2024,4,Wednesday,Extra Large,False
2581,356,2024-04-17 12:00:00,74.33,completed,2024,4,Wednesday,Medium,False
2582,685,2024-04-17 13:00:00,161.75,pending,2024,4,Wednesday,Large,False
2583,904,2024-04-17 14:00:00,108.88,completed,2024,4,Wednesday,Medium,False
2584,733,2024-04-17 15:00:00,455.32,completed,2024,4,Wednesday,Extra Large,True
2585,631,2024-04-17 16:00:00,382.6,completed,2024,4,Wednesday,Extra Large,False
2586,309,2024-04-17 17:00:00,341.44,completed,2024,4,Wednesday,Extra Large,False
2587,695,2024-04-17 18:00:00,157.47,completed,2024,4,Wednesday,Large,False
2588,288,2024-04-17 19:00:00,100.18,completed,2024,4,Wednesday,Medium,False
2589,307,2024-04-17 20:00:00,380.66,completed,2024,4,Wednesday,Extra Large,False
2590,812,2024-04-17 21:00:00,242.34,pending,2024,4,Wednesday,Large,False
2591,594,2024-04-17 22:00:00,120.64,pending,2024,4,Wednesday,Medium,False
2592,966,2024-04-17 23:00:00,312.14,completed,2024,4,Wednesday,Extra Large,False
2593,914,2024-04-18 00:00:00,29.76,completed,2024,4,Thursday,Small,False
2594,723,2024-04-18 01:00:00,169.82,completed,2024,4,Thursday,Large,False
2595,662,2024-04-18 02:00:00,239.59,completed,2024,4,Thursday,Large,False
2596,549,2024-04-18 03:00:00,82.5,pending,2024,4,Thursday,Medium,False
2597,352,2024-04-18 04:00:00,492.48,completed,2024,4,Thursday,Extra Large,True
2598,312,2024-04-18 05:00:00,112.46,completed,2024,4,Thursday,Medium,False
2599,873,2024-04-18 06:00:00,73.87,completed,2024,4,Thursday,Medium,False
2600,59,2024-04-18 07:00:00,109.73,completed,2024,4,Thursday,Medium,False
2601,643,2024-04-18 08:00:00,386.84,completed,2024,4,Thursday,Extra Large,False
2602,924,2024-04-18 09:00:00,218.5,completed,2024,4,Thursday,Large,False
2603,714,2024-04-18 10:00:00,287.05,completed,2024,4,Thursday,Large,False
2604,755,2024-04-18 11:00:00,20.29,completed,2024,4,Thursday,Small,False
2605,35,2024-04-18 12:00:00,26.87,completed,2024,4,Thursday,Small,False
2606,445,2024-04-18 13:00:00,228.45,completed,2024,4,Thursday,Large,False
2607,93,2024-04-18 14:00:00,410.16,completed,2024,4,Thursday,Extra Large,True
2608,950,2024-04-18 15:00:00,443.77,completed,2024,4,Thursday,Extra Large,True
2609,959,2024-04-18 16:00:00,52.49,completed,2024,4,Thursday,Medium,False
2610,207,2024-04-18 17:00:00,273.8,completed,2024,4,Thursday,Large,False
2611,353,2024-04-18 18:00:00,457.48,completed,2024,4,Thursday,Extra Large,True
2612,903,2024-04-18 19:00:00,200.11,completed,2024,4,Thursday,Large,False
2613,332,2024-04-18 20:00:00,416.49,completed,2024,4,Thursday,Extra Large,True
2614,817,2024-04-18 21:00:00,75.51,completed,2024,4,Thursday,Medium,False
2615,862,2024-04-18 22:00:00,468.34,completed,2024,4,Thursday,Extra Large,True
2616,725,2024-04-18 23:00:00,378.2,completed,2024,4,Thursday,Extra Large,False
2617,159,2024-04-19 00:00:00,471.25,completed,2024,4,Friday,Extra Large,True
2618,954,2024-04-19 01:00:00,341.54,pending,2024,4,Friday,Extra Large,False
2619,957,2024-04-19 02:00:00,188.07,pending,2024,4,Friday,Large,False
2620,24,2024-04-19 03:00:00,469.71,completed,2024,4,Friday,Extra Large,True
2621,404,2024-04-19 04:00:00,145.03,completed,2024,4,Friday,Medium,False
2622,805,2024-04-19 05:00:00,172.76,completed,2024,4,Friday,Large,False
2623,516,2024-04-19 06:00:00,353.4,completed,2024,4,Friday,Extra Large,False
2624,732,2024-04-19 07:00:00,385.0,completed,2024,4,Friday,Extra Large,False
2625,364,2024-04-19 08:00:00,465.41,pending,2024,4,Friday,Extra Large,True
2626,382,2024-04-19 09:00:00,110.35,completed,2024,4,Friday,Medium,False
2627,532,2024-04-19 10:00:00,401.02,pending,2024,4,Friday,Extra Large,True
2628,956,2024-04-19 11:00:00,371.89,completed,2024,4,Friday,Extra Large,False
2629,152,2024-04-19 12:00:00,41.26,completed,2024,4,Friday,Small,False
2630,562,2024-04-19 13:00:00,199.74,completed,2024,4,Friday,Large,False
2631,689,2024-04-19 14:00:00,148.56,completed,2024,4,Friday,Medium,False
2632,947,2024-04-19 15:00:00,159.2,completed,2024,4,Friday,Large,False
2633,608,2024-04-19 16:00:00,491.64,completed,2024,4,Friday,Extra Large,True
2634,617,2024-04-19 17:00:00,324.96,completed,2024,4,Friday,Extra Large,False
2635,420,2024-04-19 18:00:00,361.66,completed,2024,4,Friday,Extra Large,False
2636,250,2024-04-19 19:00:00,488.54,completed,2024,4,Friday,Extra Large,True
2637,117,2024-04-19 20:00:00,194.83,completed,2024,4,Friday,Large,False
2638,866,2024-04-19 21:00:00,402.9,completed,2024,4,Friday,Extra Large,True
2639,512,2024-04-19 22:00:00,222.92,completed,2024,4,Friday,Large,False
2640,740,2024-04-19 23:00:00,436.07,completed,2024,4,Friday,Extra Large,True
2641,578,2024-04-20 00:00:00,98.52,completed,2024,4,Saturday,Medium,False
2642,335,2024-04-20 01:00:00,474.37,cancelled,2024,4,Saturday,Extra Large,True
2643,418,2024-04-20 02:00:00,117.2,completed,2024,4,Saturday,Medium,False
2644,932,2024-04-20 03:00:00,169.85,completed,2024,4,Saturday,Large,False
2645,774,2024-04-20 04:00:00,380.53,completed,2024,4,Saturday,Extra Large,False
2646,295,2024-04-20 05:00:00,202.94,pending,2024,4,Saturday,Large,False
2647,938,2024-04-20 06:00:00,308.02,completed,2024,4,Saturday,Extra Large,False
2648,755,2024-04-20 07:00:00,227.84,completed,2024,4,Saturday,Large,False
2649,371,2024-04-20 08:00:00,373.76,completed,2024,4,Saturday,Extra Large,False
2650,186,2024-04-20 09:00:00,121.88,completed,2024,4,Saturday,Medium,False
2651,246,2024-04-20 10:00:00,38.64,completed,2024,4,Saturday,Small,False
2652,637,2024-04-20 11:00:00,156.97,completed,2024,4,Saturday,Large,False
2653,268,2024-04-20 12:00:00,242.41,completed,2024,4,Saturday,Large,False
2654,643,2024-04-20 13:00:00,92.33,cancelled,2024,4,Saturday,Medium,False
2655,237,2024-04-20 14:00:00,183.85,completed,2024,4,Saturday,Large,False
2656,530,2024-04-20 15:00:00,205.99,completed,2024,4,Saturday,Large,False
2657,552,2024-04-20 16:00:00,38.12,completed,2024,4,Saturday,Small,False
2658,21,2024-04-20 17:00:00,295.82,completed,2024,4,Saturday,Large,False
2659,911,2024-04-20 18:00:00,443.33,completed,2024,4,Saturday,Extra Large,True
2660,737,2024-04-20 19:00:00,84.35,completed,2024,4,Saturday,Medium,False
2661,867,2024-04-20 20:00:00,302.93,completed,2024,4,Saturday,Extra Large,False
2662,794,2024-04-20 21:00:00,335.72,completed,2024,4,Saturday,Extra Large,False
2663,520,2024-04-20 22:00:00,215.47,completed,2024,4,Saturday,Large,False
2664,100,2024-04-20 23:00:00,353.54,pending,2024,4,Saturday,Extra Large,False
2665,752,2024-04-21 00:00:00,211.26,completed,2024,4,Sunday,Large,False
2666,478,2024-04-21 01:00:00,257.27,completed,2024,4,Sunday,Large,False
2667,599,2024-04-21 02:00:00,13.6,completed,2024,4,Sunday,Small,False
2668,298,2024-04-21 03:00:00,348.94,completed,2024,4,Sunday,Extra Large,False
2669,940,2024-04-21 04:00:00,334.06,completed,2024,4,Sunday,Extra Large,False
2670,526,2024-04-21 05:00:00,28.82,pending,2024,4,Sunday,Small,False
2671,334,2024-04-21 06:00:00,190.44,completed,2024,4,Sunday,Large,False
2672,2,2024-04-21 07:00:00,489.73,completed,2024,4,Sunday,Extra Large,True
2673,375,2024-04-21 08:00:00,216.16,completed,2024,4,Sunday,Large,False
2674,293,2024-04-21 09:00:00,255.95,completed,2024,4,Sunday,Large,False
2675,837,2024-04-21 10:00:00,455.87,completed,2024,4,Sunday,Extra Large,True
2676,934,2024-04-21 11:00:00,361.46,completed,2024,4,Sunday,Extra Large,False
2677,553,2024-04-21 12:00:00,295.21,cancelled,2024,4,Sunday,Large,False
2678,318,2024-04-21 13:00:00,400.92,completed,2024,4,Sunday,Extra Large,True
2679,502,2024-04-21 14:00:00,433.54,completed,2024,4,Sunday,Extra Large,True
2680,828,2024-04-21 15:00:00,233.88,cancelled,2024,4,Sunday,Large,False
2681,381,2024-04-21 16:00:00,242.8,completed,2024,4,Sunday,Large,False
2682,623,2024-04-21 17:00:00,199.16,completed,2024,4,Sunday,Large,False
2683,14,2024-04-21 18:00:00,483.69,completed,2024,4,Sunday,Extra Large,True
2684,504,2024-04-21 19:00:00,351.61,completed,2024,4,Sunday,Extra Large,False
2685,231,2024-04-21 20:00:00,50.78,completed,2024,4,Sunday,Medium,False
2686,985,2024-04-21 21:00:00,432.85,pending,2024,4,Sunday,Extra Large,True
2687,84,2024-04-21 22:00:00,245.47,completed,2024,4,Sunday,Large,False
2688,130,2024-04-21 23:00:00,43.69,completed,2024,4,Sunday,Small,False
2689,743,2024-04-22 00:00:00,279.36,completed,2024,4,Monday,Large,False
2690,838,2024-04-22 01:00:00,214.41,pending,2024,4,Monday,Large,False
2691,145,2024-04-22 02:00:00,440.1,completed,2024,4,Monday,Extra Large,True
2692,891,2024-04-22 03:00:00,109.96,completed,2024,4,Monday,Medium,False
2693,857,2024-04-22 04:00:00,414.97,completed,2024,4,Monday,Extra Large,True
2694,28,2024-04-22 05:00:00,283.27,completed,2024,4,Monday,Large,False
2695,66,2024-04-22 06:00:00,36.76,pending,2024,4,Monday,Small,False
2696,163,2024-04-22 07:00:00,486.2,pending,2024,4,Monday,Extra Large,True
2697,229,2024-04-22 08:00:00,261.18,completed,2024,4,Monday,Large,False
2698,261,2024-04-22 09:00:00,152.53,completed,2024,4,Monday,Large,False
2699,449,2024-04-22 10:00:00,240.01,completed,2024,4,Monday,Large,False
2700,424,2024-04-22 11:00:00,430.35,completed,2024,4,Monday,Extra Large,True
2701,460,2024-04-22 12:00:00,159.4,completed,2024,4,Monday,Large,False
2702,952,2024-04-22 13:00:00,104.41,completed,2024,4,Monday,Medium,False
2703,676,2024-04-22 14:00:00,73.24,completed,2024,4,Monday,Medium,False
2704,301,2024-04-22 15:00:00,155.95,cancelled,2024,4,Monday,Large,False
2705,919,2024-04-22 16:00:00,392.22,completed,2024,4,Monday,Extra Large,False
2706,303,2024-04-22 17:00:00,241.1,pending,2024,4,Monday,Large,False
2707,287,2024-04-22 18:00:00,121.47,completed,2024,4,Monday,Medium,False
2708,395,2024-04-22 19:00:00,91.43,completed,2024,4,Monday,Medium,False
2709,10,2024-04-22 20:00:00,173.04,pending,2024,4,Monday,Large,False
2710,707,2024-04-22 21:00:00,470.56,completed,2024,4,Monday,Extra Large,True
2711,630,2024-04-22 22:00:00,178.08,completed,2024,4,Monday,Large,False
2712,270,2024-04-22 23:00:00,494.18,completed,2024,4,Monday,Extra Large,True
2713,592,2024-04-23 00:00:00,247.76,completed,2024,4,Tuesday,Large,False
2714,970,2024-04-23 01:00:00,97.79,pending,2024,4,Tuesday,Medium,False
2715,605,2024-04-23 02:00:00,446.66,pending,2024,4,Tuesday,Extra Large,True
2716,778,2024-04-23 03:00:00,235.57,completed,2024,4,Tuesday,Large,False
2717,844,2024-04-23 04:00:00,357.74,completed,2024,4,Tuesday,Extra Large,False
2718,862,2024-04-23 05:00:00,492.02,completed,2024,4,Tuesday,Extra Large,True
2719,361,2024-04-23 06:00:00,34.59,completed,2024,4,Tuesday,Small,False
2720,257,2024-04-23 07:00:00,57.38,completed,2024,4,Tuesday,Medium,False
2721,133,2024-04-23 08:00:00,363.02,completed,2024,4,Tuesday,Extra Large,False
2722,276,2024-04-23 09:00:00,148.09,completed,2024,4,Tuesday,Medium,False
2723,776,2024-04-23 10:00:00,100.31,completed,2024,4,Tuesday,Medium,False
2724,683,2024-04-23 11:00:00,29.29,completed,2024,4,Tuesday,Small,False
2725,972,2024-04-23 12:00:00,20.7,completed,2024,4,Tuesday,Small,False
2726,513,2024-04-23 13:00:00,389.5,completed,2024,4,Tuesday,Extra Large,False
2727,313,2024-04-23 14:00:00,75.87,cancelled,2024,4,Tuesday,Medium,False
2728,576,2024-04-23 15:00:00,239.18,pending,2024,4,Tuesday,Large,False
2729,886,2024-04-23 16:00:00,306.89,completed,2024,4,Tuesday,Extra Large,False
2730,980,2024-04-23 17:00:00,219.89,completed,2024,4,Tuesday,Large,False
2731,284,2024-04-23 18:00:00,23.28,pending,2024,4,Tuesday,Small,False
2732,121,2024-04-23 19:00:00,393.92,pending,2024,4,Tuesday,Extra Large,False
2733,107,2024-04-23 20:00:00,15.15,pending,2024,4,Tuesday,Small,False
2734,933,2024-04-23 21:00:00,383.33,completed,2024,4,Tuesday,Extra Large,False
2735,687,2024-04-23 22:00:00,447.72,cancelled,2024,4,Tuesday,Extra Large,True
2736,997,2024-04-23 23:00:00,222.09,completed,2024,4,Tuesday,Large,False
2737,204,2024-04-24 00:00:00,272.42,completed,2024,4,Wednesday,Large,False
2738,165,2024-04-24 01:00:00,243.72,pending,2024,4,Wednesday,Large,False
2739,305,2024-04-24 02:00:00,200.71,completed,2024,4,Wednesday,Large,False
2740,497,2024-04-24 03:00:00,444.84,pending,2024,4,Wednesday,Extra Large,True
2741,632,2024-04-24 04:00:00,448.03,completed,2024,4,Wednesday,Extra Large,True
2742,556,2024-04-24 05:00:00,174.55,cancelled,2024,4,Wednesday,Large,False
2743,824,2024-04-24 06:00:00,311.38,completed,2024,4,Wednesday,Extra Large,False
2744,156,2024-04-24 07:00:00,464.18,cancelled,2024,4,Wednesday,Extra Large,True
2745,367,2024-04-24 08:00:00,481.41,completed,2024,4,Wednesday,Extra Large,True
2746,719,2024-04-24 09:00:00,259.39,completed,2024,4,Wednesday,Large,False
2747,902,2024-04-24 10:00:00,231.88,completed,2024,4,Wednesday,Large,False
2748,620,2024-04-24 11:00:00,146.56,completed,2024,4,Wednesday,Medium,False
2749,251,2024-04-24 12:00:00,479.85,completed,2024,4,Wednesday,Extra Large,True
2750,957,2024-04-24 13:00:00,79.98,completed,2024,4,Wednesday,Medium,False
2751,916,2024-04-24 14:00:00,294.12,completed,2024,4,Wednesday,Large,False
2752,882,2024-04-24 15:00:00,148.45,completed,2024,4,Wednesday,Medium,False
2753,334,2024-04-24 16:00:00,146.71,completed,2024,4,Wednesday,Medium,False
2754,642,2024-04-24 17:00:00,208.43,cancelled,2024,4,Wednesday,Large,False
2755,969,2024-04-24 18:00:00,499.41,completed,2024,4,Wednesday,Extra Large,True
2756,511,2024-04-24 19:00:00,36.93,completed,2024,4,Wednesday,Small,False
2757,293,2024-04-24 20:00:00,293.49,completed,2024,4,Wednesday,Large,False
2758,20,2024-04-24 21:00:00,50.46,completed,2024,4,Wednesday,Medium,False
2759,282,2024-04-24 22:00:00,85.72,completed,2024,4,Wednesday,Medium,False
2760,797,2024-04-24 23:00:00,225.39,completed,2024,4,Wednesday,Large,False
2761,1,2024-04-25 00:00:00,260.13,pending,2024,4,Thursday,Large,False
2762,119,2024-04-25 01:00:00,136.81,completed,2024,4,Thursday,Medium,False
2763,35,2024-04-25 02:00:00,165.06,completed,2024,4,Thursday,Large,False
2764,198,2024-04-25 03:00:00,52.61,completed,2024,4,Thursday,Medium,False
2765,485,2024-04-25 04:00:00,158.58,completed,2024,4,Thursday,Large,False
2766,757,2024-04-25 05:00:00,483.61,completed,2024,4,Thursday,Extra Large,True
2767,59,2024-04-25 06:00:00,472.91,completed,2024,4,Thursday,Extra Large,True
2768,837,2024-04-25 07:00:00,174.09,completed,2024,4,Thursday,Large,False
2769,161,2024-04-25 08:00:00,289.72,completed,2024,4,Thursday,Large,False
2770,691,2024-04-25 09:00:00,455.7,completed,2024,4,Thursday,Extra Large,True
2771,206,2024-04-25 10:00:00,13.03,pending,2024,4,Thursday,Small,False
2772,12,2024-04-25 11:00:00,407.23,completed,2024,4,Thursday,Extra Large,True
2773,490,2024-04-25 12:00:00,474.7,completed,2024,4,Thursday,Extra Large,True
2774,276,2024-04-25 13:00:00,54.75,completed,2024,4,Thursday,Medium,False
2775,693,2024-04-25 14:00:00,89.11,completed,2024,4,Thursday,Medium,False
2776,242,2024-04-25 15:00:00,480.77,pending,2024,4,Thursday,Extra Large,True
2777,216,2024-04-25 16:00:00,273.39,completed,2024,4,Thursday,Large,False
2778,251,2024-04-25 17:00:00,16.96,completed,2024,4,Thursday,Small,False
2779,811,2024-04-25 18:00:00,136.24,pending,2024,4,Thursday,Medium,False
2780,126,2024-04-25 19:00:00,230.47,completed,2024,4,Thursday,Large,False
2781,994,2024-04-25 20:00:00,349.53,completed,2024,4,Thursday,Extra Large,False
2782,217,2024-04-25 21:00:00,369.25,completed,2024,4,Thursday,Extra Large,False
2783,306,2024-04-25 22:00:00,497.76,completed,2024,4,Thursday,Extra Large,True
2784,797,2024-04-25 23:00:00,150.88,completed,2024,4,Thursday,Large,False
2785,185,2024-04-26 00:00:00,273.73,pending,2024,4,Friday,Large,False
2786,39,2024-04-26 01:00:00,271.33,completed,2024,4,Friday,Large,False
2787,223,2024-04-26 02:00:00,208.77,completed,2024,4,Friday,Large,False
2788,184,2024-04-26 03:00:00,92.89,completed,2024,4,Friday,Medium,False
2789,495,2024-04-26 04:00:00,488.95,completed,2024,4,Friday,Extra Large,True
2790,427,2024-04-26 05:00:00,428.13,completed,2024,4,Friday,Extra Large,True
2791,178,2024-04-26 06:00:00,254.18,completed,2024,4,Friday,Large,False
2792,919,2024-04-26 07:00:00,305.59,pending,2024,4,Friday,Extra Large,False
2793,428,2024-04-26 08:00:00,121.36,pending,2024,4,Friday,Medium,False
2794,294,2024-04-26 09:00:00,276.46,cancelled,2024,4,Friday,Large,False
2795,852,2024-04-26 10:00:00,350.54,pending,2024,4,Friday,Extra Large,False
2796,151,2024-04-26 11:00:00,262.43,completed,2024,4,Friday,Large,False
2797,384,2024-04-26 12:00:00,495.24,completed,2024,4,Friday,Extra Large,True
2798,638,2024-04-26 13:00:00,309.56,pending,2024,4,Friday,Extra Large,False
2799,813,2024-04-26 14:00:00,191.78,completed,2024,4,Friday,Large,False
2800,308,2024-04-26 15:00:00,388.35,completed,2024,4,Friday,Extra Large,False
2801,336,2024-04-26 16:00:00,93.53,completed,2024,4,Friday,Medium,False
2802,946,2024-04-26 17:00:00,198.41,completed,2024,4,Friday,Large,False
2803,746,2024-04-26 18:00:00,180.01,pending,2024,4,Friday,Large,False
2804,892,2024-04-26 19:00:00,221.59,completed,2024,4,Friday,Large,False
2805,375,2024-04-26 20:00:00,393.07,completed,2024,4,Friday,Extra Large,False
2806,8,2024-04-26 21:00:00,247.24,cancelled,2024,4,Friday,Large,False
2807,341,2024-04-26 22:00:00,399.07,completed,2024,4,Friday,Extra Large,False
2808,129,2024-04-26 23:00:00,292.48,completed,2024,4,Friday,Large,False
2809,776,2024-04-27 00:00:00,177.61,completed,2024,4,Saturday,Large,False
2810,669,2024-04-27 01:00:00,406.89,pending,2024,4,Saturday,Extra Large,True
2811,352,2024-04-27 02:00:00,126.76,completed,2024,4,Saturday,Medium,False
2812,358,2024-04-27 03:00:00,119.95,completed,2024,4,Saturday,Medium,False
2813,517,2024-04-27 04:00:00,257.21,completed,2024,4,Saturday,Large,False
2814,495,2024-04-27 05:00:00,137.82,completed,2024,4,Saturday,Medium,False
2815,86,2024-04-27 06:00:00,14.45,pending,2024,4,Saturday,Small,False
2816,175,2024-04-27 07:00:00,327.67,pending,2024,4,Saturday,Extra Large,False
2817,802,2024-04-27 08:00:00,260.44,completed,2024,4,Saturday,Large,False
2818,193,2024-04-27 09:00:00,228.3,completed,2024,4,Saturday,Large,False
2819,311,2024-04-27 10:00:00,483.81,cancelled,2024,4,Saturday,Extra Large,True
2820,119,2024-04-27 11:00:00,289.89,pending,2024,4,Saturday,Large,False
2821,218,2024-04-27 12:00:00,433.08,pending,2024,4,Saturday,Extra Large,True
2822,427,2024-04-27 13:00:00,78.33,pending,2024,4,Saturday,Medium,False
2823,970,2024-04-27 14:00:00,288.91,completed,2024,4,Saturday,Large,False
2824,414,2024-04-27 15:00:00,435.31,completed,2024,4,Saturday,Extra Large,True
2825,114,2024-04-27 16:00:00,295.72,completed,2024,4,Saturday,Large,False
2826,978,2024-04-27 17:00:00,361.83,completed,2024,4,Saturday,Extra Large,False
2827,145,2024-04-27 18:00:00,192.3,completed,2024,4,Saturday,Large,False
2828,538,2024-04-27 19:00:00,55.3,completed,2024,4,Saturday,Medium,False
2829,648,2024-04-27 20:00:00,234.37,completed,2024,4,Saturday,Large,False
2830,303,2024-04-27 21:00:00,203.29,completed,2024,4,Saturday,Large,False
2831,744,2024-04-27 22:00:00,434.86,completed,2024,4,Saturday,Extra Large,True
2832,881,2024-04-27 23:00:00,129.56,completed,2024,4,Saturday,Medium,False
2833,588,2024-04-28 00:00:00,483.7,completed,2024,4,Sunday,Extra Large,True
2834,987,2024-04-28 01:00:00,479.49,completed,2024,4,Sunday,Extra Large,True
2835,840,2024-04-28 02:00:00,131.34,completed,2024,4,Sunday,Medium,False
2836,345,2024-04-28 03:00:00,180.55,cancelled,2024,4,Sunday,Large,False
2837,814,2024-04-28 04:00:00,448.82,completed,2024,4,Sunday,Extra Large,True
2838,964,2024-04-28 05:00:00,483.64,completed,2024,4,Sunday,Extra Large,True
2839,801,2024-04-28 06:00:00,227.29,completed,2024,4,Sunday,Large,False
2840,1,2024-04-28 07:00:00,167.29,completed,2024,4,Sunday,Large,False
2841,147,2024-04-28 08:00:00,267.79,completed,2024,4,Sunday,Large,False
2842,287,2024-04-28 09:00:00,347.01,completed,2024,4,Sunday,Extra Large,False
2843,976,2024-04-28 10:00:00,144.0,completed,2024,4,Sunday,Medium,False
2844,654,2024-04-28 11:00:00,370.87,completed,2024,4,Sunday,Extra Large,False
2845,53,2024-04-28 12:00:00,35.31,completed,2024,4,Sunday,Small,False
2846,304,2024-04-28 13:00:00,34.15,pending,2024,4,Sunday,Small,False
2847,69,2024-04-28 14:00:00,199.28,pending,2024,4,Sunday,Large,False
2848,361,2024-04-28 15:00:00,183.2,completed,2024,4,Sunday,Large,False
2849,602,2024-04-28 16:00:00,164.66,completed,2024,4,Sunday,Large,False
2850,958,2024-04-28 17:00:00,250.6,completed,2024,4,Sunday,Large,False
2851,220,2024-04-28 18:00:00,167.16,completed,2024,4,Sunday,Large,False
2852,962,2024-04-28 19:00:00,104.21,completed,2024,4,Sunday,Medium,False
2853,704,2024-04-28 20:00:00,161.64,completed,2024,4,Sunday,Large,False
2854,966,2024-04-28 21:00:00,487.7,completed,2024,4,Sunday,Extra Large,True
2855,575,2024-04-28 22:00:00,211.45,completed,2024,4,Sunday,Large,False
2856,585,2024-04-28 23:00:00,227.91,completed,2024,4,Sunday,Large,False
2857,161,2024-04-29 00:00:00,292.51,pending,2024,4,Monday,Large,False
2858,681,2024-04-29 01:00:00,491.84,completed,2024,4,Monday,Extra Large,True
2859,89,2024-04-29 02:00:00,128.38,pending,2024,4,Monday,Medium,False
2860,688,2024-04-29 03:00:00,343.83,completed,2024,4,Monday,Extra Large,False
2861,781,2024-04-29 04:00:00,360.83,pending,2024,4,Monday,Extra Large,False
2862,585,2024-04-29 05:00:00,307.59,completed,2024,4,Monday,Extra Large,False
2863,757,2024-04-29 06:00:00,53.4,completed,2024,4,Monday,Medium,False
2864,589,2024-04-29 07:00:00,341.67,completed,2024,4,Monday,Extra Large,False
2865,159,2024-04-29 08:00:00,41.41,completed,2024,4,Monday,Small,False
2866,489,2024-04-29 09:00:00,302.11,pending,2024,4,Monday,Extra Large,False
2867,971,2024-04-29 10:00:00,372.39,completed,2024,4,Monday,Extra Large,False
2868,324,2024-04-29 11:00:00,113.38,completed,2024,4,Monday,Medium,False
2869,610,2024-04-29 12:00:00,422.39,completed,2024,4,Monday,Extra Large,True
2870,381,2024-04-29 13:00:00,24.87,completed,2024,4,Monday,Small,False
2871,102,2024-04-29 14:00:00,423.47,completed,2024,4,Monday,Extra Large,True
2872,494,2024-04-29 15:00:00,235.56,completed,2024,4,Monday,Large,False
2873,644,2024-04-29 16:00:00,116.62,completed,2024,4,Monday,Medium,False
2874,614,2024-04-29 17:00:00,75.55,pending,2024,4,Monday,Medium,False
2875,19,2024-04-29 18:00:00,477.12,cancelled,2024,4,Monday,Extra Large,True
2876,454,2024-04-29 19:00:00,45.61,completed,2024,4,Monday,Small,False
2877,482,2024-04-29 20:00:00,107.56,completed,2024,4,Monday,Medium,False
2878,594,2024-04-29 21:00:00,180.43,completed,2024,4,Monday,Large,False
2879,397,2024-04-29 22:00:00,313.92,completed,2024,4,Monday,Extra Large,False
2880,279,2024-04-29 23:00:00,276.95,completed,2024,4,Monday,Large,False
2881,851,2024-04-30 00:00:00,71.57,cancelled,2024,4,Tuesday,Medium,False
2882,365,2024-04-30 01:00:00,151.97,completed,2024,4,Tuesday,Large,False
2883,331,2024-04-30 02:00:00,126.99,cancelled,2024,4,Tuesday,Medium,False
2884,641,2024-04-30 03:00:00,114.64,pending,2024,4,Tuesday,Medium,False
2885,344,2024-04-30 04:00:00,211.46,pending,2024,4,Tuesday,Large,False
2886,822,2024-04-30 05:00:00,354.98,pending,2024,4,Tuesday,Extra Large,False
2887,455,2024-04-30 06:00:00,116.55,completed,2024,4,Tuesday,Medium,False
2888,601,2024-04-30 07:00:00,189.67,completed,2024,4,Tuesday,Large,False
2889,725,2024-04-30 08:00:00,201.55,completed,2024,4,Tuesday,Large,False
2890,655,2024-04-30 09:00:00,488.46,completed,2024,4,Tuesday,Extra Large,True
2891,65,2024-04-30 10:00:00,477.79,completed,2024,4,Tuesday,Extra Large,True
2892,76,2024-04-30 11:00:00,402.07,completed,2024,4,Tuesday,Extra Large,True
2893,711,2024-04-30 12:00:00,128.41,completed,2024,4,Tuesday,Medium,False
2894,143,2024-04-30 13:00:00,43.34,cancelled,2024,4,Tuesday,Small,False
2895,917,2024-04-30 14:00:00,165.28,pending,2024,4,Tuesday,Large,False
2896,915,2024-04-30 15:00:00,140.73,completed,2024,4,Tuesday,Medium,False
2897,828,2024-04-30 16:00:00,257.9,completed,2024,4,Tuesday,Large,False
2898,605,2024-04-30 17:00:00,391.09,completed,2024,4,Tuesday,Extra Large,False
2899,473,2024-04-30 18:00:00,430.58,completed,2024,4,Tuesday,Extra Large,True
2900,417,2024-04-30 19:00:00,423.98,completed,2024,4,Tuesday,Extra Large,True
2901,305,2024-04-30 20:00:00,186.24,completed,2024,4,Tuesday,Large,False
2902,736,2024-04-30 21:00:00,346.74,completed,2024,4,Tuesday,Extra Large,False
2903,497,2024-04-30 22:00:00,163.29,pending,2024,4,Tuesday,Large,False
2904,291,2024-04-30 23:00:00,39.84,pending,2024,4,Tuesday,Small,False
2905,940,2024-05-01 00:00:00,353.77,completed,2024,5,Wednesday,Extra Large,False
2906,102,2024-05-01 01:00:00,14.82,completed,2024,5,Wednesday,Small,False
2907,986,2024-05-01 02:00:00,210.5,completed,2024,5,Wednesday,Large,False
2908,267,2024-05-01 03:00:00,171.4,completed,2024,5,Wednesday,Large,False
2909,867,2024-05-01 04:00:00,349.75,completed,2024,5,Wednesday,Extra Large,False
2910,968,2024-05-01 05:00:00,385.46,completed,2024,5,Wednesday,Extra Large,False
2911,622,2024-05-01 06:00:00,159.01,completed,2024,5,Wednesday,Large,False
2912,974,2024-05-01 07:00:00,407.7,completed,2024,5,Wednesday,Extra Large,True
2913,842,2024-05-01 08:00:00,154.02,completed,2024,5,Wednesday,Large,False
2914,962,2024-05-01 09:00:00,228.7,completed,2024,5,Wednesday,Large,False
2915,942,2024-05-01 10:00:00,366.24,completed,2024,5,Wednesday,Extra Large,False
2916,777,2024-05-01 11:00:00,349.53,completed,2024,5,Wednesday,Extra Large,False
2917,3,2024-05-01 12:00:00,493.81,pending,2024,5,Wednesday,Extra Large,True
2918,85,2024-05-01 13:00:00,120.33,completed,2024,5,Wednesday,Medium,False
2919,794,2024-05-01 14:00:00,334.54,pending,2024,5,Wednesday,Extra Large,False
2920,328,2024-05-01 15:00:00,308.74,completed,2024,5,Wednesday,Extra Large,False
2921,816,2024-05-01 16:00:00,458.4,completed,2024,5,Wednesday,Extra Large,True
2922,450,2024-05-01 17:00:00,86.62,completed,2024,5,Wednesday,Medium,False
2923,454,2024-05-01 18:00:00,378.38,completed,2024,5,Wednesday,Extra Large,False
2924,924,2024-05-01 19:00:00,288.45,completed,2024,5,Wednesday,Large,False
2925,629,2024-05-01 20:00:00,144.59,completed,2024,5,Wednesday,Medium,False
2926,221,2024-05-01 21:00:00,242.47,completed,2024,5,Wednesday,Large,False
2927,154,2024-05-01 22:00:00,173.55,completed,2024,5,Wednesday,Large,False
2928,665,2024-05-01 23:00:00,293.86,completed,2024,5,Wednesday,Large,False
2929,12,2024-05-02 00:00:00,445.61,completed,2024,5,Thursday,Extra Large,True
2930,133,2024-05-02 01:00:00,288.96,completed,2024,5,Thursday,Large,False
2931,994,2024-05-02 02:00:00,319.54,completed,2024,5,Thursday,Extra Large,False
2932,304,2024-05-02 03:00:00,264.19,completed,2024,5,Thursday,Large,False
2933,293,2024-05-02 04:00:00,35.07,completed,2024,5,Thursday,Small,False
2934,975,2024-05-02 05:00:00,124.1,completed,2024,5,Thursday,Medium,False
2935,300,2024-05-02 06:00:00,251.08,completed,2024,5,Thursday,Large,False
2936,740,2024-05-02 07:00:00,162.02,completed,2024,5,Thursday,Large,False
2937,783,2024-05-02 08:00:00,99.06,completed,2024,5,Thursday,Medium,False
2938,43,2024-05-02 09:00:00,257.03,completed,2024,5,Thursday,Large,False
2939,944,2024-05-02 10:00:00,168.18,completed,2024,5,Thursday,Large,False
2940,343,2024-05-02 11:00:00,136.47,completed,2024,5,Thursday,Medium,False
2941,326,2024-05-02 12:00:00,237.35,completed,2024,5,Thursday,Large,False
2942,814,2024-05-02 13:00:00,75.31,completed,2024,5,Thursday,Medium,False
2943,498,2024-05-02 14:00:00,464.6,completed,2024,5,Thursday,Extra Large,True
2944,364,2024-05-02 15:00:00,435.17,completed,2024,5,Thursday,Extra Large,True
2945,891,2024-05-02 16:00:00,356.73,completed,2024,5,Thursday,Extra Large,False
2946,427,2024-05-02 17:00:00,62.04,completed,2024,5,Thursday,Medium,False
2947,21,2024-05-02 18:00:00,390.18,completed,2024,5,Thursday,Extra Large,False
2948,407,2024-05-02 19:00:00,405.9,completed,2024,5,Thursday,Extra Large,True
2949,619,2024-05-02 20:00:00,386.2,completed,2024,5,Thursday,Extra Large,False
2950,336,2024-05-02 21:00:00,65.84,completed,2024,5,Thursday,Medium,False
2951,815,2024-05-02 22:00:00,325.51,completed,2024,5,Thursday,Extra Large,False
2952,117,2024-05-02 23:00:00,418.82,completed,2024,5,Thursday,Extra Large,True
2953,124,2024-05-03 00:00:00,292.9,completed,2024,5,Friday,Large,False
2954,399,2024-05-03 01:00:00,326.74,pending,2024,5,Friday,Extra Large,False
2955,793,2024-05-03 02:00:00,234.6,completed,2024,5,Friday,Large,False
2956,804,2024-05-03 03:00:00,269.07,completed,2024,5,Friday,Large,False
2957,715,2024-05-03 04:00:00,26.84,completed,2024,5,Friday,Small,False
2958,51,2024-05-03 05:00:00,323.09,completed,2024,5,Friday,Extra Large,False
2959,783,2024-05-03 06:00:00,49.91,completed,2024,5,Friday,Small,False
2960,324,2024-05-03 07:00:00,223.16,pending,2024,5,Friday,Large,False
2961,789,2024-05-03 08:00:00,153.4,completed,2024,5,Friday,Large,False
2962,141,2024-05-03 09:00:00,277.26,completed,2024,5,Friday,Large,False
2963,470,2024-05-03 10:00:00,75.37,completed,2024,5,Friday,Medium,False
2964,787,2024-05-03 11:00:00,348.91,cancelled,2024,5,Friday,Extra Large,False
2965,802,2024-05-03 12:00:00,399.56,completed,2024,5,Friday,Extra Large,False
2966,334,2024-05-03 13:00:00,90.04,completed,2024,5,Friday,Medium,False
2967,893,2024-05-03 14:00:00,61.11,completed,2024,5,Friday,Medium,False
2968,964,2024-05-03 15:00:00,81.3,completed,2024,5,Friday,Medium,False
2969,373,2024-05-03 16:00:00,439.79,completed,2024,5,Friday,Extra Large,True
2970,564,2024-05-03 17:00:00,268.81,completed,2024,5,Friday,Large,False
2971,494,2024-05-03 18:00:00,238.96,completed,2024,5,Friday,Large,False
2972,539,2024-05-03 19:00:00,62.29,completed,2024,5,Friday,Medium,False
2973,669,2024-05-03 20:00:00,328.28,completed,2024,5,Friday,Extra Large,False
2974,751,2024-05-03 21:00:00,435.32,completed,2024,5,Friday,Extra Large,True
2975,156,2024-05-03 22:00:00,415.81,completed,2024,5,Friday,Extra Large,True
2976,291,2024-05-03 23:00:00,316.77,pending,2024,5,Friday,Extra Large,False
2977,648,2024-05-04 00:00:00,46.89,completed,2024,5,Saturday,Small,False
2978,144,2024-05-04 01:00:00,65.07,cancelled,2024,5,Saturday,Medium,False
2979,106,2024-05-04 02:00:00,34.16,pending,2024,5,Saturday,Small,False
2980,420,2024-05-04 03:00:00,136.16,completed,2024,5,Saturday,Medium,False
2981,670,2024-05-04 04:00:00,76.47,completed,2024,5,Saturday,Medium,False
2982,658,2024-05-04 05:00:00,137.42,completed,2024,5,Saturday,Medium,False
2983,2,2024-05-04 06:00:00,198.68,completed,2024,5,Saturday,Large,False
2984,945,2024-05-04 07:00:00,472.06,completed,2024,5,Saturday,Extra Large,True
2985,589,2024-05-04 08:00:00,309.08,completed,2024,5,Saturday,Extra Large,False
2986,644,2024-05-04 09:00:00,419.14,completed,2024,5,Saturday,Extra Large,True
2987,90,2024-05-04 10:00:00,358.07,completed,2024,5,Saturday,Extra Large,False
2988,345,2024-05-04 11:00:00,65.13,completed,2024,5,Saturday,Medium,False
2989,350,2024-05-04 12:00:00,370.6,pending,2024,5,Saturday,Extra Large,False
2990,459,2024-05-04 13:00:00,144.8,completed,2024,5,Saturday,Medium,False
2991,263,2024-05-04 14:00:00,323.16,cancelled,2024,5,Saturday,Extra Large,False
2992,351,2024-05-04 15:00:00,177.07,completed,2024,5,Saturday,Large,False
2993,108,2024-05-04 16:00:00,498.86,cancelled,2024,5,Saturday,Extra Large,True
2994,586,2024-05-04 17:00:00,139.14,completed,2024,5,Saturday,Medium,False
2995,39,2024-05-04 18:00:00,146.77,completed,2024,5,Saturday,Medium,False
2996,909,2024-05-04 19:00:00,466.03,completed,2024,5,Saturday,Extra Large,True
2997,159,2024-05-04 20:00:00,22.08,completed,2024,5,Saturday,Small,False
2998,583,2024-05-04 21:00:00,351.38,pending,2024,5,Saturday,Extra Large,False
2999,959,2024-05-04 22:00:00,365.41,completed,2024,5,Saturday,Extra Large,False
3000,312,2024-05-04 23:00:00,419.83,pending,2024,5,Saturday,Extra Large,True
3001,241,2024-05-05 00:00:00,487.48,completed,2024,5,Sunday,Extra Large,True
3002,938,2024-05-05 01:00:00,488.04,completed,2024,5,Sunday,Extra Large,True
3003,445,2024-05-05 02:00:00,41.99,pending,2024,5,Sunday,Small,False
3004,298,2024-05-05 03:00:00,412.7,completed,2024,5,Sunday,Extra Large,True
3005,952,2024-05-05 04:00:00,326.69,completed,2024,5,Sunday,Extra Large,False
3006,36,2024-05-05 05:00:00,327.2,pending,2024,5,Sunday,Extra Large,False
3007,84,2024-05-05 06:00:00,72.89,pending,2024,5,Sunday,Medium,False
3008,452,2024-05-05 07:00:00,328.59,cancelled,2024,5,Sunday,Extra Large,False
3009,886,2024-05-05 08:00:00,491.42,pending,2024,5,Sunday,Extra Large,True
3010,775,2024-05-05 09:00:00,456.79,completed,2024,5,Sunday,Extra Large,True
3011,822,2024-05-05 10:00:00,225.17,pending,2024,5,Sunday,Large,False
3012,385,2024-05-05 11:00:00,29.57,completed,2024,5,Sunday,Small,False
3013,172,2024-05-05 12:00:00,187.52,cancelled,2024,5,Sunday,Large,False
3014,376,2024-05-05 13:00:00,414.93,completed,2024,5,Sunday,Extra Large,True
3015,685,2024-05-05 14:00:00,353.73,completed,2024,5,Sunday,Extra Large,False
3016,362,2024-05-05 15:00:00,235.08,completed,2024,5,Sunday,Large,False
3017,559,2024-05-05 16:00:00,37.0,completed,2024,5,Sunday,Small,False
3018,891,2024-05-05 17:00:00,219.18,completed,2024,5,Sunday,Large,False
3019,141,2024-05-05 18:00:00,239.82,pending,2024,5,Sunday,Large,False
3020,887,2024-05-05 19:00:00,464.99,pending,2024,5,Sunday,Extra Large,True
3021,918,2024-05-05 20:00:00,324.13,completed,2024,5,Sunday,Extra Large,False
3022,118,2024-05-05 21:00:00,162.71,completed,2024,5,Sunday,Large,False
3023,277,2024-05-05 22:00:00,267.41,completed,2024,5,Sunday,Large,False
3024,726,2024-05-05 23:00:00,42.37,completed,2024,5,Sunday,Small,False
3025,220,2024-05-06 00:00:00,486.56,completed,2024,5,Monday,Extra Large,True
3026,905,2024-05-06 01:00:00,186.43,pending,2024,5,Monday,Large,False
3027,26,2024-05-06 02:00:00,244.16,completed,2024,5,Monday,Large,False
3028,521,2024-05-06 03:00:00,184.09,completed,2024,5,Monday,Large,False
3029,783,2024-05-06 04:00:00,344.43,completed,2024,5,Monday,Extra Large,False
3030,10,2024-05-06 05:00:00,334.49,completed,2024,5,Monday,Extra Large,False
3031,984,2024-05-06 06:00:00,360.51,completed,2024,5,Monday,Extra Large,False
3032,378,2024-05-06 07:00:00,141.39,completed,2024,5,Monday,Medium,False
3033,633,2024-05-06 08:00:00,164.68,completed,2024,5,Monday,Large,False
3034,637,2024-05-06 09:00:00,71.37,completed,2024,5,Monday,Medium,False
3035,682,2024-05-06 10:00:00,331.2,pending,2024,5,Monday,Extra Large,False
3036,584,2024-05-06 11:00:00,29.5,completed,2024,5,Monday,Small,False
3037,152,2024-05-06 12:00:00,302.86,completed,2024,5,Monday,Extra Large,False
3038,720,2024-05-06 13:00:00,436.15,completed,2024,5,Monday,Extra Large,True
3039,49,2024-05-06 14:00:00,446.51,pending,2024,5,Monday,Extra Large,True
3040,154,2024-05-06 15:00:00,230.03,completed,2024,5,Monday,Large,False
3041,859,2024-05-06 16:00:00,235.06,pending,2024,5,Monday,Large,False
3042,293,2024-05-06 17:00:00,47.71,completed,2024,5,Monday,Small,False
3043,580,2024-05-06 18:00:00,338.67,completed,2024,5,Monday,Extra Large,False
3044,50,2024-05-06 19:00:00,412.42,completed,2024,5,Monday,Extra Large,True
3045,664,2024-05-06 20:00:00,129.88,completed,2024,5,Monday,Medium,False
3046,531,2024-05-06 21:00:00,216.44,completed,2024,5,Monday,Large,False
3047,612,2024-05-06 22:00:00,421.03,completed,2024,5,Monday,Extra Large,True
3048,60,2024-05-06 23:00:00,439.79,pending,2024,5,Monday,Extra Large,True
3049,167,2024-05-07 00:00:00,129.16,pending,2024,5,Tuesday,Medium,False
3050,202,2024-05-07 01:00:00,279.78,completed,2024,5,Tuesday,Large,False
3051,857,2024-05-07 02:00:00,104.32,completed,2024,5,Tuesday,Medium,False
3052,146,2024-05-07 03:00:00,59.92,completed,2024,5,Tuesday,Medium,False
3053,915,2024-05-07 04:00:00,456.45,completed,2024,5,Tuesday,Extra Large,True
3054,676,2024-05-07 05:00:00,412.05,completed,2024,5,Tuesday,Extra Large,True
3055,970,2024-05-07 06:00:00,382.42,pending,2024,5,Tuesday,Extra Large,False
3056,993,2024-05-07 07:00:00,33.9,cancelled,2024,5,Tuesday,Small,False
3057,439,2024-05-07 08:00:00,423.43,completed,2024,5,Tuesday,Extra Large,True
3058,242,2024-05-07 09:00:00,224.64,pending,2024,5,Tuesday,Large,False
3059,581,2024-05-07 10:00:00,177.77,completed,2024,5,Tuesday,Large,False
3060,687,2024-05-07 11:00:00,277.77,completed,2024,5,Tuesday,Large,False
3061,561,2024-05-07 12:00:00,54.76,completed,2024,5,Tuesday,Medium,False
3062,483,2024-05-07 13:00:00,380.76,completed,2024,5,Tuesday,Extra Large,False
3063,108,2024-05-07 14:00:00,295.39,completed,2024,5,Tuesday,Large,False
3064,226,2024-05-07 15:00:00,101.43,completed,2024,5,Tuesday,Medium,False
3065,673,2024-05-07 16:00:00,102.23,completed,2024,5,Tuesday,Medium,False
3066,631,2024-05-07 17:00:00,100.28,completed,2024,5,Tuesday,Medium,False
3067,661,2024-05-07 18:00:00,37.93,cancelled,2024,5,Tuesday,Small,False
3068,977,2024-05-07 19:00:00,298.02,completed,2024,5,Tuesday,Large,False
3069,662,2024-05-07 20:00:00,421.77,completed,2024,5,Tuesday,Extra Large,True
3070,432,2024-05-07 21:00:00,18.57,completed,2024,5,Tuesday,Small,False
3071,805,2024-05-07 22:00:00,34.01,completed,2024,5,Tuesday,Small,False
3072,655,2024-05-07 23:00:00,290.66,completed,2024,5,Tuesday,Large,False
3073,419,2024-05-08 00:00:00,411.55,pending,2024,5,Wednesday,Extra Large,True
3074,988,2024-05-08 01:00:00,170.1,completed,2024,5,Wednesday,Large,False
3075,455,2024-05-08 02:00:00,181.31,pending,2024,5,Wednesday,Large,False
3076,160,2024-05-08 03:00:00,302.21,completed,2024,5,Wednesday,Extra Large,False
3077,523,2024-05-08 04:00:00,144.36,completed,2024,5,Wednesday,Medium,False
3078,650,2024-05-08 05:00:00,23.04,pending,2024,5,Wednesday,Small,False
3079,969,2024-05-08 06:00:00,370.26,pending,2024,5,Wednesday,Extra Large,False
3080,590,2024-05-08 07:00:00,316.57,cancelled,2024,5,Wednesday,Extra Large,False
3081,77,2024-05-08 08:00:00,294.57,completed,2024,5,Wednesday,Large,False
3082,509,2024-05-08 09:00:00,373.43,pending,2024,5,Wednesday,Extra Large,False
3083,441,2024-05-08 10:00:00,340.86,pending,2024,5,Wednesday,Extra Large,False
3084,254,2024-05-08 11:00:00,110.88,pending,2024,5,Wednesday,Medium,False
3085,921,2024-05-08 12:00:00,182.72,completed,2024,5,Wednesday,Large,False
3086,770,2024-05-08 13:00:00,71.79,completed,2024,5,Wednesday,Medium,False
3087,320,2024-05-08 14:00:00,73.63,pending,2024,5,Wednesday,Medium,False
3088,803,2024-05-08 15:00:00,341.34,completed,2024,5,Wednesday,Extra Large,False
3089,263,2024-05-08 16:00:00,430.71,completed,2024,5,Wednesday,Extra Large,True
3090,597,2024-05-08 17:00:00,481.74,completed,2024,5,Wednesday,Extra Large,True
3091,658,2024-05-08 18:00:00,317.89,completed,2024,5,Wednesday,Extra Large,False
3092,835,2024-05-08 19:00:00,100.21,completed,2024,5,Wednesday,Medium,False
3093,554,2024-05-08 20:00:00,61.77,completed,2024,5,Wednesday,Medium,False
3094,374,2024-05-08 21:00:00,408.3,pending,2024,5,Wednesday,Extra Large,True
3095,637,2024-05-08 22:00:00,293.59,completed,2024,5,Wednesday,Large,False
3096,167,2024-05-08 23:00:00,312.96,completed,2024,5,Wednesday,Extra Large,False
3097,937,2024-05-09 00:00:00,392.92,completed,2024,5,Thursday,Extra Large,False
3098,753,2024-05-09 01:00:00,354.61,completed,2024,5,Thursday,Extra Large,False
3099,459,2024-05-09 02:00:00,418.88,completed,2024,5,Thursday,Extra Large,True
3100,999,2024-05-09 03:00:00,37.54,completed,2024,5,Thursday,Small,False
3101,280,2024-05-09 04:00:00,376.29,completed,2024,5,Thursday,Extra Large,False
3102,700,2024-05-09 05:00:00,426.92,pending,2024,5,Thursday,Extra Large,True
3103,302,2024-05-09 06:00:00,150.21,completed,2024,5,Thursday,Large,False
3104,531,2024-05-09 07:00:00,323.82,completed,2024,5,Thursday,Extra Large,False
3105,580,2024-05-09 08:00:00,163.94,completed,2024,5,Thursday,Large,False
3106,218,2024-05-09 09:00:00,479.41,completed,2024,5,Thursday,Extra Large,True
3107,102,2024-05-09 10:00:00,26.38,completed,2024,5,Thursday,Small,False
3108,554,2024-05-09 11:00:00,294.1,pending,2024,5,Thursday,Large,False
3109,288,2024-05-09 12:00:00,91.59,completed,2024,5,Thursday,Medium,False
3110,167,2024-05-09 13:00:00,358.99,completed,2024,5,Thursday,Extra Large,False
3111,621,2024-05-09 14:00:00,96.19,completed,2024,5,Thursday,Medium,False
3112,36,2024-05-09 15:00:00,125.34,completed,2024,5,Thursday,Medium,False
3113,744,2024-05-09 16:00:00,252.24,cancelled,2024,5,Thursday,Large,False
3114,741,2024-05-09 17:00:00,458.27,completed,2024,5,Thursday,Extra Large,True
3115,353,2024-05-09 18:00:00,113.74,completed,2024,5,Thursday,Medium,False
3116,676,2024-05-09 19:00:00,80.68,completed,2024,5,Thursday,Medium,False
3117,899,2024-05-09 20:00:00,381.9,completed,2024,5,Thursday,Extra Large,False
3118,73,2024-05-09 21:00:00,255.3,completed,2024,5,Thursday,Large,False
3119,648,2024-05-09 22:00:00,456.77,completed,2024,5,Thursday,Extra Large,True
3120,353,2024-05-09 23:00:00,81.84,completed,2024,5,Thursday,Medium,False
3121,891,2024-05-10 00:00:00,326.5,completed,2024,5,Friday,Extra Large,False
3122,70,2024-05-10 01:00:00,124.11,completed,2024,5,Friday,Medium,False
3123,425,2024-05-10 02:00:00,86.81,completed,2024,5,Friday,Medium,False
3124,999,2024-05-10 03:00:00,344.88,cancelled,2024,5,Friday,Extra Large,False
3125,708,2024-05-10 04:00:00,300.91,completed,2024,5,Friday,Extra Large,False
3126,781,2024-05-10 05:00:00,379.87,pending,2024,5,Friday,Extra Large,False
3127,561,2024-05-10 06:00:00,161.64,pending,2024,5,Friday,Large,False
3128,828,2024-05-10 07:00:00,229.51,cancelled,2024,5,Friday,Large,False
3129,642,2024-05-10 08:00:00,208.68,completed,2024,5,Friday,Large,False
3130,956,2024-05-10 09:00:00,492.2,completed,2024,5,Friday,Extra Large,True
3131,517,2024-05-10 10:00:00,153.2,completed,2024,5,Friday,Large,False
3132,428,2024-05-10 11:00:00,154.46,completed,2024,5,Friday,Large,False
3133,539,2024-05-10 12:00:00,183.73,completed,2024,5,Friday,Large,False
3134,160,2024-05-10 13:00:00,286.65,completed,2024,5,Friday,Large,False
3135,149,2024-05-10 14:00:00,133.64,cancelled,2024,5,Friday,Medium,False
3136,776,2024-05-10 15:00:00,458.49,completed,2024,5,Friday,Extra Large,True
3137,230,2024-05-10 16:00:00,140.19,completed,2024,5,Friday,Medium,False
3138,712,2024-05-10 17:00:00,448.95,completed,2024,5,Friday,Extra Large,True
3139,562,2024-05-10 18:00:00,60.7,completed,2024,5,Friday,Medium,False
3140,67,2024-05-10 19:00:00,331.72,completed,2024,5,Friday,Extra Large,False
3141,812,2024-05-10 20:00:00,454.42,completed,2024,5,Friday,Extra Large,True
3142,381,2024-05-10 21:00:00,92.69,completed,2024,5,Friday,Medium,False
3143,58,2024-05-10 22:00:00,484.48,completed,2024,5,Friday,Extra Large,True
3144,259,2024-05-10 23:00:00,231.91,pending,2024,5,Friday,Large,False
3145,342,2024-05-11 00:00:00,473.4,completed,2024,5,Saturday,Extra Large,True
3146,838,2024-05-11 01:00:00,341.64,cancelled,2024,5,Saturday,Extra Large,False
3147,130,2024-05-11 02:00:00,157.78,completed,2024,5,Saturday,Large,False
3148,727,2024-05-11 03:00:00,102.27,completed,2024,5,Saturday,Medium,False
3149,172,2024-05-11 04:00:00,158.83,completed,2024,5,Saturday,Large,False
3150,770,2024-05-11 05:00:00,55.58,completed,2024,5,Saturday,Medium,False
3151,614,2024-05-11 06:00:00,80.5,completed,2024,5,Saturday,Medium,False
3152,209,2024-05-11 07:00:00,61.28,completed,2024,5,Saturday,Medium,False
3153,803,2024-05-11 08:00:00,217.24,completed,2024,5,Saturday,Large,False
3154,354,2024-05-11 09:00:00,399.83,completed,2024,5,Saturday,Extra Large,False
3155,471,2024-05-11 10:00:00,79.28,pending,2024,5,Saturday,Medium,False
3156,798,2024-05-11 11:00:00,73.86,completed,2024,5,Saturday,Medium,False
3157,116,2024-05-11 12:00:00,325.28,completed,2024,5,Saturday,Extra Large,False
3158,264,2024-05-11 13:00:00,106.62,completed,2024,5,Saturday,Medium,False
3159,662,2024-05-11 14:00:00,57.83,completed,2024,5,Saturday,Medium,False
3160,812,2024-05-11 15:00:00,91.76,completed,2024,5,Saturday,Medium,False
3161,442,2024-05-11 16:00:00,462.63,completed,2024,5,Saturday,Extra Large,True
3162,548,2024-05-11 17:00:00,412.52,completed,2024,5,Saturday,Extra Large,True
3163,453,2024-05-11 18:00:00,183.49,pending,2024,5,Saturday,Large,False
3164,845,2024-05-11 19:00:00,331.35,completed,2024,5,Saturday,Extra Large,False
3165,477,2024-05-11 20:00:00,273.27,completed,2024,5,Saturday,Large,False
3166,287,2024-05-11 21:00:00,341.79,completed,2024,5,Saturday,Extra Large,False
3167,303,2024-05-11 22:00:00,344.51,completed,2024,5,Saturday,Extra Large,False
3168,311,2024-05-11 23:00:00,318.08,completed,2024,5,Saturday,Extra Large,False
3169,208,2024-05-12 00:00:00,140.39,completed,2024,5,Sunday,Medium,False
3170,618,2024-05-12 01:00:00,29.11,completed,2024,5,Sunday,Small,False
3171,446,2024-05-12 02:00:00,233.23,completed,2024,5,Sunday,Large,False
3172,670,2024-05-12 03:00:00,446.58,completed,2024,5,Sunday,Extra Large,True
3173,633,2024-05-12 04:00:00,289.05,completed,2024,5,Sunday,Large,False
3174,55,2024-05-12 05:00:00,417.87,completed,2024,5,Sunday,Extra Large,True
3175,912,2024-05-12 06:00:00,495.9,completed,2024,5,Sunday,Extra Large,True
3176,12,2024-05-12 07:00:00,90.17,completed,2024,5,Sunday,Medium,False
3177,657,2024-05-12 08:00:00,348.97,completed,2024,5,Sunday,Extra Large,False
3178,400,2024-05-12 09:00:00,340.4,pending,2024,5,Sunday,Extra Large,False
3179,908,2024-05-12 10:00:00,490.18,pending,2024,5,Sunday,Extra Large,True
3180,648,2024-05-12 11:00:00,492.94,completed,2024,5,Sunday,Extra Large,True
3181,980,2024-05-12 12:00:00,346.47,completed,2024,5,Sunday,Extra Large,False
3182,515,2024-05-12 13:00:00,129.37,completed,2024,5,Sunday,Medium,False
3183,656,2024-05-12 14:00:00,401.29,completed,2024,5,Sunday,Extra Large,True
3184,542,2024-05-12 15:00:00,62.44,completed,2024,5,Sunday,Medium,False
3185,237,2024-05-12 16:00:00,392.54,completed,2024,5,Sunday,Extra Large,False
3186,279,2024-05-12 17:00:00,456.0,completed,2024,5,Sunday,Extra Large,True
3187,348,2024-05-12 18:00:00,197.59,completed,2024,5,Sunday,Large,False
3188,627,2024-05-12 19:00:00,319.01,completed,2024,5,Sunday,Extra Large,False
3189,104,2024-05-12 20:00:00,220.77,completed,2024,5,Sunday,Large,False
3190,630,2024-05-12 21:00:00,224.5,completed,2024,5,Sunday,Large,False
3191,517,2024-05-12 22:00:00,162.08,completed,2024,5,Sunday,Large,False
3192,980,2024-05-12 23:00:00,383.44,completed,2024,5,Sunday,Extra Large,False
3193,872,2024-05-13 00:00:00,468.73,completed,2024,5,Monday,Extra Large,True
3194,248,2024-05-13 01:00:00,470.97,completed,2024,5,Monday,Extra Large,True
3195,364,2024-05-13 02:00:00,95.64,completed,2024,5,Monday,Medium,False
3196,321,2024-05-13 03:00:00,438.62,completed,2024,5,Monday,Extra Large,True
3197,633,2024-05-13 04:00:00,371.34,completed,2024,5,Monday,Extra Large,False
3198,286,2024-05-13 05:00:00,133.89,completed,2024,5,Monday,Medium,False
3199,149,2024-05-13 06:00:00,42.97,completed,2024,5,Monday,Small,False
3200,84,2024-05-13 07:00:00,141.32,completed,2024,5,Monday,Medium,False
3201,966,2024-05-13 08:00:00,456.98,completed,2024,5,Monday,Extra Large,True
3202,406,2024-05-13 09:00:00,320.26,completed,2024,5,Monday,Extra Large,False
3203,978,2024-05-13 10:00:00,363.32,completed,2024,5,Monday,Extra Large,False
3204,456,2024-05-13 11:00:00,136.0,completed,2024,5,Monday,Medium,False
3205,743,2024-05-13 12:00:00,362.5,completed,2024,5,Monday,Extra Large,False
3206,800,2024-05-13 13:00:00,23.78,completed,2024,5,Monday,Small,False
3207,161,2024-05-13 14:00:00,193.91,completed,2024,5,Monday,Large,False
3208,784,2024-05-13 15:00:00,317.11,completed,2024,5,Monday,Extra Large,False
3209,460,2024-05-13 16:00:00,81.59,completed,2024,5,Monday,Medium,False
3210,550,2024-05-13 17:00:00,413.27,completed,2024,5,Monday,Extra Large,True
3211,500,2024-05-13 18:00:00,125.17,completed,2024,5,Monday,Medium,False
3212,738,2024-05-13 19:00:00,329.62,cancelled,2024,5,Monday,Extra Large,False
3213,509,2024-05-13 20:00:00,208.55,completed,2024,5,Monday,Large,False
3214,654,2024-05-13 21:00:00,302.06,pending,2024,5,Monday,Extra Large,False
3215,804,2024-05-13 22:00:00,62.65,completed,2024,5,Monday,Medium,False
3216,481,2024-05-13 23:00:00,18.29,completed,2024,5,Monday,Small,False
3217,663,2024-05-14 00:00:00,455.69,completed,2024,5,Tuesday,Extra Large,True
3218,114,2024-05-14 01:00:00,142.12,completed,2024,5,Tuesday,Medium,False
3219,749,2024-05-14 02:00:00,411.64,completed,2024,5,Tuesday,Extra Large,True
3220,578,2024-05-14 03:00:00,499.68,completed,2024,5,Tuesday,Extra Large,True
3221,361,2024-05-14 04:00:00,113.6,completed,2024,5,Tuesday,Medium,False
3222,341,2024-05-14 05:00:00,139.93,completed,2024,5,Tuesday,Medium,False
3223,770,2024-05-14 06:00:00,334.8,completed,2024,5,Tuesday,Extra Large,False
3224,987,2024-05-14 07:00:00,483.07,pending,2024,5,Tuesday,Extra Large,True
3225,761,2024-05-14 08:00:00,458.75,completed,2024,5,Tuesday,Extra Large,True
3226,969,2024-05-14 09:00:00,256.41,completed,2024,5,Tuesday,Large,False
3227,449,2024-05-14 10:00:00,399.6,completed,2024,5,Tuesday,Extra Large,False
3228,843,2024-05-14 11:00:00,76.52,completed,2024,5,Tuesday,Medium,False
3229,835,2024-05-14 12:00:00,488.94,completed,2024,5,Tuesday,Extra Large,True
3230,180,2024-05-14 13:00:00,482.53,completed,2024,5,Tuesday,Extra Large,True
3231,702,2024-05-14 14:00:00,90.23,completed,2024,5,Tuesday,Medium,False
3232,407,2024-05-14 15:00:00,156.72,completed,2024,5,Tuesday,Large,False
3233,666,2024-05-14 16:00:00,59.08,pending,2024,5,Tuesday,Medium,False
3234,196,2024-05-14 17:00:00,143.14,completed,2024,5,Tuesday,Medium,False
3235,466,2024-05-14 18:00:00,409.82,pending,2024,5,Tuesday,Extra Large,True
3236,311,2024-05-14 19:00:00,195.37,cancelled,2024,5,Tuesday,Large,False
3237,262,2024-05-14 20:00:00,53.31,completed,2024,5,Tuesday,Medium,False
3238,419,2024-05-14 21:00:00,177.69,completed,2024,5,Tuesday,Large,False
3239,406,2024-05-14 22:00:00,490.88,completed,2024,5,Tuesday,Extra Large,True
3240,939,2024-05-14 23:00:00,318.54,completed,2024,5,Tuesday,Extra Large,False
3241,143,2024-05-15 00:00:00,213.92,completed,2024,5,Wednesday,Large,False
3242,342,2024-05-15 01:00:00,91.6,completed,2024,5,Wednesday,Medium,False
3243,316,2024-05-15 02:00:00,493.23,completed,2024,5,Wednesday,Extra Large,True
3244,101,2024-05-15 03:00:00,412.22,completed,2024,5,Wednesday,Extra Large,True
3245,244,2024-05-15 04:00:00,147.92,pending,2024,5,Wednesday,Medium,False
3246,490,2024-05-15 05:00:00,44.33,completed,2024,5,Wednesday,Small,False
3247,12,2024-05-15 06:00:00,37.75,completed,2024,5,Wednesday,Small,False
3248,239,2024-05-15 07:00:00,68.99,pending,2024,5,Wednesday,Medium,False
3249,561,2024-05-15 08:00:00,294.58,completed,2024,5,Wednesday,Large,False
3250,42,2024-05-15 09:00:00,465.09,completed,2024,5,Wednesday,Extra Large,True
3251,678,2024-05-15 10:00:00,253.4,completed,2024,5,Wednesday,Large,False
3252,594,2024-05-15 11:00:00,423.04,completed,2024,5,Wednesday,Extra Large,True
3253,429,2024-05-15 12:00:00,228.48,completed,2024,5,Wednesday,Large,False
3254,803,2024-05-15 13:00:00,357.21,cancelled,2024,5,Wednesday,Extra Large,False
3255,158,2024-05-15 14:00:00,368.62,completed,2024,5,Wednesday,Extra Large,False
3256,216,2024-05-15 15:00:00,95.24,completed,2024,5,Wednesday,Medium,False
3257,670,2024-05-15 16:00:00,187.0,completed,2024,5,Wednesday,Large,False
3258,462,2024-05-15 17:00:00,322.28,completed,2024,5,Wednesday,Extra Large,False
3259,134,2024-05-15 18:00:00,44.64,pending,2024,5,Wednesday,Small,False
3260,67,2024-05-15 19:00:00,187.15,pending,2024,5,Wednesday,Large,False
3261,848,2024-05-15 20:00:00,272.05,completed,2024,5,Wednesday,Large,False
3262,7,2024-05-15 21:00:00,498.15,completed,2024,5,Wednesday,Extra Large,True
3263,948,2024-05-15 22:00:00,242.52,completed,2024,5,Wednesday,Large,False
3264,526,2024-05-15 23:00:00,409.87,completed,2024,5,Wednesday,Extra Large,True
3265,73,2024-05-16 00:00:00,221.71,completed,2024,5,Thursday,Large,False
3266,399,2024-05-16 01:00:00,400.23,completed,2024,5,Thursday,Extra Large,True
3267,405,2024-05-16 02:00:00,301.75,cancelled,2024,5,Thursday,Extra Large,False
3268,675,2024-05-16 03:00:00,444.43,completed,2024,5,Thursday,Extra Large,True
3269,578,2024-05-16 04:00:00,211.36,pending,2024,5,Thursday,Large,False
3270,859,2024-05-16 05:00:00,306.11,completed,2024,5,Thursday,Extra Large,False
3271,130,2024-05-16 06:00:00,318.71,completed,2024,5,Thursday,Extra Large,False
3272,931,2024-05-16 07:00:00,214.52,pending,2024,5,Thursday,Large,False
3273,466,2024-05-16 08:00:00,80.71,completed,2024,5,Thursday,Medium,False
3274,206,2024-05-16 09:00:00,55.84,pending,2024,5,Thursday,Medium,False
3275,788,2024-05-16 10:00:00,18.17,completed,2024,5,Thursday,Small,False
3276,978,2024-05-16 11:00:00,438.03,completed,2024,5,Thursday,Extra Large,True
3277,768,2024-05-16 12:00:00,125.87,pending,2024,5,Thursday,Medium,False
3278,266,2024-05-16 13:00:00,113.64,completed,2024,5,Thursday,Medium,False
3279,537,2024-05-16 14:00:00,370.66,pending,2024,5,Thursday,Extra Large,False
3280,962,2024-05-16 15:00:00,166.81,pending,2024,5,Thursday,Large,False
3281,793,2024-05-16 16:00:00,257.96,completed,2024,5,Thursday,Large,False
3282,253,2024-05-16 17:00:00,89.63,completed,2024,5,Thursday,Medium,False
3283,822,2024-05-16 18:00:00,480.28,completed,2024,5,Thursday,Extra Large,True
3284,289,2024-05-16 19:00:00,427.27,completed,2024,5,Thursday,Extra Large,True
3285,164,2024-05-16 20:00:00,433.26,completed,2024,5,Thursday,Extra Large,True
3286,95,2024-05-16 21:00:00,209.32,completed,2024,5,Thursday,Large,False
3287,782,2024-05-16 22:00:00,383.56,completed,2024,5,Thursday,Extra Large,False
3288,833,2024-05-16 23:00:00,80.5,completed,2024,5,Thursday,Medium,False
3289,110,2024-05-17 00:00:00,14.22,completed,2024,5,Friday,Small,False
3290,336,2024-05-17 01:00:00,19.79,pending,2024,5,Friday,Small,False
3291,822,2024-05-17 02:00:00,297.43,completed,2024,5,Friday,Large,False
3292,238,2024-05-17 03:00:00,233.14,pending,2024,5,Friday,Large,False
3293,381,2024-05-17 04:00:00,263.83,completed,2024,5,Friday,Large,False
3294,436,2024-05-17 05:00:00,13.66,completed,2024,5,Friday,Small,False
3295,899,2024-05-17 06:00:00,217.12,completed,2024,5,Friday,Large,False
3296,483,2024-05-17 07:00:00,361.85,completed,2024,5,Friday,Extra Large,False
3297,937,2024-05-17 08:00:00,226.92,cancelled,2024,5,Friday,Large,False
3298,902,2024-05-17 09:00:00,368.79,completed,2024,5,Friday,Extra Large,False
3299,25,2024-05-17 10:00:00,124.18,completed,2024,5,Friday,Medium,False
3300,653,2024-05-17 11:00:00,408.44,completed,2024,5,Friday,Extra Large,True
3301,117,2024-05-17 12:00:00,298.33,completed,2024,5,Friday,Large,False
3302,482,2024-05-17 13:00:00,113.27,completed,2024,5,Friday,Medium,False
3303,392,2024-05-17 14:00:00,125.99,completed,2024,5,Friday,Medium,False
3304,917,2024-05-17 15:00:00,317.73,completed,2024,5,Friday,Extra Large,False
3305,994,2024-05-17 16:00:00,416.67,completed,2024,5,Friday,Extra Large,True
3306,964,2024-05-17 17:00:00,213.66,pending,2024,5,Friday,Large,False
3307,537,2024-05-17 18:00:00,136.57,completed,2024,5,Friday,Medium,False
3308,79,2024-05-17 19:00:00,434.84,completed,2024,5,Friday,Extra Large,True
3309,580,2024-05-17 20:00:00,337.94,completed,2024,5,Friday,Extra Large,False
3310,173,2024-05-17 21:00:00,229.56,completed,2024,5,Friday,Large,False
3311,956,2024-05-17 22:00:00,249.07,pending,2024,5,Friday,Large,False
3312,12,2024-05-17 23:00:00,110.09,completed,2024,5,Friday,Medium,False
3313,800,2024-05-18 00:00:00,317.13,completed,2024,5,Saturday,Extra Large,False
3314,128,2024-05-18 01:00:00,185.78,completed,2024,5,Saturday,Large,False
3315,608,2024-05-18 02:00:00,497.87,completed,2024,5,Saturday,Extra Large,True
3316,92,2024-05-18 03:00:00,245.29,completed,2024,5,Saturday,Large,False
3317,653,2024-05-18 04:00:00,248.08,completed,2024,5,Saturday,Large,False
3318,543,2024-05-18 05:00:00,287.27,completed,2024,5,Saturday,Large,False
3319,846,2024-05-18 06:00:00,459.21,completed,2024,5,Saturday,Extra Large,True
3320,532,2024-05-18 07:00:00,402.4,pending,2024,5,Saturday,Extra Large,True
3321,658,2024-05-18 08:00:00,231.05,completed,2024,5,Saturday,Large,False
3322,989,2024-05-18 09:00:00,362.16,pending,2024,5,Saturday,Extra Large,False
3323,828,2024-05-18 10:00:00,297.26,completed,2024,5,Saturday,Large,False
3324,447,2024-05-18 11:00:00,251.26,pending,2024,5,Saturday,Large,False
3325,390,2024-05-18 12:00:00,104.23,completed,2024,5,Saturday,Medium,False
3326,672,2024-05-18 13:00:00,237.33,completed,2024,5,Saturday,Large,False
3327,861,2024-05-18 14:00:00,130.45,completed,2024,5,Saturday,Medium,False
3328,43,2024-05-18 15:00:00,458.27,completed,2024,5,Saturday,Extra Large,True
3329,254,2024-05-18 16:00:00,174.35,completed,2024,5,Saturday,Large,False
3330,130,2024-05-18 17:00:00,476.61,completed,2024,5,Saturday,Extra Large,True
3331,60,2024-05-18 18:00:00,271.2,completed,2024,5,Saturday,Large,False
3332,663,2024-05-18 19:00:00,319.46,completed,2024,5,Saturday,Extra Large,False
3333,467,2024-05-18 20:00:00,276.04,completed,2024,5,Saturday,Large,False
3334,287,2024-05-18 21:00:00,73.4,completed,2024,5,Saturday,Medium,False
3335,517,2024-05-18 22:00:00,194.15,completed,2024,5,Saturday,Large,False
3336,467,2024-05-18 23:00:00,58.58,completed,2024,5,Saturday,Medium,False
3337,930,2024-05-19 00:00:00,315.25,completed,2024,5,Sunday,Extra Large,False
3338,778,2024-05-19 01:00:00,228.97,completed,2024,5,Sunday,Large,False
3339,345,2024-05-19 02:00:00,391.21,completed,2024,5,Sunday,Extra Large,False
3340,642,2024-05-19 03:00:00,118.03,pending,2024,5,Sunday,Medium,False
3341,382,2024-05-19 04:00:00,90.64,completed,2024,5,Sunday,Medium,False
3342,779,2024-05-19 05:00:00,209.1,completed,2024,5,Sunday,Large,False
3343,690,2024-05-19 06:00:00,464.03,completed,2024,5,Sunday,Extra Large,True
3344,253,2024-05-19 07:00:00,358.11,completed,2024,5,Sunday,Extra Large,False
3345,927,2024-05-19 08:00:00,215.27,pending,2024,5,Sunday,Large,False
3346,56,2024-05-19 09:00:00,263.46,pending,2024,5,Sunday,Large,False
3347,463,2024-05-19 10:00:00,51.26,completed,2024,5,Sunday,Medium,False
3348,457,2024-05-19 11:00:00,492.44,completed,2024,5,Sunday,Extra Large,True
3349,983,2024-05-19 12:00:00,336.54,completed,2024,5,Sunday,Extra Large,False
3350,83,2024-05-19 13:00:00,149.85,completed,2024,5,Sunday,Medium,False
3351,905,2024-05-19 14:00:00,297.05,completed,2024,5,Sunday,Large,False
3352,99,2024-05-19 15:00:00,63.65,completed,2024,5,Sunday,Medium,False
3353,149,2024-05-19 16:00:00,483.26,completed,2024,5,Sunday,Extra Large,True
3354,329,2024-05-19 17:00:00,95.64,completed,2024,5,Sunday,Medium,False
3355,156,2024-05-19 18:00:00,327.53,completed,2024,5,Sunday,Extra Large,False
3356,190,2024-05-19 19:00:00,130.27,completed,2024,5,Sunday,Medium,False
3357,494,2024-05-19 20:00:00,361.61,completed,2024,5,Sunday,Extra Large,False
3358,883,2024-05-19 21:00:00,390.64,pending,2024,5,Sunday,Extra Large,False
3359,263,2024-05-19 22:00:00,339.98,completed,2024,5,Sunday,Extra Large,False
3360,80,2024-05-19 23:00:00,311.1,completed,2024,5,Sunday,Extra Large,False
3361,400,2024-05-20 00:00:00,447.31,pending,2024,5,Monday,Extra Large,True
3362,764,2024-05-20 01:00:00,48.53,pending,2024,5,Monday,Small,False
3363,609,2024-05-20 02:00:00,172.15,completed,2024,5,Monday,Large,False
3364,260,2024-05-20 03:00:00,131.66,completed,2024,5,Monday,Medium,False
3365,772,2024-05-20 04:00:00,494.13,completed,2024,5,Monday,Extra Large,True
3366,615,2024-05-20 05:00:00,200.8,completed,2024,5,Monday,Large,False
3367,552,2024-05-20 06:00:00,368.98,completed,2024,5,Monday,Extra Large,False
3368,785,2024-05-20 07:00:00,345.52,pending,2024,5,Monday,Extra Large,False
3369,101,2024-05-20 08:00:00,113.92,completed,2024,5,Monday,Medium,False
3370,359,2024-05-20 09:00:00,127.11,completed,2024,5,Monday,Medium,False
3371,380,2024-05-20 10:00:00,147.83,completed,2024,5,Monday,Medium,False
3372,820,2024-05-20 11:00:00,211.45,completed,2024,5,Monday,Large,False
3373,221,2024-05-20 12:00:00,124.82,completed,2024,5,Monday,Medium,False
3374,820,2024-05-20 13:00:00,19.63,completed,2024,5,Monday,Small,False
3375,420,2024-05-20 14:00:00,440.9,completed,2024,5,Monday,Extra Large,True
3376,124,2024-05-20 15:00:00,483.15,completed,2024,5,Monday,Extra Large,True
3377,422,2024-05-20 16:00:00,177.37,completed,2024,5,Monday,Large,False
3378,231,2024-05-20 17:00:00,175.87,completed,2024,5,Monday,Large,False
3379,690,2024-05-20 18:00:00,13.47,pending,2024,5,Monday,Small,False
3380,63,2024-05-20 19:00:00,343.32,completed,2024,5,Monday,Extra Large,False
3381,485,2024-05-20 20:00:00,414.47,cancelled,2024,5,Monday,Extra Large,True
3382,628,2024-05-20 21:00:00,81.84,completed,2024,5,Monday,Medium,False
3383,703,2024-05-20 22:00:00,88.24,completed,2024,5,Monday,Medium,False
3384,574,2024-05-20 23:00:00,397.14,completed,2024,5,Monday,Extra Large,False
3385,768,2024-05-21 00:00:00,311.98,completed,2024,5,Tuesday,Extra Large,False
3386,483,2024-05-21 01:00:00,31.98,pending,2024,5,Tuesday,Small,False
3387,519,2024-05-21 02:00:00,315.05,pending,2024,5,Tuesday,Extra Large,False
3388,155,2024-05-21 03:00:00,161.37,completed,2024,5,Tuesday,Large,False
3389,92,2024-05-21 04:00:00,190.68,completed,2024,5,Tuesday,Large,False
3390,982,2024-05-21 05:00:00,387.17,completed,2024,5,Tuesday,Extra Large,False
3391,526,2024-05-21 06:00:00,407.36,pending,2024,5,Tuesday,Extra Large,True
3392,455,2024-05-21 07:00:00,206.17,completed,2024,5,Tuesday,Large,False
3393,741,2024-05-21 08:00:00,474.1,completed,2024,5,Tuesday,Extra Large,True
3394,598,2024-05-21 09:00:00,209.17,completed,2024,5,Tuesday,Large,False
3395,645,2024-05-21 10:00:00,388.2,completed,2024,5,Tuesday,Extra Large,False
3396,510,2024-05-21 11:00:00,247.1,pending,2024,5,Tuesday,Large,False
3397,183,2024-05-21 12:00:00,449.79,completed,2024,5,Tuesday,Extra Large,True
3398,386,2024-05-21 13:00:00,454.8,completed,2024,5,Tuesday,Extra Large,True
3399,574,2024-05-21 14:00:00,52.83,completed,2024,5,Tuesday,Medium,False
3400,731,2024-05-21 15:00:00,468.88,completed,2024,5,Tuesday,Extra Large,True
3401,405,2024-05-21 16:00:00,414.51,completed,2024,5,Tuesday,Extra Large,True
3402,246,2024-05-21 17:00:00,397.74,completed,2024,5,Tuesday,Extra Large,False
3403,742,2024-05-21 18:00:00,108.45,pending,2024,5,Tuesday,Medium,False
3404,591,2024-05-21 19:00:00,404.51,completed,2024,5,Tuesday,Extra Large,True
3405,661,2024-05-21 20:00:00,426.57,completed,2024,5,Tuesday,Extra Large,True
3406,650,2024-05-21 21:00:00,151.68,completed,2024,5,Tuesday,Large,False
3407,471,2024-05-21 22:00:00,476.61,completed,2024,5,Tuesday,Extra Large,True
3408,826,2024-05-21 23:00:00,34.43,pending,2024,5,Tuesday,Small,False
3409,888,2024-05-22 00:00:00,83.46,completed,2024,5,Wednesday,Medium,False
3410,423,2024-05-22 01:00:00,273.41,completed,2024,5,Wednesday,Large,False
3411,901,2024-05-22 02:00:00,292.14,completed,2024,5,Wednesday,Large,False
3412,65,2024-05-22 03:00:00,326.12,completed,2024,5,Wednesday,Extra Large,False
3413,13,2024-05-22 04:00:00,18.31,completed,2024,5,Wednesday,Small,False
3414,213,2024-05-22 05:00:00,480.58,pending,2024,5,Wednesday,Extra Large,True
3415,986,2024-05-22 06:00:00,31.85,completed,2024,5,Wednesday,Small,False
3416,242,2024-05-22 07:00:00,80.1,completed,2024,5,Wednesday,Medium,False
3417,493,2024-05-22 08:00:00,16.87,completed,2024,5,Wednesday,Small,False
3418,213,2024-05-22 09:00:00,287.76,completed,2024,5,Wednesday,Large,False
3419,693,2024-05-22 10:00:00,466.81,completed,2024,5,Wednesday,Extra Large,True
3420,338,2024-05-22 11:00:00,336.31,pending,2024,5,Wednesday,Extra Large,False
3421,997,2024-05-22 12:00:00,413.1,completed,2024,5,Wednesday,Extra Large,True
3422,173,2024-05-22 13:00:00,16.51,completed,2024,5,Wednesday,Small,False
3423,672,2024-05-22 14:00:00,275.59,completed,2024,5,Wednesday,Large,False
3424,164,2024-05-22 15:00:00,235.19,pending,2024,5,Wednesday,Large,False
3425,465,2024-05-22 16:00:00,254.49,completed,2024,5,Wednesday,Large,False
3426,995,2024-05-22 17:00:00,45.38,pending,2024,5,Wednesday,Small,False
3427,497,2024-05-22 18:00:00,345.37,completed,2024,5,Wednesday,Extra Large,False
3428,700,2024-05-22 19:00:00,256.58,pending,2024,5,Wednesday,Large,False
3429,395,2024-05-22 20:00:00,384.92,completed,2024,5,Wednesday,Extra Large,False
3430,703,2024-05-22 21:00:00,247.79,completed,2024,5,Wednesday,Large,False
3431,917,2024-05-22 22:00:00,83.2,completed,2024,5,Wednesday,Medium,False
3432,308,2024-05-22 23:00:00,327.65,completed,2024,5,Wednesday,Extra Large,False
3433,768,2024-05-23 00:00:00,94.47,completed,2024,5,Thursday,Medium,False
3434,183,2024-05-23 01:00:00,437.47,completed,2024,5,Thursday,Extra Large,True
3435,629,2024-05-23 02:00:00,310.43,completed,2024,5,Thursday,Extra Large,False
3436,794,2024-05-23 03:00:00,87.03,completed,2024,5,Thursday,Medium,False
3437,510,2024-05-23 04:00:00,481.55,pending,2024,5,Thursday,Extra Large,True
3438,708,2024-05-23 05:00:00,264.0,completed,2024,5,Thursday,Large,False
3439,546,2024-05-23 06:00:00,45.72,pending,2024,5,Thursday,Small,False
3440,564,2024-05-23 07:00:00,317.15,completed,2024,5,Thursday,Extra Large,False
3441,624,2024-05-23 08:00:00,134.07,completed,2024,5,Thursday,Medium,False
3442,764,2024-05-23 09:00:00,403.81,completed,2024,5,Thursday,Extra Large,True
3443,594,2024-05-23 10:00:00,410.73,completed,2024,5,Thursday,Extra Large,True
3444,744,2024-05-23 11:00:00,489.68,cancelled,2024,5,Thursday,Extra Large,True
3445,227,2024-05-23 12:00:00,255.92,completed,2024,5,Thursday,Large,False
3446,745,2024-05-23 13:00:00,232.93,pending,2024,5,Thursday,Large,False
3447,733,2024-05-23 14:00:00,379.2,pending,2024,5,Thursday,Extra Large,False
3448,436,2024-05-23 15:00:00,74.91,completed,2024,5,Thursday,Medium,False
3449,925,2024-05-23 16:00:00,277.99,pending,2024,5,Thursday,Large,False
3450,422,2024-05-23 17:00:00,277.66,completed,2024,5,Thursday,Large,False
3451,554,2024-05-23 18:00:00,53.84,cancelled,2024,5,Thursday,Medium,False
3452,21,2024-05-23 19:00:00,214.81,completed,2024,5,Thursday,Large,False
3453,554,2024-05-23 20:00:00,428.11,completed,2024,5,Thursday,Extra Large,True
3454,397,2024-05-23 21:00:00,429.52,pending,2024,5,Thursday,Extra Large,True
3455,625,2024-05-23 22:00:00,58.63,completed,2024,5,Thursday,Medium,False
3456,105,2024-05-23 23:00:00,54.45,completed,2024,5,Thursday,Medium,False
3457,192,2024-05-24 00:00:00,138.72,completed,2024,5,Friday,Medium,False
3458,17,2024-05-24 01:00:00,438.64,completed,2024,5,Friday,Extra Large,True
3459,120,2024-05-24 02:00:00,73.16,completed,2024,5,Friday,Medium,False
3460,393,2024-05-24 03:00:00,362.8,pending,2024,5,Friday,Extra Large,False
3461,425,2024-05-24 04:00:00,59.57,completed,2024,5,Friday,Medium,False
3462,129,2024-05-24 05:00:00,315.34,completed,2024,5,Friday,Extra Large,False
3463,130,2024-05-24 06:00:00,184.47,completed,2024,5,Friday,Large,False
3464,572,2024-05-24 07:00:00,396.57,completed,2024,5,Friday,Extra Large,False
3465,560,2024-05-24 08:00:00,124.51,completed,2024,5,Friday,Medium,False
3466,29,2024-05-24 09:00:00,323.21,completed,2024,5,Friday,Extra Large,False
3467,97,2024-05-24 10:00:00,125.48,pending,2024,5,Friday,Medium,False
3468,10,2024-05-24 11:00:00,359.69,completed,2024,5,Friday,Extra Large,False
3469,242,2024-05-24 12:00:00,438.1,completed,2024,5,Friday,Extra Large,True
3470,826,2024-05-24 13:00:00,72.13,pending,2024,5,Friday,Medium,False
3471,956,2024-05-24 14:00:00,434.63,completed,2024,5,Friday,Extra Large,True
3472,232,2024-05-24 15:00:00,300.85,completed,2024,5,Friday,Extra Large,False
3473,789,2024-05-24 16:00:00,72.28,completed,2024,5,Friday,Medium,False
3474,284,2024-05-24 17:00:00,219.5,pending,2024,5,Friday,Large,False
3475,715,2024-05-24 18:00:00,88.82,completed,2024,5,Friday,Medium,False
3476,759,2024-05-24 19:00:00,353.17,completed,2024,5,Friday,Extra Large,False
3477,802,2024-05-24 20:00:00,381.85,completed,2024,5,Friday,Extra Large,False
3478,776,2024-05-24 21:00:00,61.84,completed,2024,5,Friday,Medium,False
3479,955,2024-05-24 22:00:00,258.01,completed,2024,5,Friday,Large,False
3480,726,2024-05-24 23:00:00,409.17,completed,2024,5,Friday,Extra Large,True
3481,200,2024-05-25 00:00:00,468.72,completed,2024,5,Saturday,Extra Large,True
3482,945,2024-05-25 01:00:00,261.62,completed,2024,5,Saturday,Large,False
3483,79,2024-05-25 02:00:00,475.64,completed,2024,5,Saturday,Extra Large,True
3484,913,2024-05-25 03:00:00,272.49,completed,2024,5,Saturday,Large,False
3485,956,2024-05-25 04:00:00,203.15,pending,2024,5,Saturday,Large,False
3486,855,2024-05-25 05:00:00,425.62,cancelled,2024,5,Saturday,Extra Large,True
3487,856,2024-05-25 06:00:00,251.56,completed,2024,5,Saturday,Large,False
3488,173,2024-05-25 07:00:00,241.23,completed,2024,5,Saturday,Large,False
3489,467,2024-05-25 08:00:00,250.25,pending,2024,5,Saturday,Large,False
3490,581,2024-05-25 09:00:00,424.92,completed,2024,5,Saturday,Extra Large,True
3491,416,2024-05-25 10:00:00,417.65,completed,2024,5,Saturday,Extra Large,True
3492,940,2024-05-25 11:00:00,207.72,completed,2024,5,Saturday,Large,False
3493,449,2024-05-25 12:00:00,173.32,completed,2024,5,Saturday,Large,False
3494,87,2024-05-25 13:00:00,251.04,pending,2024,5,Saturday,Large,False
3495,101,2024-05-25 14:00:00,290.66,pending,2024,5,Saturday,Large,False
3496,8,2024-05-25 15:00:00,126.79,completed,2024,5,Saturday,Medium,False
3497,845,2024-05-25 16:00:00,399.04,completed,2024,5,Saturday,Extra Large,False
3498,200,2024-05-25 17:00:00,248.38,completed,2024,5,Saturday,Large,False
3499,505,2024-05-25 18:00:00,173.68,completed,2024,5,Saturday,Large,False
3500,87,2024-05-25 19:00:00,62.34,completed,2024,5,Saturday,Medium,False
3501,43,2024-05-25 20:00:00,127.03,completed,2024,5,Saturday,Medium,False
3502,385,2024-05-25 21:00:00,475.15,completed,2024,5,Saturday,Extra Large,True
3503,621,2024-05-25 22:00:00,159.5,pending,2024,5,Saturday,Large,False
3504,435,2024-05-25 23:00:00,92.74,completed,2024,5,Saturday,Medium,False
3505,408,2024-05-26 00:00:00,235.73,completed,2024,5,Sunday,Large,False
3506,483,2024-05-26 01:00:00,160.47,completed,2024,5,Sunday,Large,False
3507,664,2024-05-26 02:00:00,27.23,completed,2024,5,Sunday,Small,False
3508,17,2024-05-26 03:00:00,168.34,completed,2024,5,Sunday,Large,False
3509,645,2024-05-26 04:00:00,276.61,completed,2024,5,Sunday,Large,False
3510,148,2024-05-26 05:00:00,280.34,completed,2024,5,Sunday,Large,False
3511,277,2024-05-26 06:00:00,184.71,pending,2024,5,Sunday,Large,False
3512,232,2024-05-26 07:00:00,229.18,cancelled,2024,5,Sunday,Large,False
3513,826,2024-05-26 08:00:00,483.1,completed,2024,5,Sunday,Extra Large,True
3514,927,2024-05-26 09:00:00,194.9,completed,2024,5,Sunday,Large,False
3515,366,2024-05-26 10:00:00,136.53,completed,2024,5,Sunday,Medium,False
3516,228,2024-05-26 11:00:00,129.3,completed,2024,5,Sunday,Medium,False
3517,651,2024-05-26 12:00:00,234.3,completed,2024,5,Sunday,Large,False
3518,436,2024-05-26 13:00:00,382.16,pending,2024,5,Sunday,Extra Large,False
3519,399,2024-05-26 14:00:00,110.93,completed,2024,5,Sunday,Medium,False
3520,211,2024-05-26 15:00:00,357.56,completed,2024,5,Sunday,Extra Large,False
3521,391,2024-05-26 16:00:00,20.36,completed,2024,5,Sunday,Small,False
3522,499,2024-05-26 17:00:00,215.28,cancelled,2024,5,Sunday,Large,False
3523,540,2024-05-26 18:00:00,390.17,completed,2024,5,Sunday,Extra Large,False
3524,563,2024-05-26 19:00:00,175.98,completed,2024,5,Sunday,Large,False
3525,491,2024-05-26 20:00:00,286.23,completed,2024,5,Sunday,Large,False
3526,442,2024-05-26 21:00:00,110.44,completed,2024,5,Sunday,Medium,False
3527,261,2024-05-26 22:00:00,373.58,completed,2024,5,Sunday,Extra Large,False
3528,773,2024-05-26 23:00:00,35.62,completed,2024,5,Sunday,Small,False
3529,350,2024-05-27 00:00:00,427.75,pending,2024,5,Monday,Extra Large,True
3530,352,2024-05-27 01:00:00,107.12,completed,2024,5,Monday,Medium,False
3531,520,2024-05-27 02:00:00,438.46,cancelled,2024,5,Monday,Extra Large,True
3532,320,2024-05-27 03:00:00,182.74,completed,2024,5,Monday,Large,False
3533,138,2024-05-27 04:00:00,364.11,pending,2024,5,Monday,Extra Large,False
3534,550,2024-05-27 05:00:00,166.42,completed,2024,5,Monday,Large,False
3535,623,2024-05-27 06:00:00,453.9,completed,2024,5,Monday,Extra Large,True
3536,992,2024-05-27 07:00:00,72.05,completed,2024,5,Monday,Medium,False
3537,368,2024-05-27 08:00:00,97.47,completed,2024,5,Monday,Medium,False
3538,220,2024-05-27 09:00:00,251.58,completed,2024,5,Monday,Large,False
3539,337,2024-05-27 10:00:00,50.15,completed,2024,5,Monday,Medium,False
3540,223,2024-05-27 11:00:00,106.03,completed,2024,5,Monday,Medium,False
3541,648,2024-05-27 12:00:00,472.45,completed,2024,5,Monday,Extra Large,True
3542,768,2024-05-27 13:00:00,488.48,completed,2024,5,Monday,Extra Large,True
3543,360,2024-05-27 14:00:00,194.37,completed,2024,5,Monday,Large,False
3544,921,2024-05-27 15:00:00,462.41,completed,2024,5,Monday,Extra Large,True
3545,329,2024-05-27 16:00:00,276.96,completed,2024,5,Monday,Large,False
3546,962,2024-05-27 17:00:00,142.17,completed,2024,5,Monday,Medium,False
3547,463,2024-05-27 18:00:00,354.18,pending,2024,5,Monday,Extra Large,False
3548,946,2024-05-27 19:00:00,332.86,pending,2024,5,Monday,Extra Large,False
3549,963,2024-05-27 20:00:00,494.67,completed,2024,5,Monday,Extra Large,True
3550,561,2024-05-27 21:00:00,139.87,completed,2024,5,Monday,Medium,False
3551,804,2024-05-27 22:00:00,339.31,completed,2024,5,Monday,Extra Large,False
3552,382,2024-05-27 23:00:00,35.49,completed,2024,5,Monday,Small,False
3553,836,2024-05-28 00:00:00,65.69,completed,2024,5,Tuesday,Medium,False
3554,590,2024-05-28 01:00:00,11.92,completed,2024,5,Tuesday,Small,False
3555,617,2024-05-28 02:00:00,499.74,completed,2024,5,Tuesday,Extra Large,True
3556,169,2024-05-28 03:00:00,403.11,completed,2024,5,Tuesday,Extra Large,True
3557,217,2024-05-28 04:00:00,395.49,completed,2024,5,Tuesday,Extra Large,False
3558,378,2024-05-28 05:00:00,259.77,pending,2024,5,Tuesday,Large,False
3559,119,2024-05-28 06:00:00,157.03,completed,2024,5,Tuesday,Large,False
3560,190,2024-05-28 07:00:00,84.12,completed,2024,5,Tuesday,Medium,False
3561,767,2024-05-28 08:00:00,149.49,pending,2024,5,Tuesday,Medium,False
3562,370,2024-05-28 09:00:00,194.23,completed,2024,5,Tuesday,Large,False
3563,778,2024-05-28 10:00:00,380.59,completed,2024,5,Tuesday,Extra Large,False
3564,149,2024-05-28 11:00:00,274.43,completed,2024,5,Tuesday,Large,False
3565,676,2024-05-28 12:00:00,47.97,completed,2024,5,Tuesday,Small,False
3566,652,2024-05-28 13:00:00,18.83,completed,2024,5,Tuesday,Small,False
3567,859,2024-05-28 14:00:00,60.14,completed,2024,5,Tuesday,Medium,False
3568,488,2024-05-28 15:00:00,211.14,completed,2024,5,Tuesday,Large,False
3569,770,2024-05-28 16:00:00,467.26,pending,2024,5,Tuesday,Extra Large,True
3570,374,2024-05-28 17:00:00,322.33,completed,2024,5,Tuesday,Extra Large,False
3571,781,2024-05-28 18:00:00,402.89,cancelled,2024,5,Tuesday,Extra Large,True
3572,693,2024-05-28 19:00:00,238.52,completed,2024,5,Tuesday,Large,False
3573,160,2024-05-28 20:00:00,187.22,pending,2024,5,Tuesday,Large,False
3574,351,2024-05-28 21:00:00,63.12,completed,2024,5,Tuesday,Medium,False
3575,912,2024-05-28 22:00:00,439.21,completed,2024,5,Tuesday,Extra Large,True
3576,288,2024-05-28 23:00:00,393.75,completed,2024,5,Tuesday,Extra Large,False
3577,288,2024-05-29 00:00:00,92.38,completed,2024,5,Wednesday,Medium,False
3578,892,2024-05-29 01:00:00,261.01,completed,2024,5,Wednesday,Large,False
3579,226,2024-05-29 02:00:00,248.81,completed,2024,5,Wednesday,Large,False
3580,523,2024-05-29 03:00:00,316.29,pending,2024,5,Wednesday,Extra Large,False
3581,522,2024-05-29 04:00:00,473.63,pending,2024,5,Wednesday,Extra Large,True
3582,783,2024-05-29 05:00:00,294.09,completed,2024,5,Wednesday,Large,False
3583,273,2024-05-29 06:00:00,274.71,completed,2024,5,Wednesday,Large,False
3584,936,2024-05-29 07:00:00,34.66,completed,2024,5,Wednesday,Small,False
3585,402,2024-05-29 08:00:00,40.82,completed,2024,5,Wednesday,Small,False
3586,183,2024-05-29 09:00:00,101.8,pending,2024,5,Wednesday,Medium,False
3587,969,2024-05-29 10:00:00,25.91,completed,2024,5,Wednesday,Small,False
3588,665,2024-05-29 11:00:00,374.24,pending,2024,5,Wednesday,Extra Large,False
3589,488,2024-05-29 12:00:00,364.43,completed,2024,5,Wednesday,Extra Large,False
3590,827,2024-05-29 13:00:00,76.67,completed,2024,5,Wednesday,Medium,False
3591,846,2024-05-29 14:00:00,419.68,completed,2024,5,Wednesday,Extra Large,True
3592,124,2024-05-29 15:00:00,85.85,completed,2024,5,Wednesday,Medium,False
3593,985,2024-05-29 16:00:00,157.58,completed,2024,5,Wednesday,Large,False
3594,626,2024-05-29 17:00:00,132.0,pending,2024,5,Wednesday,Medium,False
3595,790,2024-05-29 18:00:00,192.43,completed,2024,5,Wednesday,Large,False
3596,414,2024-05-29 19:00:00,134.79,completed,2024,5,Wednesday,Medium,False
3597,980,2024-05-29 20:00:00,249.59,completed,2024,5,Wednesday,Large,False
3598,725,2024-05-29 21:00:00,209.63,completed,2024,5,Wednesday,Large,False
3599,172,2024-05-29 22:00:00,493.42,completed,2024,5,Wednesday,Extra Large,True
3600,288,2024-05-29 23:00:00,37.4,completed,2024,5,Wednesday,Small,False
3601,435,2024-05-30 00:00:00,79.67,completed,2024,5,Thursday,Medium,False
3602,686,2024-05-30 01:00:00,35.88,pending,2024,5,Thursday,Small,False
3603,113,2024-05-30 02:00:00,316.66,completed,2024,5,Thursday,Extra Large,False
3604,888,2024-05-30 03:00:00,36.71,pending,2024,5,Thursday,Small,False
3605,917,2024-05-30 04:00:00,419.86,completed,2024,5,Thursday,Extra Large,True
3606,995,2024-05-30 05:00:00,260.85,pending,2024,5,Thursday,Large,False
3607,122,2024-05-30 06:00:00,268.23,completed,2024,5,Thursday,Large,False
3608,544,2024-05-30 07:00:00,285.18,completed,2024,5,Thursday,Large,False
3609,222,2024-05-30 08:00:00,93.7,cancelled,2024,5,Thursday,Medium,False
3610,631,2024-05-30 09:00:00,106.87,completed,2024,5,Thursday,Medium,False
3611,39,2024-05-30 10:00:00,166.22,completed,2024,5,Thursday,Large,False
3612,497,2024-05-30 11:00:00,300.81,completed,2024,5,Thursday,Extra Large,False
3613,780,2024-05-30 12:00:00,112.96,pending,2024,5,Thursday,Medium,False
3614,233,2024-05-30 13:00:00,67.0,completed,2024,5,Thursday,Medium,False
3615,943,2024-05-30 14:00:00,485.36,completed,2024,5,Thursday,Extra Large,True
3616,530,2024-05-30 15:00:00,20.77,completed,2024,5,Thursday,Small,False
3617,149,2024-05-30 16:00:00,403.32,cancelled,2024,5,Thursday,Extra Large,True
3618,397,2024-05-30 17:00:00,396.14,completed,2024,5,Thursday,Extra Large,False
3619,661,2024-05-30 18:00:00,155.63,completed,2024,5,Thursday,Large,False
3620,638,2024-05-30 19:00:00,76.46,completed,2024,5,Thursday,Medium,False
3621,904,2024-05-30 20:00:00,81.36,completed,2024,5,Thursday,Medium,False
3622,302,2024-05-30 21:00:00,351.74,completed,2024,5,Thursday,Extra Large,False
3623,360,2024-05-30 22:00:00,324.98,completed,2024,5,Thursday,Extra Large,False
3624,238,2024-05-30 23:00:00,393.55,completed,2024,5,Thursday,Extra Large,False
3625,647,2024-05-31 00:00:00,469.37,completed,2024,5,Friday,Extra Large,True
3626,663,2024-05-31 01:00:00,349.04,completed,2024,5,Friday,Extra Large,False
3627,236,2024-05-31 02:00:00,86.37,completed,2024,5,Friday,Medium,False
3628,736,2024-05-31 03:00:00,129.29,pending,2024,5,Friday,Medium,False
3629,203,2024-05-31 04:00:00,422.67,completed,2024,5,Friday,Extra Large,True
3630,256,2024-05-31 05:00:00,112.56,completed,2024,5,Friday,Medium,False
3631,598,2024-05-31 06:00:00,45.54,pending,2024,5,Friday,Small,False
3632,662,2024-05-31 07:00:00,354.61,completed,2024,5,Friday,Extra Large,False
3633,235,2024-05-31 08:00:00,207.24,completed,2024,5,Friday,Large,False
3634,345,2024-05-31 09:00:00,460.82,completed,2024,5,Friday,Extra Large,True
3635,534,2024-05-31 10:00:00,328.62,completed,2024,5,Friday,Extra Large,False
3636,860,2024-05-31 11:00:00,54.31,pending,2024,5,Friday,Medium,False
3637,797,2024-05-31 12:00:00,474.45,pending,2024,5,Friday,Extra Large,True
3638,781,2024-05-31 13:00:00,136.69,completed,2024,5,Friday,Medium,False
3639,466,2024-05-31 14:00:00,175.23,completed,2024,5,Friday,Large,False
3640,770,2024-05-31 15:00:00,207.11,completed,2024,5,Friday,Large,False
3641,541,2024-05-31 16:00:00,35.1,completed,2024,5,Friday,Small,False
3642,213,2024-05-31 17:00:00,253.29,completed,2024,5,Friday,Large,False
3643,463,2024-05-31 18:00:00,70.43,completed,2024,5,Friday,Medium,False
3644,436,2024-05-31 19:00:00,206.48,completed,2024,5,Friday,Large,False
3645,283,2024-05-31 20:00:00,181.85,completed,2024,5,Friday,Large,False
3646,562,2024-05-31 21:00:00,388.69,pending,2024,5,Friday,Extra Large,False
3647,607,2024-05-31 22:00:00,403.55,completed,2024,5,Friday,Extra Large,True
3648,463,2024-05-31 23:00:00,85.17,completed,2024,5,Friday,Medium,False
3649,407,2024-06-01 00:00:00,189.61,completed,2024,6,Saturday,Large,False
3650,88,2024-06-01 01:00:00,192.94,completed,2024,6,Saturday,Large,False
3651,44,2024-06-01 02:00:00,84.19,completed,2024,6,Saturday,Medium,False
3652,461,2024-06-01 03:00:00,401.24,completed,2024,6,Saturday,Extra Large,True
3653,278,2024-06-01 04:00:00,356.54,completed,2024,6,Saturday,Extra Large,False
3654,683,2024-06-01 05:00:00,103.29,completed,2024,6,Saturday,Medium,False
3655,421,2024-06-01 06:00:00,189.69,pending,2024,6,Saturday,Large,False
3656,701,2024-06-01 07:00:00,61.84,completed,2024,6,Saturday,Medium,False
3657,353,2024-06-01 08:00:00,317.82,completed,2024,6,Saturday,Extra Large,False
3658,696,2024-06-01 09:00:00,69.47,completed,2024,6,Saturday,Medium,False
3659,515,2024-06-01 10:00:00,493.11,pending,2024,6,Saturday,Extra Large,True
3660,703,2024-06-01 11:00:00,392.53,completed,2024,6,Saturday,Extra Large,False
3661,630,2024-06-01 12:00:00,201.22,completed,2024,6,Saturday,Large,False
3662,19,2024-06-01 13:00:00,293.5,completed,2024,6,Saturday,Large,False
3663,23,2024-06-01 14:00:00,456.56,completed,2024,6,Saturday,Extra Large,True
3664,413,2024-06-01 15:00:00,281.51,completed,2024,6,Saturday,Large,False
3665,30,2024-06-01 16:00:00,95.5,completed,2024,6,Saturday,Medium,False
3666,807,2024-06-01 17:00:00,195.56,completed,2024,6,Saturday,Large,False
3667,108,2024-06-01 18:00:00,423.14,completed,2024,6,Saturday,Extra Large,True
3668,367,2024-06-01 19:00:00,325.66,completed,2024,6,Saturday,Extra Large,False
3669,281,2024-06-01 20:00:00,328.85,pending,2024,6,Saturday,Extra Large,False
3670,128,2024-06-01 21:00:00,434.74,completed,2024,6,Saturday,Extra Large,True
3671,229,2024-06-01 22:00:00,448.05,completed,2024,6,Saturday,Extra Large,True
3672,111,2024-06-01 23:00:00,460.7,completed,2024,6,Saturday,Extra Large,True
3673,136,2024-06-02 00:00:00,56.48,pending,2024,6,Sunday,Medium,False
3674,362,2024-06-02 01:00:00,276.62,completed,2024,6,Sunday,Large,False
3675,186,2024-06-02 02:00:00,372.85,completed,2024,6,Sunday,Extra Large,False
3676,656,2024-06-02 03:00:00,380.89,completed,2024,6,Sunday,Extra Large,False
3677,584,2024-06-02 04:00:00,307.29,completed,2024,6,Sunday,Extra Large,False
3678,129,2024-06-02 05:00:00,91.73,completed,2024,6,Sunday,Medium,False
3679,876,2024-06-02 06:00:00,400.74,completed,2024,6,Sunday,Extra Large,True
3680,261,2024-06-02 07:00:00,362.85,completed,2024,6,Sunday,Extra Large,False
3681,515,2024-06-02 08:00:00,52.21,pending,2024,6,Sunday,Medium,False
3682,449,2024-06-02 09:00:00,237.27,completed,2024,6,Sunday,Large,False
3683,900,2024-06-02 10:00:00,95.25,completed,2024,6,Sunday,Medium,False
3684,104,2024-06-02 11:00:00,175.36,pending,2024,6,Sunday,Large,False
3685,483,2024-06-02 12:00:00,18.86,pending,2024,6,Sunday,Small,False
3686,224,2024-06-02 13:00:00,206.16,completed,2024,6,Sunday,Large,False
3687,832,2024-06-02 14:00:00,279.44,cancelled,2024,6,Sunday,Large,False
3688,874,2024-06-02 15:00:00,313.6,completed,2024,6,Sunday,Extra Large,False
3689,866,2024-06-02 16:00:00,335.11,completed,2024,6,Sunday,Extra Large,False
3690,491,2024-06-02 17:00:00,419.78,pending,2024,6,Sunday,Extra Large,True
3691,473,2024-06-02 18:00:00,115.58,completed,2024,6,Sunday,Medium,False
3692,10,2024-06-02 19:00:00,69.04,completed,2024,6,Sunday,Medium,False
3693,405,2024-06-02 20:00:00,427.25,completed,2024,6,Sunday,Extra Large,True
3694,896,2024-06-02 21:00:00,86.74,completed,2024,6,Sunday,Medium,False
3695,302,2024-06-02 22:00:00,487.63,completed,2024,6,Sunday,Extra Large,True
3696,231,2024-06-02 23:00:00,422.84,completed,2024,6,Sunday,Extra Large,True
3697,731,2024-06-03 00:00:00,255.43,pending,2024,6,Monday,Large,False
3698,923,2024-06-03 01:00:00,490.9,completed,2024,6,Monday,Extra Large,True
3699,66,2024-06-03 02:00:00,57.71,completed,2024,6,Monday,Medium,False
3700,937,2024-06-03 03:00:00,158.5,pending,2024,6,Monday,Large,False
3701,112,2024-06-03 04:00:00,322.73,completed,2024,6,Monday,Extra Large,False
3702,13,2024-06-03 05:00:00,181.5,completed,2024,6,Monday,Large,False
3703,393,2024-06-03 06:00:00,464.9,completed,2024,6,Monday,Extra Large,True
3704,500,2024-06-03 07:00:00,42.16,completed,2024,6,Monday,Small,False
3705,932,2024-06-03 08:00:00,279.21,completed,2024,6,Monday,Large,False
3706,598,2024-06-03 09:00:00,299.52,completed,2024,6,Monday,Large,False
3707,234,2024-06-03 10:00:00,329.84,completed,2024,6,Monday,Extra Large,False
3708,602,2024-06-03 11:00:00,135.28,completed,2024,6,Monday,Medium,False
3709,314,2024-06-03 12:00:00,188.64,completed,2024,6,Monday,Large,False
3710,566,2024-06-03 13:00:00,423.4,pending,2024,6,Monday,Extra Large,True
3711,12,2024-06-03 14:00:00,105.52,completed,2024,6,Monday,Medium,False
3712,209,2024-06-03 15:00:00,415.17,completed,2024,6,Monday,Extra Large,True
3713,974,2024-06-03 16:00:00,285.7,completed,2024,6,Monday,Large,False
3714,14,2024-06-03 17:00:00,383.47,cancelled,2024,6,Monday,Extra Large,False
3715,633,2024-06-03 18:00:00,359.67,completed,2024,6,Monday,Extra Large,False
3716,418,2024-06-03 19:00:00,111.68,pending,2024,6,Monday,Medium,False
3717,437,2024-06-03 20:00:00,288.72,completed,2024,6,Monday,Large,False
3718,377,2024-06-03 21:00:00,435.18,pending,2024,6,Monday,Extra Large,True
3719,20,2024-06-03 22:00:00,221.74,completed,2024,6,Monday,Large,False
3720,587,2024-06-03 23:00:00,483.63,completed,2024,6,Monday,Extra Large,True
3721,912,2024-06-04 00:00:00,231.59,completed,2024,6,Tuesday,Large,False
3722,755,2024-06-04 01:00:00,79.96,completed,2024,6,Tuesday,Medium,False
3723,735,2024-06-04 02:00:00,200.82,completed,2024,6,Tuesday,Large,False
3724,70,2024-06-04 03:00:00,476.33,completed,2024,6,Tuesday,Extra Large,True
3725,824,2024-06-04 04:00:00,166.66,completed,2024,6,Tuesday,Large,False
3726,211,2024-06-04 05:00:00,435.37,completed,2024,6,Tuesday,Extra Large,True
3727,101,2024-06-04 06:00:00,441.81,completed,2024,6,Tuesday,Extra Large,True
3728,698,2024-06-04 07:00:00,181.59,completed,2024,6,Tuesday,Large,False
3729,132,2024-06-04 08:00:00,50.8,completed,2024,6,Tuesday,Medium,False
3730,623,2024-06-04 09:00:00,365.03,completed,2024,6,Tuesday,Extra Large,False
3731,381,2024-06-04 10:00:00,162.64,completed,2024,6,Tuesday,Large,False
3732,132,2024-06-04 11:00:00,393.63,completed,2024,6,Tuesday,Extra Large,False
3733,20,2024-06-04 12:00:00,226.9,completed,2024,6,Tuesday,Large,False
3734,906,2024-06-04 13:00:00,247.78,completed,2024,6,Tuesday,Large,False
3735,536,2024-06-04 14:00:00,391.18,completed,2024,6,Tuesday,Extra Large,False
3736,227,2024-06-04 15:00:00,197.36,completed,2024,6,Tuesday,Large,False
3737,154,2024-06-04 16:00:00,227.13,completed,2024,6,Tuesday,Large,False
3738,805,2024-06-04 17:00:00,194.33,cancelled,2024,6,Tuesday,Large,False
3739,742,2024-06-04 18:00:00,190.0,completed,2024,6,Tuesday,Large,False
3740,469,2024-06-04 19:00:00,267.71,completed,2024,6,Tuesday,Large,False
3741,822,2024-06-04 20:00:00,406.31,completed,2024,6,Tuesday,Extra Large,True
3742,1000,2024-06-04 21:00:00,187.27,completed,2024,6,Tuesday,Large,False
3743,871,2024-06-04 22:00:00,266.88,completed,2024,6,Tuesday,Large,False
3744,405,2024-06-04 23:00:00,338.66,completed,2024,6,Tuesday,Extra Large,False
3745,202,2024-06-05 00:00:00,142.03,cancelled,2024,6,Wednesday,Medium,False
3746,38,2024-06-05 01:00:00,145.99,pending,2024,6,Wednesday,Medium,False
3747,942,2024-06-05 02:00:00,467.37,completed,2024,6,Wednesday,Extra Large,True
3748,772,2024-06-05 03:00:00,364.53,completed,2024,6,Wednesday,Extra Large,False
3749,188,2024-06-05 04:00:00,292.82,completed,2024,6,Wednesday,Large,False
3750,57,2024-06-05 05:00:00,327.38,completed,2024,6,Wednesday,Extra Large,False
3751,941,2024-06-05 06:00:00,24.36,pending,2024,6,Wednesday,Small,False
3752,20,2024-06-05 07:00:00,312.87,completed,2024,6,Wednesday,Extra Large,False
3753,273,2024-06-05 08:00:00,259.66,completed,2024,6,Wednesday,Large,False
3754,119,2024-06-05 09:00:00,277.42,completed,2024,6,Wednesday,Large,False
3755,583,2024-06-05 10:00:00,186.12,completed,2024,6,Wednesday,Large,False
3756,516,2024-06-05 11:00:00,49.92,pending,2024,6,Wednesday,Small,False
3757,221,2024-06-05 12:00:00,104.74,completed,2024,6,Wednesday,Medium,False
3758,526,2024-06-05 13:00:00,475.86,completed,2024,6,Wednesday,Extra Large,True
3759,515,2024-06-05 14:00:00,210.26,completed,2024,6,Wednesday,Large,False
3760,728,2024-06-05 15:00:00,238.67,pending,2024,6,Wednesday,Large,False
3761,741,2024-06-05 16:00:00,35.83,completed,2024,6,Wednesday,Small,False
3762,336,2024-06-05 17:00:00,28.41,pending,2024,6,Wednesday,Small,False
3763,698,2024-06-05 18:00:00,361.42,completed,2024,6,Wednesday,Extra Large,False
3764,55,2024-06-05 19:00:00,273.67,pending,2024,6,Wednesday,Large,False
3765,500,2024-06-05 20:00:00,259.27,completed,2024,6,Wednesday,Large,False
3766,900,2024-06-05 21:00:00,129.13,completed,2024,6,Wednesday,Medium,False
3767,888,2024-06-05 22:00:00,374.93,completed,2024,6,Wednesday,Extra Large,False
3768,766,2024-06-05 23:00:00,92.44,completed,2024,6,Wednesday,Medium,False
3769,536,2024-06-06 00:00:00,103.07,completed,2024,6,Thursday,Medium,False
3770,162,2024-06-06 01:00:00,235.75,pending,2024,6,Thursday,Large,False
3771,670,2024-06-06 02:00:00,150.28,completed,2024,6,Thursday,Large,False
3772,594,2024-06-06 03:00:00,131.26,completed,2024,6,Thursday,Medium,False
3773,915,2024-06-06 04:00:00,326.17,completed,2024,6,Thursday,Extra Large,False
3774,159,2024-06-06 05:00:00,328.98,completed,2024,6,Thursday,Extra Large,False
3775,188,2024-06-06 06:00:00,414.01,pending,2024,6,Thursday,Extra Large,True
3776,60,2024-06-06 07:00:00,214.68,completed,2024,6,Thursday,Large,False
3777,915,2024-06-06 08:00:00,45.81,cancelled,2024,6,Thursday,Small,False
3778,817,2024-06-06 09:00:00,144.1,pending,2024,6,Thursday,Medium,False
3779,319,2024-06-06 10:00:00,490.2,completed,2024,6,Thursday,Extra Large,True
3780,878,2024-06-06 11:00:00,302.17,completed,2024,6,Thursday,Extra Large,False
3781,211,2024-06-06 12:00:00,357.77,pending,2024,6,Thursday,Extra Large,False
3782,406,2024-06-06 13:00:00,13.61,completed,2024,6,Thursday,Small,False
3783,664,2024-06-06 14:00:00,263.92,completed,2024,6,Thursday,Large,False
3784,109,2024-06-06 15:00:00,28.39,completed,2024,6,Thursday,Small,False
3785,76,2024-06-06 16:00:00,288.92,completed,2024,6,Thursday,Large,False
3786,542,2024-06-06 17:00:00,461.18,completed,2024,6,Thursday,Extra Large,True
3787,314,2024-06-06 18:00:00,484.53,completed,2024,6,Thursday,Extra Large,True
3788,998,2024-06-06 19:00:00,274.87,completed,2024,6,Thursday,Large,False
3789,117,2024-06-06 20:00:00,234.52,pending,2024,6,Thursday,Large,False
3790,927,2024-06-06 21:00:00,473.06,completed,2024,6,Thursday,Extra Large,True
3791,868,2024-06-06 22:00:00,340.07,completed,2024,6,Thursday,Extra Large,False
3792,704,2024-06-06 23:00:00,41.8,completed,2024,6,Thursday,Small,False
3793,19,2024-06-07 00:00:00,238.21,completed,2024,6,Friday,Large,False
3794,432,2024-06-07 01:00:00,127.72,completed,2024,6,Friday,Medium,False
3795,685,2024-06-07 02:00:00,240.2,completed,2024,6,Friday,Large,False
3796,740,2024-06-07 03:00:00,233.18,completed,2024,6,Friday,Large,False
3797,350,2024-06-07 04:00:00,295.25,completed,2024,6,Friday,Large,False
3798,183,2024-06-07 05:00:00,184.82,completed,2024,6,Friday,Large,False
3799,113,2024-06-07 06:00:00,90.49,cancelled,2024,6,Friday,Medium,False
3800,183,2024-06-07 07:00:00,256.82,completed,2024,6,Friday,Large,False
3801,481,2024-06-07 08:00:00,416.8,pending,2024,6,Friday,Extra Large,True
3802,146,2024-06-07 09:00:00,335.37,pending,2024,6,Friday,Extra Large,False
3803,831,2024-06-07 10:00:00,175.8,completed,2024,6,Friday,Large,False
3804,628,2024-06-07 11:00:00,468.41,completed,2024,6,Friday,Extra Large,True
3805,113,2024-06-07 12:00:00,456.98,completed,2024,6,Friday,Extra Large,True
3806,763,2024-06-07 13:00:00,112.58,pending,2024,6,Friday,Medium,False
3807,476,2024-06-07 14:00:00,29.31,completed,2024,6,Friday,Small,False
3808,763,2024-06-07 15:00:00,373.24,completed,2024,6,Friday,Extra Large,False
3809,303,2024-06-07 16:00:00,415.53,completed,2024,6,Friday,Extra Large,True
3810,971,2024-06-07 17:00:00,484.25,completed,2024,6,Friday,Extra Large,True
3811,825,2024-06-07 18:00:00,446.02,completed,2024,6,Friday,Extra Large,True
3812,118,2024-06-07 19:00:00,304.26,completed,2024,6,Friday,Extra Large,False
3813,813,2024-06-07 20:00:00,269.73,completed,2024,6,Friday,Large,False
3814,161,2024-06-07 21:00:00,23.64,completed,2024,6,Friday,Small,False
3815,401,2024-06-07 22:00:00,130.86,completed,2024,6,Friday,Medium,False
3816,198,2024-06-07 23:00:00,235.21,completed,2024,6,Friday,Large,False
3817,260,2024-06-08 00:00:00,317.97,completed,2024,6,Saturday,Extra Large,False
3818,660,2024-06-08 01:00:00,283.05,completed,2024,6,Saturday,Large,False
3819,752,2024-06-08 02:00:00,373.89,pending,2024,6,Saturday,Extra Large,False
3820,47,2024-06-08 03:00:00,147.09,cancelled,2024,6,Saturday,Medium,False
3821,987,2024-06-08 04:00:00,286.83,completed,2024,6,Saturday,Large,False
3822,399,2024-06-08 05:00:00,53.19,completed,2024,6,Saturday,Medium,False
3823,710,2024-06-08 06:00:00,212.7,completed,2024,6,Saturday,Large,False
3824,559,2024-06-08 07:00:00,377.58,completed,2024,6,Saturday,Extra Large,False
3825,78,2024-06-08 08:00:00,349.77,completed,2024,6,Saturday,Extra Large,False
3826,124,2024-06-08 09:00:00,495.41,completed,2024,6,Saturday,Extra Large,True
3827,75,2024-06-08 10:00:00,146.17,completed,2024,6,Saturday,Medium,False
3828,871,2024-06-08 11:00:00,254.11,completed,2024,6,Saturday,Large,False
3829,137,2024-06-08 12:00:00,171.47,completed,2024,6,Saturday,Large,False
3830,602,2024-06-08 13:00:00,225.9,completed,2024,6,Saturday,Large,False
3831,400,2024-06-08 14:00:00,429.91,completed,2024,6,Saturday,Extra Large,True
3832,837,2024-06-08 15:00:00,345.26,completed,2024,6,Saturday,Extra Large,False
3833,505,2024-06-08 16:00:00,442.4,completed,2024,6,Saturday,Extra Large,True
3834,500,2024-06-08 17:00:00,109.72,pending,2024,6,Saturday,Medium,False
3835,573,2024-06-08 18:00:00,437.95,completed,2024,6,Saturday,Extra Large,True
3836,138,2024-06-08 19:00:00,39.28,pending,2024,6,Saturday,Small,False
3837,50,2024-06-08 20:00:00,445.41,completed,2024,6,Saturday,Extra Large,True
3838,771,2024-06-08 21:00:00,171.25,completed,2024,6,Saturday,Large,False
3839,973,2024-06-08 22:00:00,164.15,completed,2024,6,Saturday,Large,False
3840,619,2024-06-08 23:00:00,260.92,completed,2024,6,Saturday,Large,False
3841,625,2024-06-09 00:00:00,470.94,completed,2024,6,Sunday,Extra Large,True
3842,862,2024-06-09 01:00:00,33.41,completed,2024,6,Sunday,Small,False
3843,254,2024-06-09 02:00:00,182.59,completed,2024,6,Sunday,Large,False
3844,630,2024-06-09 03:00:00,429.72,completed,2024,6,Sunday,Extra Large,True
3845,710,2024-06-09 04:00:00,204.07,completed,2024,6,Sunday,Large,False
3846,849,2024-06-09 05:00:00,107.59,completed,2024,6,Sunday,Medium,False
3847,877,2024-06-09 06:00:00,218.15,completed,2024,6,Sunday,Large,False
3848,563,2024-06-09 07:00:00,198.92,pending,2024,6,Sunday,Large,False
3849,757,2024-06-09 08:00:00,458.55,completed,2024,6,Sunday,Extra Large,True
3850,915,2024-06-09 09:00:00,383.35,completed,2024,6,Sunday,Extra Large,False
3851,426,2024-06-09 10:00:00,257.51,completed,2024,6,Sunday,Large,False
3852,547,2024-06-09 11:00:00,494.3,completed,2024,6,Sunday,Extra Large,True
3853,302,2024-06-09 12:00:00,237.99,completed,2024,6,Sunday,Large,False
3854,922,2024-06-09 13:00:00,38.54,pending,2024,6,Sunday,Small,False
3855,581,2024-06-09 14:00:00,138.51,completed,2024,6,Sunday,Medium,False
3856,349,2024-06-09 15:00:00,223.67,pending,2024,6,Sunday,Large,False
3857,832,2024-06-09 16:00:00,86.88,completed,2024,6,Sunday,Medium,False
3858,933,2024-06-09 17:00:00,474.31,completed,2024,6,Sunday,Extra Large,True
3859,980,2024-06-09 18:00:00,385.76,completed,2024,6,Sunday,Extra Large,False
3860,49,2024-06-09 19:00:00,141.46,completed,2024,6,Sunday,Medium,False
3861,917,2024-06-09 20:00:00,299.49,completed,2024,6,Sunday,Large,False
3862,74,2024-06-09 21:00:00,363.51,completed,2024,6,Sunday,Extra Large,False
3863,704,2024-06-09 22:00:00,471.23,completed,2024,6,Sunday,Extra Large,True
3864,261,2024-06-09 23:00:00,442.0,cancelled,2024,6,Sunday,Extra Large,True
3865,356,2024-06-10 00:00:00,262.44,completed,2024,6,Monday,Large,False
3866,582,2024-06-10 01:00:00,389.58,pending,2024,6,Monday,Extra Large,False
3867,602,2024-06-10 02:00:00,285.45,completed,2024,6,Monday,Large,False
3868,260,2024-06-10 03:00:00,280.82,completed,2024,6,Monday,Large,False
3869,638,2024-06-10 04:00:00,66.22,pending,2024,6,Monday,Medium,False
3870,743,2024-06-10 05:00:00,71.81,pending,2024,6,Monday,Medium,False
3871,295,2024-06-10 06:00:00,269.47,completed,2024,6,Monday,Large,False
3872,931,2024-06-10 07:00:00,141.74,completed,2024,6,Monday,Medium,False
3873,641,2024-06-10 08:00:00,20.31,completed,2024,6,Monday,Small,False
3874,792,2024-06-10 09:00:00,364.19,completed,2024,6,Monday,Extra Large,False
3875,313,2024-06-10 10:00:00,25.92,completed,2024,6,Monday,Small,False
3876,612,2024-06-10 11:00:00,301.69,completed,2024,6,Monday,Extra Large,False
3877,838,2024-06-10 12:00:00,274.2,pending,2024,6,Monday,Large,False
3878,809,2024-06-10 13:00:00,484.72,pending,2024,6,Monday,Extra Large,True
3879,182,2024-06-10 14:00:00,247.26,completed,2024,6,Monday,Large,False
3880,686,2024-06-10 15:00:00,41.16,completed,2024,6,Monday,Small,False
3881,828,2024-06-10 16:00:00,280.33,pending,2024,6,Monday,Large,False
3882,364,2024-06-10 17:00:00,422.14,completed,2024,6,Monday,Extra Large,True
3883,188,2024-06-10 18:00:00,498.46,completed,2024,6,Monday,Extra Large,True
3884,569,2024-06-10 19:00:00,220.87,completed,2024,6,Monday,Large,False
3885,543,2024-06-10 20:00:00,166.95,completed,2024,6,Monday,Large,False
3886,596,2024-06-10 21:00:00,454.26,cancelled,2024,6,Monday,Extra Large,True
3887,664,2024-06-10 22:00:00,103.71,completed,2024,6,Monday,Medium,False
3888,985,2024-06-10 23:00:00,311.56,completed,2024,6,Monday,Extra Large,False
3889,548,2024-06-11 00:00:00,208.8,completed,2024,6,Tuesday,Large,False
3890,725,2024-06-11 01:00:00,30.13,pending,2024,6,Tuesday,Small,False
3891,926,2024-06-11 02:00:00,180.17,pending,2024,6,Tuesday,Large,False
3892,408,2024-06-11 03:00:00,139.96,completed,2024,6,Tuesday,Medium,False
3893,876,2024-06-11 04:00:00,346.18,completed,2024,6,Tuesday,Extra Large,False
3894,618,2024-06-11 05:00:00,474.91,completed,2024,6,Tuesday,Extra Large,True
3895,414,2024-06-11 06:00:00,141.34,completed,2024,6,Tuesday,Medium,False
3896,342,2024-06-11 07:00:00,407.62,completed,2024,6,Tuesday,Extra Large,True
3897,220,2024-06-11 08:00:00,37.13,completed,2024,6,Tuesday,Small,False
3898,903,2024-06-11 09:00:00,273.68,completed,2024,6,Tuesday,Large,False
3899,163,2024-06-11 10:00:00,44.57,completed,2024,6,Tuesday,Small,False
3900,951,2024-06-11 11:00:00,467.68,completed,2024,6,Tuesday,Extra Large,True
3901,220,2024-06-11 12:00:00,385.51,pending,2024,6,Tuesday,Extra Large,False
3902,270,2024-06-11 13:00:00,332.4,completed,2024,6,Tuesday,Extra Large,False
3903,632,2024-06-11 14:00:00,413.71,completed,2024,6,Tuesday,Extra Large,True
3904,906,2024-06-11 15:00:00,327.28,cancelled,2024,6,Tuesday,Extra Large,False
3905,848,2024-06-11 16:00:00,484.78,completed,2024,6,Tuesday,Extra Large,True
3906,400,2024-06-11 17:00:00,359.84,completed,2024,6,Tuesday,Extra Large,False
3907,182,2024-06-11 18:00:00,463.08,completed,2024,6,Tuesday,Extra Large,True
3908,991,2024-06-11 19:00:00,263.39,completed,2024,6,Tuesday,Large,False
3909,618,2024-06-11 20:00:00,67.36,completed,2024,6,Tuesday,Medium,False
3910,729,2024-06-11 21:00:00,268.81,completed,2024,6,Tuesday,Large,False
3911,205,2024-06-11 22:00:00,72.17,pending,2024,6,Tuesday,Medium,False
3912,582,2024-06-11 23:00:00,300.32,completed,2024,6,Tuesday,Extra Large,False
3913,556,2024-06-12 00:00:00,246.42,completed,2024,6,Wednesday,Large,False
3914,841,2024-06-12 01:00:00,315.06,completed,2024,6,Wednesday,Extra Large,False
3915,813,2024-06-12 02:00:00,14.92,completed,2024,6,Wednesday,Small,False
3916,228,2024-06-12 03:00:00,105.47,completed,2024,6,Wednesday,Medium,False
3917,696,2024-06-12 04:00:00,250.75,completed,2024,6,Wednesday,Large,False
3918,619,2024-06-12 05:00:00,475.75,completed,2024,6,Wednesday,Extra Large,True
3919,596,2024-06-12 06:00:00,197.97,completed,2024,6,Wednesday,Large,False
3920,850,2024-06-12 07:00:00,217.94,completed,2024,6,Wednesday,Large,False
3921,250,2024-06-12 08:00:00,360.2,completed,2024,6,Wednesday,Extra Large,False
3922,875,2024-06-12 09:00:00,305.86,pending,2024,6,Wednesday,Extra Large,False
3923,441,2024-06-12 10:00:00,156.47,completed,2024,6,Wednesday,Large,False
3924,533,2024-06-12 11:00:00,211.3,completed,2024,6,Wednesday,Large,False
3925,196,2024-06-12 12:00:00,116.67,completed,2024,6,Wednesday,Medium,False
3926,690,2024-06-12 13:00:00,483.35,completed,2024,6,Wednesday,Extra Large,True
3927,929,2024-06-12 14:00:00,74.01,completed,2024,6,Wednesday,Medium,False
3928,987,2024-06-12 15:00:00,192.2,completed,2024,6,Wednesday,Large,False
3929,519,2024-06-12 16:00:00,22.66,completed,2024,6,Wednesday,Small,False
3930,70,2024-06-12 17:00:00,118.67,completed,2024,6,Wednesday,Medium,False
3931,639,2024-06-12 18:00:00,392.43,cancelled,2024,6,Wednesday,Extra Large,False
3932,399,2024-06-12 19:00:00,108.58,completed,2024,6,Wednesday,Medium,False
3933,978,2024-06-12 20:00:00,49.23,pending,2024,6,Wednesday,Small,False
3934,672,2024-06-12 21:00:00,242.48,completed,2024,6,Wednesday,Large,False
3935,760,2024-06-12 22:00:00,14.88,completed,2024,6,Wednesday,Small,False
3936,203,2024-06-12 23:00:00,51.54,completed,2024,6,Wednesday,Medium,False
3937,148,2024-06-13 00:00:00,405.74,pending,2024,6,Thursday,Extra Large,True
3938,472,2024-06-13 01:00:00,388.02,pending,2024,6,Thursday,Extra Large,False
3939,655,2024-06-13 02:00:00,458.42,completed,2024,6,Thursday,Extra Large,True
3940,944,2024-06-13 03:00:00,428.71,completed,2024,6,Thursday,Extra Large,True
3941,199,2024-06-13 04:00:00,344.76,completed,2024,6,Thursday,Extra Large,False
3942,917,2024-06-13 05:00:00,35.64,completed,2024,6,Thursday,Small,False
3943,426,2024-06-13 06:00:00,393.6,completed,2024,6,Thursday,Extra Large,False
3944,666,2024-06-13 07:00:00,424.3,pending,2024,6,Thursday,Extra Large,True
3945,492,2024-06-13 08:00:00,401.55,completed,2024,6,Thursday,Extra Large,True
3946,888,2024-06-13 09:00:00,259.15,completed,2024,6,Thursday,Large,False
3947,896,2024-06-13 10:00:00,124.12,completed,2024,6,Thursday,Medium,False
3948,142,2024-06-13 11:00:00,424.21,completed,2024,6,Thursday,Extra Large,True
3949,313,2024-06-13 12:00:00,366.31,completed,2024,6,Thursday,Extra Large,False
3950,165,2024-06-13 13:00:00,490.57,completed,2024,6,Thursday,Extra Large,True
3951,314,2024-06-13 14:00:00,86.29,pending,2024,6,Thursday,Medium,False
3952,21,2024-06-13 15:00:00,120.58,completed,2024,6,Thursday,Medium,False
3953,82,2024-06-13 16:00:00,113.78,completed,2024,6,Thursday,Medium,False
3954,581,2024-06-13 17:00:00,398.34,completed,2024,6,Thursday,Extra Large,False
3955,131,2024-06-13 18:00:00,101.58,completed,2024,6,Thursday,Medium,False
3956,599,2024-06-13 19:00:00,42.66,completed,2024,6,Thursday,Small,False
3957,730,2024-06-13 20:00:00,499.29,completed,2024,6,Thursday,Extra Large,True
3958,933,2024-06-13 21:00:00,22.16,completed,2024,6,Thursday,Small,False
3959,984,2024-06-13 22:00:00,419.27,pending,2024,6,Thursday,Extra Large,True
3960,305,2024-06-13 23:00:00,189.03,completed,2024,6,Thursday,Large,False
3961,915,2024-06-14 00:00:00,422.39,completed,2024,6,Friday,Extra Large,True
3962,371,2024-06-14 01:00:00,281.76,cancelled,2024,6,Friday,Large,False
3963,857,2024-06-14 02:00:00,451.8,completed,2024,6,Friday,Extra Large,True
3964,853,2024-06-14 03:00:00,463.83,pending,2024,6,Friday,Extra Large,True
3965,384,2024-06-14 04:00:00,14.46,completed,2024,6,Friday,Small,False
3966,908,2024-06-14 05:00:00,46.95,completed,2024,6,Friday,Small,False
3967,445,2024-06-14 06:00:00,132.68,pending,2024,6,Friday,Medium,False
3968,425,2024-06-14 07:00:00,337.96,pending,2024,6,Friday,Extra Large,False
3969,161,2024-06-14 08:00:00,445.25,completed,2024,6,Friday,Extra Large,True
3970,178,2024-06-14 09:00:00,235.37,completed,2024,6,Friday,Large,False
3971,629,2024-06-14 10:00:00,307.42,completed,2024,6,Friday,Extra Large,False
3972,708,2024-06-14 11:00:00,102.36,pending,2024,6,Friday,Medium,False
3973,895,2024-06-14 12:00:00,404.43,completed,2024,6,Friday,Extra Large,True
3974,490,2024-06-14 13:00:00,483.99,pending,2024,6,Friday,Extra Large,True
3975,327,2024-06-14 14:00:00,141.61,completed,2024,6,Friday,Medium,False
3976,598,2024-06-14 15:00:00,252.46,completed,2024,6,Friday,Large,False
3977,289,2024-06-14 16:00:00,52.2,completed,2024,6,Friday,Medium,False
3978,593,2024-06-14 17:00:00,283.98,completed,2024,6,Friday,Large,False
3979,664,2024-06-14 18:00:00,256.36,pending,2024,6,Friday,Large,False
3980,573,2024-06-14 19:00:00,80.77,completed,2024,6,Friday,Medium,False
3981,573,2024-06-14 20:00:00,226.61,cancelled,2024,6,Friday,Large,False
3982,354,2024-06-14 21:00:00,173.71,completed,2024,6,Friday,Large,False
3983,28,2024-06-14 22:00:00,265.7,completed,2024,6,Friday,Large,False
3984,954,2024-06-14 23:00:00,296.97,pending,2024,6,Friday,Large,False
3985,43,2024-06-15 00:00:00,14.16,completed,2024,6,Saturday,Small,False
3986,681,2024-06-15 01:00:00,382.89,completed,2024,6,Saturday,Extra Large,False
3987,423,2024-06-15 02:00:00,359.38,completed,2024,6,Saturday,Extra Large,False
3988,598,2024-06-15 03:00:00,189.48,pending,2024,6,Saturday,Large,False
3989,177,2024-06-15 04:00:00,35.94,pending,2024,6,Saturday,Small,False
3990,529,2024-06-15 05:00:00,379.92,completed,2024,6,Saturday,Extra Large,False
3991,610,2024-06-15 06:00:00,478.04,pending,2024,6,Saturday,Extra Large,True
3992,966,2024-06-15 07:00:00,127.67,completed,2024,6,Saturday,Medium,False
3993,494,2024-06-15 08:00:00,168.53,completed,2024,6,Saturday,Large,False
3994,198,2024-06-15 09:00:00,100.07,pending,2024,6,Saturday,Medium,False
3995,610,2024-06-15 10:00:00,292.7,completed,2024,6,Saturday,Large,False
3996,577,2024-06-15 11:00:00,85.87,pending,2024,6,Saturday,Medium,False
3997,842,2024-06-15 12:00:00,184.54,completed,2024,6,Saturday,Large,False
3998,853,2024-06-15 13:00:00,351.54,completed,2024,6,Saturday,Extra Large,False
3999,517,2024-06-15 14:00:00,284.46,completed,2024,6,Saturday,Large,False
4000,514,2024-06-15 15:00:00,199.37,completed,2024,6,Saturday,Large,False
4001,22,2024-06-15 16:00:00,215.92,completed,2024,6,Saturday,Large,False
4002,112,2024-06-15 17:00:00,285.43,completed,2024,6,Saturday,Large,False
4003,57,2024-06-15 18:00:00,12.87,completed,2024,6,Saturday,Small,False
4004,66,2024-06-15 19:00:00,48.47,completed,2024,6,Saturday,Small,False
4005,842,2024-06-15 20:00:00,441.82,completed,2024,6,Saturday,Extra Large,True
4006,98,2024-06-15 21:00:00,48.16,completed,2024,6,Saturday,Small,False
4007,144,2024-06-15 22:00:00,356.33,completed,2024,6,Saturday,Extra Large,False
4008,880,2024-06-15 23:00:00,460.82,completed,2024,6,Saturday,Extra Large,True
4009,435,2024-06-16 00:00:00,142.63,pending,2024,6,Sunday,Medium,False
4010,637,2024-06-16 01:00:00,191.54,completed,2024,6,Sunday,Large,False
4011,679,2024-06-16 02:00:00,288.77,pending,2024,6,Sunday,Large,False
4012,86,2024-06-16 03:00:00,442.04,completed,2024,6,Sunday,Extra Large,True
4013,588,2024-06-16 04:00:00,471.53,completed,2024,6,Sunday,Extra Large,True
4014,344,2024-06-16 05:00:00,372.39,pending,2024,6,Sunday,Extra Large,False
4015,936,2024-06-16 06:00:00,52.44,completed,2024,6,Sunday,Medium,False
4016,294,2024-06-16 07:00:00,337.89,completed,2024,6,Sunday,Extra Large,False
4017,956,2024-06-16 08:00:00,211.05,completed,2024,6,Sunday,Large,False
4018,571,2024-06-16 09:00:00,240.64,completed,2024,6,Sunday,Large,False
4019,650,2024-06-16 10:00:00,34.08,completed,2024,6,Sunday,Small,False
4020,611,2024-06-16 11:00:00,103.62,completed,2024,6,Sunday,Medium,False
4021,704,2024-06-16 12:00:00,397.35,completed,2024,6,Sunday,Extra Large,False
4022,243,2024-06-16 13:00:00,232.44,completed,2024,6,Sunday,Large,False
4023,831,2024-06-16 14:00:00,157.81,pending,2024,6,Sunday,Large,False
4024,561,2024-06-16 15:00:00,198.17,completed,2024,6,Sunday,Large,False
4025,960,2024-06-16 16:00:00,428.66,completed,2024,6,Sunday,Extra Large,True
4026,32,2024-06-16 17:00:00,377.01,pending,2024,6,Sunday,Extra Large,False
4027,391,2024-06-16 18:00:00,143.43,completed,2024,6,Sunday,Medium,False
4028,277,2024-06-16 19:00:00,67.58,completed,2024,6,Sunday,Medium,False
4029,532,2024-06-16 20:00:00,133.48,completed,2024,6,Sunday,Medium,False
4030,154,2024-06-16 21:00:00,461.17,completed,2024,6,Sunday,Extra Large,True
4031,383,2024-06-16 22:00:00,294.98,completed,2024,6,Sunday,Large,False
4032,68,2024-06-16 23:00:00,271.41,completed,2024,6,Sunday,Large,False
4033,878,2024-06-17 00:00:00,302.23,pending,2024,6,Monday,Extra Large,False
4034,884,2024-06-17 01:00:00,189.35,pending,2024,6,Monday,Large,False
4035,214,2024-06-17 02:00:00,405.48,pending,2024,6,Monday,Extra Large,True
4036,655,2024-06-17 03:00:00,266.41,completed,2024,6,Monday,Large,False
4037,376,2024-06-17 04:00:00,67.21,completed,2024,6,Monday,Medium,False
4038,744,2024-06-17 05:00:00,73.24,completed,2024,6,Monday,Medium,False
4039,213,2024-06-17 06:00:00,273.06,completed,2024,6,Monday,Large,False
4040,79,2024-06-17 07:00:00,468.92,completed,2024,6,Monday,Extra Large,True
4041,726,2024-06-17 08:00:00,161.09,completed,2024,6,Monday,Large,False
4042,628,2024-06-17 09:00:00,436.08,pending,2024,6,Monday,Extra Large,True
4043,604,2024-06-17 10:00:00,384.41,completed,2024,6,Monday,Extra Large,False
4044,782,2024-06-17 11:00:00,131.43,completed,2024,6,Monday,Medium,False
4045,923,2024-06-17 12:00:00,27.81,cancelled,2024,6,Monday,Small,False
4046,381,2024-06-17 13:00:00,59.91,completed,2024,6,Monday,Medium,False
4047,680,2024-06-17 14:00:00,366.96,completed,2024,6,Monday,Extra Large,False
4048,58,2024-06-17 15:00:00,107.84,completed,2024,6,Monday,Medium,False
4049,796,2024-06-17 16:00:00,191.92,completed,2024,6,Monday,Large,False
4050,26,2024-06-17 17:00:00,255.83,pending,2024,6,Monday,Large,False
4051,881,2024-06-17 18:00:00,365.48,completed,2024,6,Monday,Extra Large,False
4052,447,2024-06-17 19:00:00,65.48,completed,2024,6,Monday,Medium,False
4053,66,2024-06-17 20:00:00,209.12,completed,2024,6,Monday,Large,False
4054,921,2024-06-17 21:00:00,247.69,completed,2024,6,Monday,Large,False
4055,760,2024-06-17 22:00:00,275.01,completed,2024,6,Monday,Large,False
4056,254,2024-06-17 23:00:00,411.0,completed,2024,6,Monday,Extra Large,True
4057,899,2024-06-18 00:00:00,94.12,completed,2024,6,Tuesday,Medium,False
4058,968,2024-06-18 01:00:00,405.84,completed,2024,6,Tuesday,Extra Large,True
4059,44,2024-06-18 02:00:00,349.51,completed,2024,6,Tuesday,Extra Large,False
4060,97,2024-06-18 03:00:00,282.38,completed,2024,6,Tuesday,Large,False
4061,554,2024-06-18 04:00:00,352.77,completed,2024,6,Tuesday,Extra Large,False
4062,227,2024-06-18 05:00:00,211.89,pending,2024,6,Tuesday,Large,False
4063,774,2024-06-18 06:00:00,77.81,pending,2024,6,Tuesday,Medium,False
4064,679,2024-06-18 07:00:00,336.22,completed,2024,6,Tuesday,Extra Large,False
4065,436,2024-06-18 08:00:00,267.09,pending,2024,6,Tuesday,Large,False
4066,791,2024-06-18 09:00:00,323.29,completed,2024,6,Tuesday,Extra Large,False
4067,601,2024-06-18 10:00:00,175.62,completed,2024,6,Tuesday,Large,False
4068,379,2024-06-18 11:00:00,454.36,completed,2024,6,Tuesday,Extra Large,True
4069,178,2024-06-18 12:00:00,297.81,completed,2024,6,Tuesday,Large,False
4070,427,2024-06-18 13:00:00,51.85,completed,2024,6,Tuesday,Medium,False
4071,915,2024-06-18 14:00:00,230.4,completed,2024,6,Tuesday,Large,False
4072,709,2024-06-18 15:00:00,380.61,cancelled,2024,6,Tuesday,Extra Large,False
4073,307,2024-06-18 16:00:00,399.13,pending,2024,6,Tuesday,Extra Large,False
4074,779,2024-06-18 17:00:00,252.35,completed,2024,6,Tuesday,Large,False
4075,504,2024-06-18 18:00:00,448.43,completed,2024,6,Tuesday,Extra Large,True
4076,268,2024-06-18 19:00:00,141.16,completed,2024,6,Tuesday,Medium,False
4077,586,2024-06-18 20:00:00,211.19,completed,2024,6,Tuesday,Large,False
4078,8,2024-06-18 21:00:00,450.31,completed,2024,6,Tuesday,Extra Large,True
4079,920,2024-06-18 22:00:00,449.17,completed,2024,6,Tuesday,Extra Large,True
4080,508,2024-06-18 23:00:00,346.0,completed,2024,6,Tuesday,Extra Large,False
4081,476,2024-06-19 00:00:00,430.9,pending,2024,6,Wednesday,Extra Large,True
4082,297,2024-06-19 01:00:00,53.5,completed,2024,6,Wednesday,Medium,False
4083,164,2024-06-19 02:00:00,433.85,completed,2024,6,Wednesday,Extra Large,True
4084,485,2024-06-19 03:00:00,167.1,completed,2024,6,Wednesday,Large,False
4085,597,2024-06-19 04:00:00,97.38,completed,2024,6,Wednesday,Medium,False
4086,72,2024-06-19 05:00:00,127.29,pending,2024,6,Wednesday,Medium,False
4087,567,2024-06-19 06:00:00,214.8,completed,2024,6,Wednesday,Large,False
4088,905,2024-06-19 07:00:00,133.08,cancelled,2024,6,Wednesday,Medium,False
4089,559,2024-06-19 08:00:00,167.08,cancelled,2024,6,Wednesday,Large,False
4090,911,2024-06-19 09:00:00,76.14,completed,2024,6,Wednesday,Medium,False
4091,944,2024-06-19 10:00:00,155.13,completed,2024,6,Wednesday,Large,False
4092,238,2024-06-19 11:00:00,290.42,pending,2024,6,Wednesday,Large,False
4093,104,2024-06-19 12:00:00,226.51,cancelled,2024,6,Wednesday,Large,False
4094,210,2024-06-19 13:00:00,179.89,completed,2024,6,Wednesday,Large,False
4095,554,2024-06-19 14:00:00,375.76,completed,2024,6,Wednesday,Extra Large,False
4096,828,2024-06-19 15:00:00,447.82,completed,2024,6,Wednesday,Extra Large,True
4097,468,2024-06-19 16:00:00,380.83,completed,2024,6,Wednesday,Extra Large,False
4098,454,2024-06-19 17:00:00,172.68,completed,2024,6,Wednesday,Large,False
4099,268,2024-06-19 18:00:00,374.78,pending,2024,6,Wednesday,Extra Large,False
4100,386,2024-06-19 19:00:00,84.47,completed,2024,6,Wednesday,Medium,False
4101,775,2024-06-19 20:00:00,73.86,completed,2024,6,Wednesday,Medium,False
4102,848,2024-06-19 21:00:00,179.36,completed,2024,6,Wednesday,Large,False
4103,387,2024-06-19 22:00:00,405.77,completed,2024,6,Wednesday,Extra Large,True
4104,877,2024-06-19 23:00:00,130.71,completed,2024,6,Wednesday,Medium,False
4105,259,2024-06-20 00:00:00,40.99,pending,2024,6,Thursday,Small,False
4106,283,2024-06-20 01:00:00,74.54,completed,2024,6,Thursday,Medium,False
4107,626,2024-06-20 02:00:00,430.79,completed,2024,6,Thursday,Extra Large,True
4108,875,2024-06-20 03:00:00,320.55,completed,2024,6,Thursday,Extra Large,False
4109,40,2024-06-20 04:00:00,134.07,completed,2024,6,Thursday,Medium,False
4110,486,2024-06-20 05:00:00,282.09,completed,2024,6,Thursday,Large,False
4111,929,2024-06-20 06:00:00,268.51,completed,2024,6,Thursday,Large,False
4112,220,2024-06-20 07:00:00,331.16,completed,2024,6,Thursday,Extra Large,False
4113,129,2024-06-20 08:00:00,124.26,completed,2024,6,Thursday,Medium,False
4114,520,2024-06-20 09:00:00,433.56,completed,2024,6,Thursday,Extra Large,True
4115,613,2024-06-20 10:00:00,161.59,completed,2024,6,Thursday,Large,False
4116,928,2024-06-20 11:00:00,350.12,pending,2024,6,Thursday,Extra Large,False
4117,892,2024-06-20 12:00:00,17.9,completed,2024,6,Thursday,Small,False
4118,688,2024-06-20 13:00:00,192.6,completed,2024,6,Thursday,Large,False
4119,619,2024-06-20 14:00:00,182.34,completed,2024,6,Thursday,Large,False
4120,613,2024-06-20 15:00:00,276.31,completed,2024,6,Thursday,Large,False
4121,260,2024-06-20 16:00:00,45.64,completed,2024,6,Thursday,Small,False
4122,990,2024-06-20 17:00:00,397.16,completed,2024,6,Thursday,Extra Large,False
4123,966,2024-06-20 18:00:00,116.71,completed,2024,6,Thursday,Medium,False
4124,366,2024-06-20 19:00:00,341.75,completed,2024,6,Thursday,Extra Large,False
4125,758,2024-06-20 20:00:00,403.57,pending,2024,6,Thursday,Extra Large,True
4126,787,2024-06-20 21:00:00,285.32,completed,2024,6,Thursday,Large,False
4127,544,2024-06-20 22:00:00,373.03,completed,2024,6,Thursday,Extra Large,False
4128,649,2024-06-20 23:00:00,334.31,completed,2024,6,Thursday,Extra Large,False
4129,524,2024-06-21 00:00:00,184.21,pending,2024,6,Friday,Large,False
4130,907,2024-06-21 01:00:00,406.34,pending,2024,6,Friday,Extra Large,True
4131,814,2024-06-21 02:00:00,154.4,completed,2024,6,Friday,Large,False
4132,887,2024-06-21 03:00:00,289.89,completed,2024,6,Friday,Large,False
4133,16,2024-06-21 04:00:00,375.24,completed,2024,6,Friday,Extra Large,False
4134,129,2024-06-21 05:00:00,195.69,completed,2024,6,Friday,Large,False
4135,575,2024-06-21 06:00:00,158.36,completed,2024,6,Friday,Large,False
4136,109,2024-06-21 07:00:00,235.08,completed,2024,6,Friday,Large,False
4137,887,2024-06-21 08:00:00,410.8,completed,2024,6,Friday,Extra Large,True
4138,533,2024-06-21 09:00:00,465.66,pending,2024,6,Friday,Extra Large,True
4139,670,2024-06-21 10:00:00,277.09,cancelled,2024,6,Friday,Large,False
4140,269,2024-06-21 11:00:00,334.12,completed,2024,6,Friday,Extra Large,False
4141,162,2024-06-21 12:00:00,452.6,completed,2024,6,Friday,Extra Large,True
4142,260,2024-06-21 13:00:00,58.29,pending,2024,6,Friday,Medium,False
4143,924,2024-06-21 14:00:00,123.72,completed,2024,6,Friday,Medium,False
4144,102,2024-06-21 15:00:00,357.36,completed,2024,6,Friday,Extra Large,False
4145,506,2024-06-21 16:00:00,413.63,completed,2024,6,Friday,Extra Large,True
4146,735,2024-06-21 17:00:00,429.94,completed,2024,6,Friday,Extra Large,True
4147,571,2024-06-21 18:00:00,213.4,completed,2024,6,Friday,Large,False
4148,247,2024-06-21 19:00:00,53.78,completed,2024,6,Friday,Medium,False
4149,640,2024-06-21 20:00:00,224.51,completed,2024,6,Friday,Large,False
4150,795,2024-06-21 21:00:00,123.06,completed,2024,6,Friday,Medium,False
4151,837,2024-06-21 22:00:00,152.69,completed,2024,6,Friday,Large,False
4152,537,2024-06-21 23:00:00,388.41,completed,2024,6,Friday,Extra Large,False
4153,131,2024-06-22 00:00:00,47.01,pending,2024,6,Saturday,Small,False
4154,353,2024-06-22 01:00:00,415.51,completed,2024,6,Saturday,Extra Large,True
4155,196,2024-06-22 02:00:00,219.56,completed,2024,6,Saturday,Large,False
4156,793,2024-06-22 03:00:00,302.07,completed,2024,6,Saturday,Extra Large,False
4157,916,2024-06-22 04:00:00,53.93,completed,2024,6,Saturday,Medium,False
4158,930,2024-06-22 05:00:00,175.31,completed,2024,6,Saturday,Large,False
4159,666,2024-06-22 06:00:00,53.95,completed,2024,6,Saturday,Medium,False
4160,382,2024-06-22 07:00:00,481.16,completed,2024,6,Saturday,Extra Large,True
4161,645,2024-06-22 08:00:00,405.56,completed,2024,6,Saturday,Extra Large,True
4162,227,2024-06-22 09:00:00,235.22,completed,2024,6,Saturday,Large,False
4163,701,2024-06-22 10:00:00,119.57,completed,2024,6,Saturday,Medium,False
4164,476,2024-06-22 11:00:00,467.39,completed,2024,6,Saturday,Extra Large,True
4165,477,2024-06-22 12:00:00,178.85,completed,2024,6,Saturday,Large,False
4166,265,2024-06-22 13:00:00,88.88,completed,2024,6,Saturday,Medium,False
4167,372,2024-06-22 14:00:00,285.95,completed,2024,6,Saturday,Large,False
4168,486,2024-06-22 15:00:00,472.45,completed,2024,6,Saturday,Extra Large,True
4169,434,2024-06-22 16:00:00,11.88,completed,2024,6,Saturday,Small,False
4170,646,2024-06-22 17:00:00,126.68,completed,2024,6,Saturday,Medium,False
4171,211,2024-06-22 18:00:00,469.84,completed,2024,6,Saturday,Extra Large,True
4172,572,2024-06-22 19:00:00,93.83,completed,2024,6,Saturday,Medium,False
4173,940,2024-06-22 20:00:00,65.49,completed,2024,6,Saturday,Medium,False
4174,377,2024-06-22 21:00:00,289.39,completed,2024,6,Saturday,Large,False
4175,395,2024-06-22 22:00:00,432.3,cancelled,2024,6,Saturday,Extra Large,True
4176,450,2024-06-22 23:00:00,243.78,pending,2024,6,Saturday,Large,False
4177,943,2024-06-23 00:00:00,497.34,completed,2024,6,Sunday,Extra Large,True
4178,364,2024-06-23 01:00:00,342.79,completed,2024,6,Sunday,Extra Large,False
4179,876,2024-06-23 02:00:00,46.3,completed,2024,6,Sunday,Small,False
4180,457,2024-06-23 03:00:00,496.49,completed,2024,6,Sunday,Extra Large,True
4181,725,2024-06-23 04:00:00,209.87,completed,2024,6,Sunday,Large,False
4182,728,2024-06-23 05:00:00,150.83,completed,2024,6,Sunday,Large,False
4183,226,2024-06-23 06:00:00,283.36,pending,2024,6,Sunday,Large,False
4184,982,2024-06-23 07:00:00,159.11,completed,2024,6,Sunday,Large,False
4185,131,2024-06-23 08:00:00,52.36,completed,2024,6,Sunday,Medium,False
4186,588,2024-06-23 09:00:00,10.7,completed,2024,6,Sunday,Small,False
4187,476,2024-06-23 10:00:00,230.3,completed,2024,6,Sunday,Large,False
4188,798,2024-06-23 11:00:00,420.06,pending,2024,6,Sunday,Extra Large,True
4189,986,2024-06-23 12:00:00,290.43,pending,2024,6,Sunday,Large,False
4190,277,2024-06-23 13:00:00,499.61,pending,2024,6,Sunday,Extra Large,True
4191,156,2024-06-23 14:00:00,150.55,completed,2024,6,Sunday,Large,False
4192,760,2024-06-23 15:00:00,147.42,completed,2024,6,Sunday,Medium,False
4193,218,2024-06-23 16:00:00,88.28,completed,2024,6,Sunday,Medium,False
4194,190,2024-06-23 17:00:00,90.39,completed,2024,6,Sunday,Medium,False
4195,417,2024-06-23 18:00:00,149.74,completed,2024,6,Sunday,Medium,False
4196,981,2024-06-23 19:00:00,398.49,completed,2024,6,Sunday,Extra Large,False
4197,675,2024-06-23 20:00:00,453.82,completed,2024,6,Sunday,Extra Large,True
4198,692,2024-06-23 21:00:00,487.79,completed,2024,6,Sunday,Extra Large,True
4199,546,2024-06-23 22:00:00,123.82,completed,2024,6,Sunday,Medium,False
4200,41,2024-06-23 23:00:00,441.84,completed,2024,6,Sunday,Extra Large,True
4201,307,2024-06-24 00:00:00,170.84,completed,2024,6,Monday,Large,False
4202,943,2024-06-24 01:00:00,65.29,completed,2024,6,Monday,Medium,False
4203,338,2024-06-24 02:00:00,436.31,completed,2024,6,Monday,Extra Large,True
4204,314,2024-06-24 03:00:00,321.69,completed,2024,6,Monday,Extra Large,False
4205,75,2024-06-24 04:00:00,90.72,completed,2024,6,Monday,Medium,False
4206,953,2024-06-24 05:00:00,220.62,cancelled,2024,6,Monday,Large,False
4207,279,2024-06-24 06:00:00,150.76,completed,2024,6,Monday,Large,False
4208,176,2024-06-24 07:00:00,371.03,completed,2024,6,Monday,Extra Large,False
4209,896,2024-06-24 08:00:00,232.17,completed,2024,6,Monday,Large,False
4210,662,2024-06-24 09:00:00,494.75,pending,2024,6,Monday,Extra Large,True
4211,273,2024-06-24 10:00:00,36.83,completed,2024,6,Monday,Small,False
4212,837,2024-06-24 11:00:00,183.96,completed,2024,6,Monday,Large,False
4213,620,2024-06-24 12:00:00,246.13,completed,2024,6,Monday,Large,False
4214,651,2024-06-24 13:00:00,256.54,completed,2024,6,Monday,Large,False
4215,862,2024-06-24 14:00:00,164.81,completed,2024,6,Monday,Large,False
4216,783,2024-06-24 15:00:00,367.33,completed,2024,6,Monday,Extra Large,False
4217,859,2024-06-24 16:00:00,438.63,pending,2024,6,Monday,Extra Large,True
4218,931,2024-06-24 17:00:00,469.97,pending,2024,6,Monday,Extra Large,True
4219,289,2024-06-24 18:00:00,404.5,completed,2024,6,Monday,Extra Large,True
4220,724,2024-06-24 19:00:00,426.78,completed,2024,6,Monday,Extra Large,True
4221,893,2024-06-24 20:00:00,279.77,completed,2024,6,Monday,Large,False
4222,272,2024-06-24 21:00:00,414.69,pending,2024,6,Monday,Extra Large,True
4223,930,2024-06-24 22:00:00,158.72,completed,2024,6,Monday,Large,False
4224,66,2024-06-24 23:00:00,205.25,cancelled,2024,6,Monday,Large,False
4225,483,2024-06-25 00:00:00,165.29,completed,2024,6,Tuesday,Large,False
4226,936,2024-06-25 01:00:00,239.02,completed,2024,6,Tuesday,Large,False
4227,248,2024-06-25 02:00:00,149.93,pending,2024,6,Tuesday,Medium,False
4228,156,2024-06-25 03:00:00,481.19,completed,2024,6,Tuesday,Extra Large,True
4229,47,2024-06-25 04:00:00,163.29,completed,2024,6,Tuesday,Large,False
4230,935,2024-06-25 05:00:00,58.04,completed,2024,6,Tuesday,Medium,False
4231,454,2024-06-25 06:00:00,268.14,completed,2024,6,Tuesday,Large,False
4232,201,2024-06-25 07:00:00,37.98,completed,2024,6,Tuesday,Small,False
4233,660,2024-06-25 08:00:00,64.17,completed,2024,6,Tuesday,Medium,False
4234,124,2024-06-25 09:00:00,117.5,completed,2024,6,Tuesday,Medium,False
4235,1,2024-06-25 10:00:00,237.53,cancelled,2024,6,Tuesday,Large,False
4236,968,2024-06-25 11:00:00,222.29,cancelled,2024,6,Tuesday,Large,False
4237,759,2024-06-25 12:00:00,401.85,completed,2024,6,Tuesday,Extra Large,True
4238,855,2024-06-25 13:00:00,372.34,completed,2024,6,Tuesday,Extra Large,False
4239,640,2024-06-25 14:00:00,218.9,completed,2024,6,Tuesday,Large,False
4240,191,2024-06-25 15:00:00,173.52,completed,2024,6,Tuesday,Large,False
4241,579,2024-06-25 16:00:00,165.07,completed,2024,6,Tuesday,Large,False
4242,516,2024-06-25 17:00:00,389.26,cancelled,2024,6,Tuesday,Extra Large,False
4243,442,2024-06-25 18:00:00,35.52,pending,2024,6,Tuesday,Small,False
4244,921,2024-06-25 19:00:00,16.28,completed,2024,6,Tuesday,Small,False
4245,815,2024-06-25 20:00:00,399.82,completed,2024,6,Tuesday,Extra Large,False
4246,806,2024-06-25 21:00:00,243.8,completed,2024,6,Tuesday,Large,False
4247,143,2024-06-25 22:00:00,74.13,completed,2024,6,Tuesday,Medium,False
4248,191,2024-06-25 23:00:00,125.43,completed,2024,6,Tuesday,Medium,False
4249,533,2024-06-26 00:00:00,466.93,completed,2024,6,Wednesday,Extra Large,True
4250,227,2024-06-26 01:00:00,431.16,completed,2024,6,Wednesday,Extra Large,True
4251,313,2024-06-26 02:00:00,357.79,completed,2024,6,Wednesday,Extra Large,False
4252,629,2024-06-26 03:00:00,246.29,pending,2024,6,Wednesday,Large,False
4253,949,2024-06-26 04:00:00,264.96,completed,2024,6,Wednesday,Large,False
4254,302,2024-06-26 05:00:00,487.87,completed,2024,6,Wednesday,Extra Large,True
4255,654,2024-06-26 06:00:00,483.23,completed,2024,6,Wednesday,Extra Large,True
4256,996,2024-06-26 07:00:00,115.48,pending,2024,6,Wednesday,Medium,False
4257,460,2024-06-26 08:00:00,407.44,completed,2024,6,Wednesday,Extra Large,True
4258,401,2024-06-26 09:00:00,106.65,completed,2024,6,Wednesday,Medium,False
4259,551,2024-06-26 10:00:00,114.63,pending,2024,6,Wednesday,Medium,False
4260,393,2024-06-26 11:00:00,341.29,completed,2024,6,Wednesday,Extra Large,False
4261,867,2024-06-26 12:00:00,208.45,completed,2024,6,Wednesday,Large,False
4262,764,2024-06-26 13:00:00,466.46,completed,2024,6,Wednesday,Extra Large,True
4263,845,2024-06-26 14:00:00,53.61,pending,2024,6,Wednesday,Medium,False
4264,207,2024-06-26 15:00:00,260.65,completed,2024,6,Wednesday,Large,False
4265,210,2024-06-26 16:00:00,460.08,pending,2024,6,Wednesday,Extra Large,True
4266,115,2024-06-26 17:00:00,453.02,completed,2024,6,Wednesday,Extra Large,True
4267,737,2024-06-26 18:00:00,86.7,completed,2024,6,Wednesday,Medium,False
4268,646,2024-06-26 19:00:00,189.65,completed,2024,6,Wednesday,Large,False
4269,251,2024-06-26 20:00:00,313.37,completed,2024,6,Wednesday,Extra Large,False
4270,219,2024-06-26 21:00:00,88.1,completed,2024,6,Wednesday,Medium,False
4271,407,2024-06-26 22:00:00,484.33,completed,2024,6,Wednesday,Extra Large,True
4272,443,2024-06-26 23:00:00,458.23,completed,2024,6,Wednesday,Extra Large,True
4273,603,2024-06-27 00:00:00,91.81,completed,2024,6,Thursday,Medium,False
4274,354,2024-06-27 01:00:00,69.37,pending,2024,6,Thursday,Medium,False
4275,888,2024-06-27 02:00:00,51.85,completed,2024,6,Thursday,Medium,False
4276,558,2024-06-27 03:00:00,455.63,cancelled,2024,6,Thursday,Extra Large,True
4277,550,2024-06-27 04:00:00,104.88,completed,2024,6,Thursday,Medium,False
4278,142,2024-06-27 05:00:00,213.98,pending,2024,6,Thursday,Large,False
4279,612,2024-06-27 06:00:00,229.94,pending,2024,6,Thursday,Large,False
4280,501,2024-06-27 07:00:00,303.52,completed,2024,6,Thursday,Extra Large,False
4281,840,2024-06-27 08:00:00,45.15,cancelled,2024,6,Thursday,Small,False
4282,702,2024-06-27 09:00:00,121.11,completed,2024,6,Thursday,Medium,False
4283,547,2024-06-27 10:00:00,466.43,pending,2024,6,Thursday,Extra Large,True
4284,659,2024-06-27 11:00:00,455.12,pending,2024,6,Thursday,Extra Large,True
4285,542,2024-06-27 12:00:00,392.83,completed,2024,6,Thursday,Extra Large,False
4286,846,2024-06-27 13:00:00,19.51,completed,2024,6,Thursday,Small,False
4287,507,2024-06-27 14:00:00,170.23,completed,2024,6,Thursday,Large,False
4288,596,2024-06-27 15:00:00,317.7,completed,2024,6,Thursday,Extra Large,False
4289,881,2024-06-27 16:00:00,144.84,completed,2024,6,Thursday,Medium,False
4290,281,2024-06-27 17:00:00,455.7,completed,2024,6,Thursday,Extra Large,True
4291,424,2024-06-27 18:00:00,320.61,completed,2024,6,Thursday,Extra Large,False
4292,856,2024-06-27 19:00:00,45.23,pending,2024,6,Thursday,Small,False
4293,270,2024-06-27 20:00:00,455.41,completed,2024,6,Thursday,Extra Large,True
4294,154,2024-06-27 21:00:00,479.31,pending,2024,6,Thursday,Extra Large,True
4295,614,2024-06-27 22:00:00,48.08,pending,2024,6,Thursday,Small,False
4296,727,2024-06-27 23:00:00,270.86,completed,2024,6,Thursday,Large,False
4297,662,2024-06-28 00:00:00,158.65,completed,2024,6,Friday,Large,False
4298,944,2024-06-28 01:00:00,202.49,completed,2024,6,Friday,Large,False
4299,83,2024-06-28 02:00:00,98.03,completed,2024,6,Friday,Medium,False
4300,622,2024-06-28 03:00:00,293.26,completed,2024,6,Friday,Large,False
4301,947,2024-06-28 04:00:00,479.41,completed,2024,6,Friday,Extra Large,True
4302,899,2024-06-28 05:00:00,256.51,cancelled,2024,6,Friday,Large,False
4303,426,2024-06-28 06:00:00,50.63,completed,2024,6,Friday,Medium,False
4304,275,2024-06-28 07:00:00,313.8,completed,2024,6,Friday,Extra Large,False
4305,713,2024-06-28 08:00:00,176.71,completed,2024,6,Friday,Large,False
4306,284,2024-06-28 09:00:00,429.4,pending,2024,6,Friday,Extra Large,True
4307,980,2024-06-28 10:00:00,222.99,pending,2024,6,Friday,Large,False
4308,173,2024-06-28 11:00:00,104.49,pending,2024,6,Friday,Medium,False
4309,327,2024-06-28 12:00:00,103.64,completed,2024,6,Friday,Medium,False
4310,718,2024-06-28 13:00:00,386.69,completed,2024,6,Friday,Extra Large,False
4311,63,2024-06-28 14:00:00,140.14,pending,2024,6,Friday,Medium,False
4312,73,2024-06-28 15:00:00,385.94,completed,2024,6,Friday,Extra Large,False
4313,763,2024-06-28 16:00:00,110.88,completed,2024,6,Friday,Medium,False
4314,636,2024-06-28 17:00:00,167.63,completed,2024,6,Friday,Large,False
4315,375,2024-06-28 18:00:00,238.09,completed,2024,6,Friday,Large,False
4316,633,2024-06-28 19:00:00,472.17,completed,2024,6,Friday,Extra Large,True
4317,508,2024-06-28 20:00:00,466.55,completed,2024,6,Friday,Extra Large,True
4318,787,2024-06-28 21:00:00,111.37,completed,2024,6,Friday,Medium,False
4319,943,2024-06-28 22:00:00,185.53,completed,2024,6,Friday,Large,False
4320,398,2024-06-28 23:00:00,83.21,completed,2024,6,Friday,Medium,False
4321,120,2024-06-29 00:00:00,259.89,completed,2024,6,Saturday,Large,False
4322,934,2024-06-29 01:00:00,235.69,completed,2024,6,Saturday,Large,False
4323,437,2024-06-29 02:00:00,451.37,completed,2024,6,Saturday,Extra Large,True
4324,829,2024-06-29 03:00:00,465.7,completed,2024,6,Saturday,Extra Large,True
4325,676,2024-06-29 04:00:00,197.95,completed,2024,6,Saturday,Large,False
4326,936,2024-06-29 05:00:00,250.95,completed,2024,6,Saturday,Large,False
4327,465,2024-06-29 06:00:00,449.16,completed,2024,6,Saturday,Extra Large,True
4328,286,2024-06-29 07:00:00,405.29,completed,2024,6,Saturday,Extra Large,True
4329,265,2024-06-29 08:00:00,11.79,pending,2024,6,Saturday,Small,False
4330,320,2024-06-29 09:00:00,166.83,completed,2024,6,Saturday,Large,False
4331,673,2024-06-29 10:00:00,216.67,completed,2024,6,Saturday,Large,False
4332,376,2024-06-29 11:00:00,122.56,completed,2024,6,Saturday,Medium,False
4333,820,2024-06-29 12:00:00,107.79,cancelled,2024,6,Saturday,Medium,False
4334,89,2024-06-29 13:00:00,28.51,completed,2024,6,Saturday,Small,False
4335,654,2024-06-29 14:00:00,325.25,completed,2024,6,Saturday,Extra Large,False
4336,203,2024-06-29 15:00:00,138.63,completed,2024,6,Saturday,Medium,False
4337,821,2024-06-29 16:00:00,35.65,completed,2024,6,Saturday,Small,False
4338,739,2024-06-29 17:00:00,123.18,completed,2024,6,Saturday,Medium,False
4339,955,2024-06-29 18:00:00,402.94,completed,2024,6,Saturday,Extra Large,True
4340,334,2024-06-29 19:00:00,427.23,completed,2024,6,Saturday,Extra Large,True
4341,222,2024-06-29 20:00:00,246.7,completed,2024,6,Saturday,Large,False
4342,41,2024-06-29 21:00:00,213.87,pending,2024,6,Saturday,Large,False
4343,708,2024-06-29 22:00:00,489.15,completed,2024,6,Saturday,Extra Large,True
4344,68,2024-06-29 23:00:00,108.28,completed,2024,6,Saturday,Medium,False
4345,988,2024-06-30 00:00:00,115.53,pending,2024,6,Sunday,Medium,False
4346,776,2024-06-30 01:00:00,153.01,pending,2024,6,Sunday,Large,False
4347,514,2024-06-30 02:00:00,94.65,cancelled,2024,6,Sunday,Medium,False
4348,873,2024-06-30 03:00:00,195.89,pending,2024,6,Sunday,Large,False
4349,637,2024-06-30 04:00:00,456.31,cancelled,2024,6,Sunday,Extra Large,True
4350,622,2024-06-30 05:00:00,311.52,completed,2024,6,Sunday,Extra Large,False
4351,598,2024-06-30 06:00:00,211.85,pending,2024,6,Sunday,Large,False
4352,937,2024-06-30 07:00:00,467.86,pending,2024,6,Sunday,Extra Large,True
4353,632,2024-06-30 08:00:00,33.75,completed,2024,6,Sunday,Small,False
4354,127,2024-06-30 09:00:00,113.04,completed,2024,6,Sunday,Medium,False
4355,255,2024-06-30 10:00:00,287.29,cancelled,2024,6,Sunday,Large,False
4356,695,2024-06-30 11:00:00,311.62,completed,2024,6,Sunday,Extra Large,False
4357,16,2024-06-30 12:00:00,29.38,pending,2024,6,Sunday,Small,False
4358,477,2024-06-30 13:00:00,207.49,completed,2024,6,Sunday,Large,False
4359,62,2024-06-30 14:00:00,328.09,completed,2024,6,Sunday,Extra Large,False
4360,881,2024-06-30 15:00:00,352.05,completed,2024,6,Sunday,Extra Large,False
4361,432,2024-06-30 16:00:00,322.69,completed,2024,6,Sunday,Extra Large,False
4362,670,2024-06-30 17:00:00,167.08,completed,2024,6,Sunday,Large,False
4363,268,2024-06-30 18:00:00,55.82,completed,2024,6,Sunday,Medium,False
4364,35,2024-06-30 19:00:00,219.29,completed,2024,6,Sunday,Large,False
4365,779,2024-06-30 20:00:00,73.09,completed,2024,6,Sunday,Medium,False
4366,576,2024-06-30 21:00:00,474.34,completed,2024,6,Sunday,Extra Large,True
4367,494,2024-06-30 22:00:00,242.83,completed,2024,6,Sunday,Large,False
4368,562,2024-06-30 23:00:00,165.46,completed,2024,6,Sunday,Large,False
4369,469,2024-07-01 00:00:00,385.49,completed,2024,7,Monday,Extra Large,False
4370,767,2024-07-01 01:00:00,253.99,completed,2024,7,Monday,Large,False
4371,661,2024-07-01 02:00:00,161.92,completed,2024,7,Monday,Large,False
4372,325,2024-07-01 03:00:00,407.86,completed,2024,7,Monday,Extra Large,True
4373,304,2024-07-01 04:00:00,434.9,completed,2024,7,Monday,Extra Large,True
4374,276,2024-07-01 05:00:00,339.77,completed,2024,7,Monday,Extra Large,False
4375,869,2024-07-01 06:00:00,33.01,pending,2024,7,Monday,Small,False
4376,963,2024-07-01 07:00:00,287.5,pending,2024,7,Monday,Large,False
4377,684,2024-07-01 08:00:00,384.01,pending,2024,7,Monday,Extra Large,False
4378,929,2024-07-01 09:00:00,76.89,completed,2024,7,Monday,Medium,False
4379,201,2024-07-01 10:00:00,122.05,completed,2024,7,Monday,Medium,False
4380,445,2024-07-01 11:00:00,442.42,completed,2024,7,Monday,Extra Large,True
4381,905,2024-07-01 12:00:00,19.86,completed,2024,7,Monday,Small,False
4382,324,2024-07-01 13:00:00,378.84,cancelled,2024,7,Monday,Extra Large,False
4383,35,2024-07-01 14:00:00,242.15,completed,2024,7,Monday,Large,False
4384,977,2024-07-01 15:00:00,228.92,completed,2024,7,Monday,Large,False
4385,482,2024-07-01 16:00:00,13.48,completed,2024,7,Monday,Small,False
4386,728,2024-07-01 17:00:00,411.51,pending,2024,7,Monday,Extra Large,True
4387,480,2024-07-01 18:00:00,186.31,pending,2024,7,Monday,Large,False
4388,65,2024-07-01 19:00:00,274.98,completed,2024,7,Monday,Large,False
4389,8,2024-07-01 20:00:00,341.88,cancelled,2024,7,Monday,Extra Large,False
4390,301,2024-07-01 21:00:00,354.29,completed,2024,7,Monday,Extra Large,False
4391,343,2024-07-01 22:00:00,478.43,pending,2024,7,Monday,Extra Large,True
4392,431,2024-07-01 23:00:00,270.36,cancelled,2024,7,Monday,Large,False
4393,424,2024-07-02 00:00:00,205.86,pending,2024,7,Tuesday,Large,False
4394,332,2024-07-02 01:00:00,477.31,completed,2024,7,Tuesday,Extra Large,True
4395,438,2024-07-02 02:00:00,324.63,completed,2024,7,Tuesday,Extra Large,False
4396,588,2024-07-02 03:00:00,156.09,completed,2024,7,Tuesday,Large,False
4397,174,2024-07-02 04:00:00,71.97,completed,2024,7,Tuesday,Medium,False
4398,559,2024-07-02 05:00:00,422.85,pending,2024,7,Tuesday,Extra Large,True
4399,527,2024-07-02 06:00:00,187.47,completed,2024,7,Tuesday,Large,False
4400,873,2024-07-02 07:00:00,333.63,completed,2024,7,Tuesday,Extra Large,False
4401,659,2024-07-02 08:00:00,240.7,completed,2024,7,Tuesday,Large,False
4402,26,2024-07-02 09:00:00,107.48,completed,2024,7,Tuesday,Medium,False
4403,820,2024-07-02 10:00:00,304.83,completed,2024,7,Tuesday,Extra Large,False
4404,605,2024-07-02 11:00:00,39.73,completed,2024,7,Tuesday,Small,False
4405,406,2024-07-02 12:00:00,212.54,completed,2024,7,Tuesday,Large,False
4406,232,2024-07-02 13:00:00,277.84,completed,2024,7,Tuesday,Large,False
4407,533,2024-07-02 14:00:00,223.66,pending,2024,7,Tuesday,Large,False
4408,819,2024-07-02 15:00:00,376.85,completed,2024,7,Tuesday,Extra Large,False
4409,550,2024-07-02 16:00:00,415.68,pending,2024,7,Tuesday,Extra Large,True
4410,788,2024-07-02 17:00:00,387.91,completed,2024,7,Tuesday,Extra Large,False
4411,505,2024-07-02 18:00:00,29.02,completed,2024,7,Tuesday,Small,False
4412,669,2024-07-02 19:00:00,105.12,completed,2024,7,Tuesday,Medium,False
4413,179,2024-07-02 20:00:00,272.94,completed,2024,7,Tuesday,Large,False
4414,132,2024-07-02 21:00:00,468.06,completed,2024,7,Tuesday,Extra Large,True
4415,823,2024-07-02 22:00:00,419.13,completed,2024,7,Tuesday,Extra Large,True
4416,455,2024-07-02 23:00:00,422.84,completed,2024,7,Tuesday,Extra Large,True
4417,348,2024-07-03 00:00:00,158.57,completed,2024,7,Wednesday,Large,False
4418,540,2024-07-03 01:00:00,220.43,completed,2024,7,Wednesday,Large,False
4419,772,2024-07-03 02:00:00,240.65,completed,2024,7,Wednesday,Large,False
4420,406,2024-07-03 03:00:00,87.11,completed,2024,7,Wednesday,Medium,False
4421,76,2024-07-03 04:00:00,25.22,pending,2024,7,Wednesday,Small,False
4422,941,2024-07-03 05:00:00,473.98,completed,2024,7,Wednesday,Extra Large,True
4423,579,2024-07-03 06:00:00,127.95,completed,2024,7,Wednesday,Medium,False
4424,854,2024-07-03 07:00:00,127.57,cancelled,2024,7,Wednesday,Medium,False
4425,492,2024-07-03 08:00:00,50.86,completed,2024,7,Wednesday,Medium,False
4426,194,2024-07-03 09:00:00,464.97,cancelled,2024,7,Wednesday,Extra Large,True
4427,984,2024-07-03 10:00:00,294.07,completed,2024,7,Wednesday,Large,False
4428,162,2024-07-03 11:00:00,336.85,pending,2024,7,Wednesday,Extra Large,False
4429,347,2024-07-03 12:00:00,456.67,completed,2024,7,Wednesday,Extra Large,True
4430,951,2024-07-03 13:00:00,179.35,pending,2024,7,Wednesday,Large,False
4431,361,2024-07-03 14:00:00,314.54,completed,2024,7,Wednesday,Extra Large,False
4432,769,2024-07-03 15:00:00,29.01,completed,2024,7,Wednesday,Small,False
4433,584,2024-07-03 16:00:00,101.52,completed,2024,7,Wednesday,Medium,False
4434,87,2024-07-03 17:00:00,417.31,completed,2024,7,Wednesday,Extra Large,True
4435,934,2024-07-03 18:00:00,385.72,completed,2024,7,Wednesday,Extra Large,False
4436,262,2024-07-03 19:00:00,181.81,completed,2024,7,Wednesday,Large,False
4437,214,2024-07-03 20:00:00,194.64,pending,2024,7,Wednesday,Large,False
4438,665,2024-07-03 21:00:00,271.44,completed,2024,7,Wednesday,Large,False
4439,722,2024-07-03 22:00:00,10.12,pending,2024,7,Wednesday,Small,False
4440,913,2024-07-03 23:00:00,128.21,completed,2024,7,Wednesday,Medium,False
4441,573,2024-07-04 00:00:00,112.03,cancelled,2024,7,Thursday,Medium,False
4442,780,2024-07-04 01:00:00,132.74,cancelled,2024,7,Thursday,Medium,False
4443,262,2024-07-04 02:00:00,404.89,completed,2024,7,Thursday,Extra Large,True
4444,730,2024-07-04 03:00:00,147.04,pending,2024,7,Thursday,Medium,False
4445,283,2024-07-04 04:00:00,103.85,pending,2024,7,Thursday,Medium,False
4446,648,2024-07-04 05:00:00,257.09,completed,2024,7,Thursday,Large,False
4447,467,2024-07-04 06:00:00,434.17,completed,2024,7,Thursday,Extra Large,True
4448,380,2024-07-04 07:00:00,128.26,completed,2024,7,Thursday,Medium,False
4449,362,2024-07-04 08:00:00,48.48,pending,2024,7,Thursday,Small,False
4450,449,2024-07-04 09:00:00,184.64,completed,2024,7,Thursday,Large,False
4451,441,2024-07-04 10:00:00,376.35,completed,2024,7,Thursday,Extra Large,False
4452,93,2024-07-04 11:00:00,279.84,completed,2024,7,Thursday,Large,False
4453,621,2024-07-04 12:00:00,410.23,completed,2024,7,Thursday,Extra Large,True
4454,753,2024-07-04 13:00:00,480.2,pending,2024,7,Thursday,Extra Large,True
4455,867,2024-07-04 14:00:00,398.4,cancelled,2024,7,Thursday,Extra Large,False
4456,424,2024-07-04 15:00:00,305.86,completed,2024,7,Thursday,Extra Large,False
4457,142,2024-07-04 16:00:00,251.74,completed,2024,7,Thursday,Large,False
4458,291,2024-07-04 17:00:00,29.63,completed,2024,7,Thursday,Small,False
4459,432,2024-07-04 18:00:00,492.32,completed,2024,7,Thursday,Extra Large,True
4460,749,2024-07-04 19:00:00,197.91,completed,2024,7,Thursday,Large,False
4461,852,2024-07-04 20:00:00,84.59,completed,2024,7,Thursday,Medium,False
4462,824,2024-07-04 21:00:00,336.69,completed,2024,7,Thursday,Extra Large,False
4463,689,2024-07-04 22:00:00,149.3,completed,2024,7,Thursday,Medium,False
4464,653,2024-07-04 23:00:00,297.03,completed,2024,7,Thursday,Large,False
4465,701,2024-07-05 00:00:00,297.52,completed,2024,7,Friday,Large,False
4466,998,2024-07-05 01:00:00,228.41,pending,2024,7,Friday,Large,False
4467,49,2024-07-05 02:00:00,419.7,completed,2024,7,Friday,Extra Large,True
4468,302,2024-07-05 03:00:00,139.83,completed,2024,7,Friday,Medium,False
4469,881,2024-07-05 04:00:00,229.83,pending,2024,7,Friday,Large,False
4470,190,2024-07-05 05:00:00,273.47,completed,2024,7,Friday,Large,False
4471,136,2024-07-05 06:00:00,335.18,completed,2024,7,Friday,Extra Large,False
4472,555,2024-07-05 07:00:00,394.15,completed,2024,7,Friday,Extra Large,False
4473,404,2024-07-05 08:00:00,203.46,completed,2024,7,Friday,Large,False
4474,892,2024-07-05 09:00:00,326.56,pending,2024,7,Friday,Extra Large,False
4475,865,2024-07-05 10:00:00,83.8,completed,2024,7,Friday,Medium,False
4476,602,2024-07-05 11:00:00,467.0,completed,2024,7,Friday,Extra Large,True
4477,807,2024-07-05 12:00:00,197.7,completed,2024,7,Friday,Large,False
4478,341,2024-07-05 13:00:00,367.47,completed,2024,7,Friday,Extra Large,False
4479,757,2024-07-05 14:00:00,19.97,cancelled,2024,7,Friday,Small,False
4480,945,2024-07-05 15:00:00,110.54,pending,2024,7,Friday,Medium,False
4481,704,2024-07-05 16:00:00,248.67,completed,2024,7,Friday,Large,False
4482,318,2024-07-05 17:00:00,440.34,completed,2024,7,Friday,Extra Large,True
4483,618,2024-07-05 18:00:00,268.36,completed,2024,7,Friday,Large,False
4484,363,2024-07-05 19:00:00,465.64,completed,2024,7,Friday,Extra Large,True
4485,822,2024-07-05 20:00:00,247.06,completed,2024,7,Friday,Large,False
4486,382,2024-07-05 21:00:00,250.32,completed,2024,7,Friday,Large,False
4487,233,2024-07-05 22:00:00,68.68,completed,2024,7,Friday,Medium,False
4488,777,2024-07-05 23:00:00,403.3,pending,2024,7,Friday,Extra Large,True
4489,344,2024-07-06 00:00:00,131.01,completed,2024,7,Saturday,Medium,False
4490,549,2024-07-06 01:00:00,450.81,completed,2024,7,Saturday,Extra Large,True
4491,817,2024-07-06 02:00:00,456.3,completed,2024,7,Saturday,Extra Large,True
4492,553,2024-07-06 03:00:00,472.22,cancelled,2024,7,Saturday,Extra Large,True
4493,529,2024-07-06 04:00:00,264.91,completed,2024,7,Saturday,Large,False
4494,856,2024-07-06 05:00:00,341.78,completed,2024,7,Saturday,Extra Large,False
4495,789,2024-07-06 06:00:00,391.47,completed,2024,7,Saturday,Extra Large,False
4496,819,2024-07-06 07:00:00,74.2,pending,2024,7,Saturday,Medium,False
4497,571,2024-07-06 08:00:00,304.47,completed,2024,7,Saturday,Extra Large,False
4498,935,2024-07-06 09:00:00,26.81,completed,2024,7,Saturday,Small,False
4499,183,2024-07-06 10:00:00,253.81,cancelled,2024,7,Saturday,Large,False
4500,41,2024-07-06 11:00:00,85.87,pending,2024,7,Saturday,Medium,False
4501,551,2024-07-06 12:00:00,99.63,completed,2024,7,Saturday,Medium,False
4502,397,2024-07-06 13:00:00,188.87,completed,2024,7,Saturday,Large,False
4503,704,2024-07-06 14:00:00,221.89,completed,2024,7,Saturday,Large,False
4504,779,2024-07-06 15:00:00,315.35,completed,2024,7,Saturday,Extra Large,False
4505,494,2024-07-06 16:00:00,46.47,cancelled,2024,7,Saturday,Small,False
4506,659,2024-07-06 17:00:00,256.81,completed,2024,7,Saturday,Large,False
4507,907,2024-07-06 18:00:00,99.49,pending,2024,7,Saturday,Medium,False
4508,333,2024-07-06 19:00:00,291.25,completed,2024,7,Saturday,Large,False
4509,127,2024-07-06 20:00:00,322.33,completed,2024,7,Saturday,Extra Large,False
4510,558,2024-07-06 21:00:00,282.79,completed,2024,7,Saturday,Large,False
4511,557,2024-07-06 22:00:00,371.76,completed,2024,7,Saturday,Extra Large,False
4512,1,2024-07-06 23:00:00,174.45,completed,2024,7,Saturday,Large,False
4513,168,2024-07-07 00:00:00,384.9,completed,2024,7,Sunday,Extra Large,False
4514,620,2024-07-07 01:00:00,222.06,completed,2024,7,Sunday,Large,False
4515,19,2024-07-07 02:00:00,247.25,completed,2024,7,Sunday,Large,False
4516,332,2024-07-07 03:00:00,327.57,completed,2024,7,Sunday,Extra Large,False
4517,584,2024-07-07 04:00:00,19.0,completed,2024,7,Sunday,Small,False
4518,456,2024-07-07 05:00:00,330.46,completed,2024,7,Sunday,Extra Large,False
4519,957,2024-07-07 06:00:00,313.11,completed,2024,7,Sunday,Extra Large,False
4520,109,2024-07-07 07:00:00,161.83,completed,2024,7,Sunday,Large,False
4521,268,2024-07-07 08:00:00,52.04,completed,2024,7,Sunday,Medium,False
4522,445,2024-07-07 09:00:00,54.56,completed,2024,7,Sunday,Medium,False
4523,240,2024-07-07 10:00:00,462.38,completed,2024,7,Sunday,Extra Large,True
4524,929,2024-07-07 11:00:00,347.75,completed,2024,7,Sunday,Extra Large,False
4525,301,2024-07-07 12:00:00,72.28,pending,2024,7,Sunday,Medium,False
4526,602,2024-07-07 13:00:00,184.79,completed,2024,7,Sunday,Large,False
4527,103,2024-07-07 14:00:00,300.32,completed,2024,7,Sunday,Extra Large,False
4528,988,2024-07-07 15:00:00,419.43,completed,2024,7,Sunday,Extra Large,True
4529,250,2024-07-07 16:00:00,31.39,pending,2024,7,Sunday,Small,False
4530,453,2024-07-07 17:00:00,125.95,completed,2024,7,Sunday,Medium,False
4531,520,2024-07-07 18:00:00,445.98,completed,2024,7,Sunday,Extra Large,True
4532,153,2024-07-07 19:00:00,14.49,completed,2024,7,Sunday,Small,False
4533,859,2024-07-07 20:00:00,108.69,completed,2024,7,Sunday,Medium,False
4534,174,2024-07-07 21:00:00,479.92,cancelled,2024,7,Sunday,Extra Large,True
4535,343,2024-07-07 22:00:00,310.57,completed,2024,7,Sunday,Extra Large,False
4536,670,2024-07-07 23:00:00,138.22,completed,2024,7,Sunday,Medium,False
4537,431,2024-07-08 00:00:00,42.83,pending,2024,7,Monday,Small,False
4538,727,2024-07-08 01:00:00,23.81,completed,2024,7,Monday,Small,False
4539,689,2024-07-08 02:00:00,129.93,completed,2024,7,Monday,Medium,False
4540,687,2024-07-08 03:00:00,441.93,completed,2024,7,Monday,Extra Large,True
4541,852,2024-07-08 04:00:00,213.8,completed,2024,7,Monday,Large,False
4542,850,2024-07-08 05:00:00,362.96,completed,2024,7,Monday,Extra Large,False
4543,658,2024-07-08 06:00:00,459.96,completed,2024,7,Monday,Extra Large,True
4544,962,2024-07-08 07:00:00,209.94,completed,2024,7,Monday,Large,False
4545,324,2024-07-08 08:00:00,103.73,pending,2024,7,Monday,Medium,False
4546,990,2024-07-08 09:00:00,263.39,cancelled,2024,7,Monday,Large,False
4547,673,2024-07-08 10:00:00,454.96,completed,2024,7,Monday,Extra Large,True
4548,639,2024-07-08 11:00:00,404.14,completed,2024,7,Monday,Extra Large,True
4549,420,2024-07-08 12:00:00,42.26,pending,2024,7,Monday,Small,False
4550,594,2024-07-08 13:00:00,349.36,completed,2024,7,Monday,Extra Large,False
4551,485,2024-07-08 14:00:00,290.23,completed,2024,7,Monday,Large,False
4552,659,2024-07-08 15:00:00,454.66,completed,2024,7,Monday,Extra Large,True
4553,751,2024-07-08 16:00:00,70.02,completed,2024,7,Monday,Medium,False
4554,412,2024-07-08 17:00:00,271.68,completed,2024,7,Monday,Large,False
4555,936,2024-07-08 18:00:00,440.94,cancelled,2024,7,Monday,Extra Large,True
4556,84,2024-07-08 19:00:00,210.91,completed,2024,7,Monday,Large,False
4557,113,2024-07-08 20:00:00,246.18,pending,2024,7,Monday,Large,False
4558,737,2024-07-08 21:00:00,44.53,completed,2024,7,Monday,Small,False
4559,332,2024-07-08 22:00:00,146.29,cancelled,2024,7,Monday,Medium,False
4560,378,2024-07-08 23:00:00,169.01,completed,2024,7,Monday,Large,False
4561,755,2024-07-09 00:00:00,473.11,completed,2024,7,Tuesday,Extra Large,True
4562,655,2024-07-09 01:00:00,148.51,completed,2024,7,Tuesday,Medium,False
4563,41,2024-07-09 02:00:00,235.83,completed,2024,7,Tuesday,Large,False
4564,935,2024-07-09 03:00:00,338.94,completed,2024,7,Tuesday,Extra Large,False
4565,770,2024-07-09 04:00:00,89.47,completed,2024,7,Tuesday,Medium,False
4566,959,2024-07-09 05:00:00,248.36,completed,2024,7,Tuesday,Large,False
4567,797,2024-07-09 06:00:00,371.88,completed,2024,7,Tuesday,Extra Large,False
4568,105,2024-07-09 07:00:00,434.76,completed,2024,7,Tuesday,Extra Large,True
4569,202,2024-07-09 08:00:00,316.87,completed,2024,7,Tuesday,Extra Large,False
4570,450,2024-07-09 09:00:00,337.84,completed,2024,7,Tuesday,Extra Large,False
4571,819,2024-07-09 10:00:00,71.88,pending,2024,7,Tuesday,Medium,False
4572,843,2024-07-09 11:00:00,473.43,completed,2024,7,Tuesday,Extra Large,True
4573,973,2024-07-09 12:00:00,74.96,cancelled,2024,7,Tuesday,Medium,False
4574,266,2024-07-09 13:00:00,389.59,completed,2024,7,Tuesday,Extra Large,False
4575,910,2024-07-09 14:00:00,139.76,completed,2024,7,Tuesday,Medium,False
4576,210,2024-07-09 15:00:00,467.46,completed,2024,7,Tuesday,Extra Large,True
4577,563,2024-07-09 16:00:00,362.78,completed,2024,7,Tuesday,Extra Large,False
4578,118,2024-07-09 17:00:00,379.37,completed,2024,7,Tuesday,Extra Large,False
4579,713,2024-07-09 18:00:00,117.34,completed,2024,7,Tuesday,Medium,False
4580,377,2024-07-09 19:00:00,227.09,completed,2024,7,Tuesday,Large,False
4581,551,2024-07-09 20:00:00,312.73,completed,2024,7,Tuesday,Extra Large,False
4582,540,2024-07-09 21:00:00,387.29,completed,2024,7,Tuesday,Extra Large,False
4583,771,2024-07-09 22:00:00,60.94,completed,2024,7,Tuesday,Medium,False
4584,84,2024-07-09 23:00:00,481.56,completed,2024,7,Tuesday,Extra Large,True
4585,454,2024-07-10 00:00:00,446.21,completed,2024,7,Wednesday,Extra Large,True
4586,667,2024-07-10 01:00:00,142.47,completed,2024,7,Wednesday,Medium,False
4587,629,2024-07-10 02:00:00,413.15,completed,2024,7,Wednesday,Extra Large,True
4588,514,2024-07-10 03:00:00,263.98,completed,2024,7,Wednesday,Large,False
4589,605,2024-07-10 04:00:00,236.29,completed,2024,7,Wednesday,Large,False
4590,678,2024-07-10 05:00:00,164.07,completed,2024,7,Wednesday,Large,False
4591,387,2024-07-10 06:00:00,294.67,completed,2024,7,Wednesday,Large,False
4592,912,2024-07-10 07:00:00,367.65,completed,2024,7,Wednesday,Extra Large,False
4593,350,2024-07-10 08:00:00,211.36,completed,2024,7,Wednesday,Large,False
4594,296,2024-07-10 09:00:00,318.32,completed,2024,7,Wednesday,Extra Large,False
4595,258,2024-07-10 10:00:00,352.66,completed,2024,7,Wednesday,Extra Large,False
4596,81,2024-07-10 11:00:00,358.45,completed,2024,7,Wednesday,Extra Large,False
4597,937,2024-07-10 12:00:00,35.46,completed,2024,7,Wednesday,Small,False
4598,268,2024-07-10 13:00:00,431.28,pending,2024,7,Wednesday,Extra Large,True
4599,419,2024-07-10 14:00:00,234.54,completed,2024,7,Wednesday,Large,False
4600,235,2024-07-10 15:00:00,138.58,completed,2024,7,Wednesday,Medium,False
4601,833,2024-07-10 16:00:00,128.46,completed,2024,7,Wednesday,Medium,False
4602,311,2024-07-10 17:00:00,246.68,completed,2024,7,Wednesday,Large,False
4603,813,2024-07-10 18:00:00,444.55,pending,2024,7,Wednesday,Extra Large,True
4604,975,2024-07-10 19:00:00,195.39,completed,2024,7,Wednesday,Large,False
4605,986,2024-07-10 20:00:00,377.37,cancelled,2024,7,Wednesday,Extra Large,False
4606,357,2024-07-10 21:00:00,57.44,completed,2024,7,Wednesday,Medium,False
4607,213,2024-07-10 22:00:00,243.27,completed,2024,7,Wednesday,Large,False
4608,574,2024-07-10 23:00:00,495.93,completed,2024,7,Wednesday,Extra Large,True
4609,49,2024-07-11 00:00:00,387.51,completed,2024,7,Thursday,Extra Large,False
4610,127,2024-07-11 01:00:00,113.16,completed,2024,7,Thursday,Medium,False
4611,223,2024-07-11 02:00:00,255.71,completed,2024,7,Thursday,Large,False
4612,921,2024-07-11 03:00:00,124.48,completed,2024,7,Thursday,Medium,False
4613,279,2024-07-11 04:00:00,210.68,pending,2024,7,Thursday,Large,False
4614,408,2024-07-11 05:00:00,392.24,completed,2024,7,Thursday,Extra Large,False
4615,505,2024-07-11 06:00:00,387.9,completed,2024,7,Thursday,Extra Large,False
4616,294,2024-07-11 07:00:00,121.77,completed,2024,7,Thursday,Medium,False
4617,796,2024-07-11 08:00:00,461.89,completed,2024,7,Thursday,Extra Large,True
4618,277,2024-07-11 09:00:00,300.36,completed,2024,7,Thursday,Extra Large,False
4619,438,2024-07-11 10:00:00,196.16,completed,2024,7,Thursday,Large,False
4620,107,2024-07-11 11:00:00,255.95,completed,2024,7,Thursday,Large,False
4621,658,2024-07-11 12:00:00,306.48,completed,2024,7,Thursday,Extra Large,False
4622,420,2024-07-11 13:00:00,284.35,completed,2024,7,Thursday,Large,False
4623,611,2024-07-11 14:00:00,248.34,completed,2024,7,Thursday,Large,False
4624,429,2024-07-11 15:00:00,257.42,pending,2024,7,Thursday,Large,False
4625,375,2024-07-11 16:00:00,96.44,completed,2024,7,Thursday,Medium,False
4626,73,2024-07-11 17:00:00,408.24,completed,2024,7,Thursday,Extra Large,True
4627,949,2024-07-11 18:00:00,275.46,completed,2024,7,Thursday,Large,False
4628,998,2024-07-11 19:00:00,74.23,pending,2024,7,Thursday,Medium,False
4629,634,2024-07-11 20:00:00,385.42,completed,2024,7,Thursday,Extra Large,False
4630,30,2024-07-11 21:00:00,466.9,completed,2024,7,Thursday,Extra Large,True
4631,188,2024-07-11 22:00:00,474.18,completed,2024,7,Thursday,Extra Large,True
4632,364,2024-07-11 23:00:00,190.82,completed,2024,7,Thursday,Large,False
4633,866,2024-07-12 00:00:00,76.4,completed,2024,7,Friday,Medium,False
4634,800,2024-07-12 01:00:00,264.02,completed,2024,7,Friday,Large,False
4635,451,2024-07-12 02:00:00,65.18,completed,2024,7,Friday,Medium,False
4636,195,2024-07-12 03:00:00,467.65,completed,2024,7,Friday,Extra Large,True
4637,156,2024-07-12 04:00:00,99.95,completed,2024,7,Friday,Medium,False
4638,172,2024-07-12 05:00:00,133.86,pending,2024,7,Friday,Medium,False
4639,847,2024-07-12 06:00:00,209.25,completed,2024,7,Friday,Large,False
4640,41,2024-07-12 07:00:00,197.75,completed,2024,7,Friday,Large,False
4641,63,2024-07-12 08:00:00,399.38,completed,2024,7,Friday,Extra Large,False
4642,23,2024-07-12 09:00:00,233.6,completed,2024,7,Friday,Large,False
4643,360,2024-07-12 10:00:00,93.68,completed,2024,7,Friday,Medium,False
4644,75,2024-07-12 11:00:00,140.93,cancelled,2024,7,Friday,Medium,False
4645,560,2024-07-12 12:00:00,259.47,cancelled,2024,7,Friday,Large,False
4646,672,2024-07-12 13:00:00,82.25,completed,2024,7,Friday,Medium,False
4647,825,2024-07-12 14:00:00,309.71,completed,2024,7,Friday,Extra Large,False
4648,118,2024-07-12 15:00:00,287.22,completed,2024,7,Friday,Large,False
4649,612,2024-07-12 16:00:00,360.2,completed,2024,7,Friday,Extra Large,False
4650,380,2024-07-12 17:00:00,469.48,completed,2024,7,Friday,Extra Large,True
4651,929,2024-07-12 18:00:00,457.0,completed,2024,7,Friday,Extra Large,True
4652,920,2024-07-12 19:00:00,473.58,completed,2024,7,Friday,Extra Large,True
4653,679,2024-07-12 20:00:00,129.91,completed,2024,7,Friday,Medium,False
4654,290,2024-07-12 21:00:00,74.47,completed,2024,7,Friday,Medium,False
4655,440,2024-07-12 22:00:00,158.12,completed,2024,7,Friday,Large,False
4656,668,2024-07-12 23:00:00,448.59,completed,2024,7,Friday,Extra Large,True
4657,933,2024-07-13 00:00:00,486.31,completed,2024,7,Saturday,Extra Large,True
4658,7,2024-07-13 01:00:00,431.07,completed,2024,7,Saturday,Extra Large,True
4659,196,2024-07-13 02:00:00,63.91,completed,2024,7,Saturday,Medium,False
4660,421,2024-07-13 03:00:00,474.24,completed,2024,7,Saturday,Extra Large,True
4661,568,2024-07-13 04:00:00,217.45,completed,2024,7,Saturday,Large,False
4662,833,2024-07-13 05:00:00,14.56,completed,2024,7,Saturday,Small,False
4663,193,2024-07-13 06:00:00,226.77,cancelled,2024,7,Saturday,Large,False
4664,559,2024-07-13 07:00:00,32.57,completed,2024,7,Saturday,Small,False
4665,148,2024-07-13 08:00:00,276.5,completed,2024,7,Saturday,Large,False
4666,787,2024-07-13 09:00:00,175.89,completed,2024,7,Saturday,Large,False
4667,669,2024-07-13 10:00:00,241.98,cancelled,2024,7,Saturday,Large,False
4668,202,2024-07-13 11:00:00,310.45,completed,2024,7,Saturday,Extra Large,False
4669,444,2024-07-13 12:00:00,435.71,pending,2024,7,Saturday,Extra Large,True
4670,914,2024-07-13 13:00:00,334.33,completed,2024,7,Saturday,Extra Large,False
4671,988,2024-07-13 14:00:00,222.68,cancelled,2024,7,Saturday,Large,False
4672,419,2024-07-13 15:00:00,411.52,completed,2024,7,Saturday,Extra Large,True
4673,427,2024-07-13 16:00:00,453.74,completed,2024,7,Saturday,Extra Large,True
4674,479,2024-07-13 17:00:00,68.68,pending,2024,7,Saturday,Medium,False
4675,475,2024-07-13 18:00:00,270.65,pending,2024,7,Saturday,Large,False
4676,126,2024-07-13 19:00:00,149.41,completed,2024,7,Saturday,Medium,False
4677,395,2024-07-13 20:00:00,33.06,completed,2024,7,Saturday,Small,False
4678,817,2024-07-13 21:00:00,337.59,completed,2024,7,Saturday,Extra Large,False
4679,881,2024-07-13 22:00:00,432.76,completed,2024,7,Saturday,Extra Large,True
4680,806,2024-07-13 23:00:00,89.82,completed,2024,7,Saturday,Medium,False
4681,576,2024-07-14 00:00:00,408.08,cancelled,2024,7,Sunday,Extra Large,True
4682,325,2024-07-14 01:00:00,428.16,completed,2024,7,Sunday,Extra Large,True
4683,392,2024-07-14 02:00:00,458.03,completed,2024,7,Sunday,Extra Large,True
4684,930,2024-07-14 03:00:00,139.99,completed,2024,7,Sunday,Medium,False
4685,688,2024-07-14 04:00:00,452.94,completed,2024,7,Sunday,Extra Large,True
4686,628,2024-07-14 05:00:00,167.12,completed,2024,7,Sunday,Large,False
4687,440,2024-07-14 06:00:00,280.65,completed,2024,7,Sunday,Large,False
4688,204,2024-07-14 07:00:00,34.75,completed,2024,7,Sunday,Small,False
4689,486,2024-07-14 08:00:00,31.5,completed,2024,7,Sunday,Small,False
4690,833,2024-07-14 09:00:00,362.98,completed,2024,7,Sunday,Extra Large,False
4691,31,2024-07-14 10:00:00,227.8,pending,2024,7,Sunday,Large,False
4692,388,2024-07-14 11:00:00,135.58,cancelled,2024,7,Sunday,Medium,False
4693,625,2024-07-14 12:00:00,103.3,completed,2024,7,Sunday,Medium,False
4694,877,2024-07-14 13:00:00,338.28,completed,2024,7,Sunday,Extra Large,False
4695,434,2024-07-14 14:00:00,10.2,completed,2024,7,Sunday,Small,False
4696,837,2024-07-14 15:00:00,404.89,completed,2024,7,Sunday,Extra Large,True
4697,926,2024-07-14 16:00:00,48.83,completed,2024,7,Sunday,Small,False
4698,376,2024-07-14 17:00:00,103.83,completed,2024,7,Sunday,Medium,False
4699,344,2024-07-14 18:00:00,199.26,completed,2024,7,Sunday,Large,False
4700,443,2024-07-14 19:00:00,247.58,completed,2024,7,Sunday,Large,False
4701,579,2024-07-14 20:00:00,183.95,completed,2024,7,Sunday,Large,False
4702,75,2024-07-14 21:00:00,167.15,pending,2024,7,Sunday,Large,False
4703,557,2024-07-14 22:00:00,482.32,completed,2024,7,Sunday,Extra Large,True
4704,772,2024-07-14 23:00:00,324.37,pending,2024,7,Sunday,Extra Large,False
4705,666,2024-07-15 00:00:00,21.48,completed,2024,7,Monday,Small,False
4706,155,2024-07-15 01:00:00,220.79,completed,2024,7,Monday,Large,False
4707,430,2024-07-15 02:00:00,438.75,completed,2024,7,Monday,Extra Large,True
4708,363,2024-07-15 03:00:00,157.71,completed,2024,7,Monday,Large,False
4709,448,2024-07-15 04:00:00,56.33,completed,2024,7,Monday,Medium,False
4710,987,2024-07-15 05:00:00,381.61,completed,2024,7,Monday,Extra Large,False
4711,234,2024-07-15 06:00:00,306.95,completed,2024,7,Monday,Extra Large,False
4712,563,2024-07-15 07:00:00,289.45,completed,2024,7,Monday,Large,False
4713,818,2024-07-15 08:00:00,36.25,cancelled,2024,7,Monday,Small,False
4714,262,2024-07-15 09:00:00,78.84,completed,2024,7,Monday,Medium,False
4715,827,2024-07-15 10:00:00,315.05,completed,2024,7,Monday,Extra Large,False
4716,125,2024-07-15 11:00:00,111.83,completed,2024,7,Monday,Medium,False
4717,911,2024-07-15 12:00:00,256.99,completed,2024,7,Monday,Large,False
4718,245,2024-07-15 13:00:00,276.99,completed,2024,7,Monday,Large,False
4719,542,2024-07-15 14:00:00,148.92,completed,2024,7,Monday,Medium,False
4720,938,2024-07-15 15:00:00,474.73,completed,2024,7,Monday,Extra Large,True
4721,485,2024-07-15 16:00:00,422.81,completed,2024,7,Monday,Extra Large,True
4722,122,2024-07-15 17:00:00,363.96,completed,2024,7,Monday,Extra Large,False
4723,125,2024-07-15 18:00:00,48.22,completed,2024,7,Monday,Small,False
4724,549,2024-07-15 19:00:00,62.0,cancelled,2024,7,Monday,Medium,False
4725,170,2024-07-15 20:00:00,251.46,completed,2024,7,Monday,Large,False
4726,124,2024-07-15 21:00:00,88.75,completed,2024,7,Monday,Medium,False
4727,869,2024-07-15 22:00:00,489.35,pending,2024,7,Monday,Extra Large,True
4728,35,2024-07-15 23:00:00,87.67,completed,2024,7,Monday,Medium,False
4729,87,2024-07-16 00:00:00,248.86,completed,2024,7,Tuesday,Large,False
4730,646,2024-07-16 01:00:00,188.42,completed,2024,7,Tuesday,Large,False
4731,708,2024-07-16 02:00:00,323.3,completed,2024,7,Tuesday,Extra Large,False
4732,786,2024-07-16 03:00:00,73.23,pending,2024,7,Tuesday,Medium,False
4733,201,2024-07-16 04:00:00,220.86,completed,2024,7,Tuesday,Large,False
4734,369,2024-07-16 05:00:00,144.61,completed,2024,7,Tuesday,Medium,False
4735,797,2024-07-16 06:00:00,445.0,completed,2024,7,Tuesday,Extra Large,True
4736,77,2024-07-16 07:00:00,29.89,pending,2024,7,Tuesday,Small,False
4737,59,2024-07-16 08:00:00,457.73,completed,2024,7,Tuesday,Extra Large,True
4738,431,2024-07-16 09:00:00,418.17,completed,2024,7,Tuesday,Extra Large,True
4739,638,2024-07-16 10:00:00,155.81,cancelled,2024,7,Tuesday,Large,False
4740,500,2024-07-16 11:00:00,396.75,completed,2024,7,Tuesday,Extra Large,False
4741,913,2024-07-16 12:00:00,25.29,completed,2024,7,Tuesday,Small,False
4742,109,2024-07-16 13:00:00,483.76,completed,2024,7,Tuesday,Extra Large,True
4743,736,2024-07-16 14:00:00,268.03,completed,2024,7,Tuesday,Large,False
4744,278,2024-07-16 15:00:00,158.61,completed,2024,7,Tuesday,Large,False
4745,68,2024-07-16 16:00:00,187.67,completed,2024,7,Tuesday,Large,False
4746,69,2024-07-16 17:00:00,42.54,completed,2024,7,Tuesday,Small,False
4747,165,2024-07-16 18:00:00,494.78,completed,2024,7,Tuesday,Extra Large,True
4748,489,2024-07-16 19:00:00,29.25,completed,2024,7,Tuesday,Small,False
4749,305,2024-07-16 20:00:00,330.9,completed,2024,7,Tuesday,Extra Large,False
4750,909,2024-07-16 21:00:00,226.94,completed,2024,7,Tuesday,Large,False
4751,674,2024-07-16 22:00:00,474.97,cancelled,2024,7,Tuesday,Extra Large,True
4752,365,2024-07-16 23:00:00,130.54,completed,2024,7,Tuesday,Medium,False
4753,854,2024-07-17 00:00:00,270.72,cancelled,2024,7,Wednesday,Large,False
4754,821,2024-07-17 01:00:00,246.35,completed,2024,7,Wednesday,Large,False
4755,379,2024-07-17 02:00:00,354.4,completed,2024,7,Wednesday,Extra Large,False
4756,343,2024-07-17 03:00:00,43.33,completed,2024,7,Wednesday,Small,False
4757,947,2024-07-17 04:00:00,104.96,completed,2024,7,Wednesday,Medium,False
4758,899,2024-07-17 05:00:00,115.14,completed,2024,7,Wednesday,Medium,False
4759,554,2024-07-17 06:00:00,371.69,completed,2024,7,Wednesday,Extra Large,False
4760,354,2024-07-17 07:00:00,102.68,pending,2024,7,Wednesday,Medium,False
4761,416,2024-07-17 08:00:00,291.01,completed,2024,7,Wednesday,Large,False
4762,109,2024-07-17 09:00:00,115.47,completed,2024,7,Wednesday,Medium,False
4763,563,2024-07-17 10:00:00,432.2,cancelled,2024,7,Wednesday,Extra Large,True
4764,762,2024-07-17 11:00:00,471.67,pending,2024,7,Wednesday,Extra Large,True
4765,497,2024-07-17 12:00:00,264.06,cancelled,2024,7,Wednesday,Large,False
4766,341,2024-07-17 13:00:00,182.63,completed,2024,7,Wednesday,Large,False
4767,942,2024-07-17 14:00:00,124.69,completed,2024,7,Wednesday,Medium,False
4768,383,2024-07-17 15:00:00,34.39,completed,2024,7,Wednesday,Small,False
4769,533,2024-07-17 16:00:00,141.57,completed,2024,7,Wednesday,Medium,False
4770,300,2024-07-17 17:00:00,330.58,completed,2024,7,Wednesday,Extra Large,False
4771,139,2024-07-17 18:00:00,271.47,completed,2024,7,Wednesday,Large,False
4772,359,2024-07-17 19:00:00,472.58,completed,2024,7,Wednesday,Extra Large,True
4773,836,2024-07-17 20:00:00,204.18,completed,2024,7,Wednesday,Large,False
4774,499,2024-07-17 21:00:00,349.99,completed,2024,7,Wednesday,Extra Large,False
4775,385,2024-07-17 22:00:00,249.77,completed,2024,7,Wednesday,Large,False
4776,604,2024-07-17 23:00:00,261.16,completed,2024,7,Wednesday,Large,False
4777,959,2024-07-18 00:00:00,141.21,pending,2024,7,Thursday,Medium,False
4778,280,2024-07-18 01:00:00,232.93,completed,2024,7,Thursday,Large,False
4779,637,2024-07-18 02:00:00,240.68,completed,2024,7,Thursday,Large,False
4780,483,2024-07-18 03:00:00,356.25,completed,2024,7,Thursday,Extra Large,False
4781,909,2024-07-18 04:00:00,470.91,completed,2024,7,Thursday,Extra Large,True
4782,111,2024-07-18 05:00:00,171.37,completed,2024,7,Thursday,Large,False
4783,866,2024-07-18 06:00:00,30.68,pending,2024,7,Thursday,Small,False
4784,139,2024-07-18 07:00:00,253.18,completed,2024,7,Thursday,Large,False
4785,996,2024-07-18 08:00:00,276.79,completed,2024,7,Thursday,Large,False
4786,435,2024-07-18 09:00:00,92.54,completed,2024,7,Thursday,Medium,False
4787,509,2024-07-18 10:00:00,382.63,completed,2024,7,Thursday,Extra Large,False
4788,273,2024-07-18 11:00:00,492.62,pending,2024,7,Thursday,Extra Large,True
4789,99,2024-07-18 12:00:00,473.43,completed,2024,7,Thursday,Extra Large,True
4790,764,2024-07-18 13:00:00,106.58,completed,2024,7,Thursday,Medium,False
4791,850,2024-07-18 14:00:00,438.93,completed,2024,7,Thursday,Extra Large,True
4792,104,2024-07-18 15:00:00,355.2,completed,2024,7,Thursday,Extra Large,False
4793,214,2024-07-18 16:00:00,232.38,completed,2024,7,Thursday,Large,False
4794,761,2024-07-18 17:00:00,274.9,completed,2024,7,Thursday,Large,False
4795,664,2024-07-18 18:00:00,426.3,completed,2024,7,Thursday,Extra Large,True
4796,762,2024-07-18 19:00:00,245.27,completed,2024,7,Thursday,Large,False
4797,787,2024-07-18 20:00:00,192.87,completed,2024,7,Thursday,Large,False
4798,165,2024-07-18 21:00:00,251.69,pending,2024,7,Thursday,Large,False
4799,999,2024-07-18 22:00:00,293.77,completed,2024,7,Thursday,Large,False
4800,853,2024-07-18 23:00:00,102.65,completed,2024,7,Thursday,Medium,False
4801,520,2024-07-19 00:00:00,451.44,pending,2024,7,Friday,Extra Large,True
4802,284,2024-07-19 01:00:00,340.35,completed,2024,7,Friday,Extra Large,False
4803,517,2024-07-19 02:00:00,320.3,completed,2024,7,Friday,Extra Large,False
4804,657,2024-07-19 03:00:00,58.75,completed,2024,7,Friday,Medium,False
4805,613,2024-07-19 04:00:00,306.05,completed,2024,7,Friday,Extra Large,False
4806,164,2024-07-19 05:00:00,69.27,pending,2024,7,Friday,Medium,False
4807,886,2024-07-19 06:00:00,48.56,completed,2024,7,Friday,Small,False
4808,659,2024-07-19 07:00:00,268.38,completed,2024,7,Friday,Large,False
4809,64,2024-07-19 08:00:00,207.36,completed,2024,7,Friday,Large,False
4810,91,2024-07-19 09:00:00,298.52,completed,2024,7,Friday,Large,False
4811,117,2024-07-19 10:00:00,53.72,pending,2024,7,Friday,Medium,False
4812,866,2024-07-19 11:00:00,221.18,completed,2024,7,Friday,Large,False
4813,267,2024-07-19 12:00:00,95.65,completed,2024,7,Friday,Medium,False
4814,822,2024-07-19 13:00:00,493.68,completed,2024,7,Friday,Extra Large,True
4815,685,2024-07-19 14:00:00,284.96,completed,2024,7,Friday,Large,False
4816,559,2024-07-19 15:00:00,346.84,completed,2024,7,Friday,Extra Large,False
4817,140,2024-07-19 16:00:00,169.45,completed,2024,7,Friday,Large,False
4818,246,2024-07-19 17:00:00,56.42,completed,2024,7,Friday,Medium,False
4819,661,2024-07-19 18:00:00,488.18,completed,2024,7,Friday,Extra Large,True
4820,758,2024-07-19 19:00:00,150.27,cancelled,2024,7,Friday,Large,False
4821,395,2024-07-19 20:00:00,217.67,completed,2024,7,Friday,Large,False
4822,487,2024-07-19 21:00:00,328.43,completed,2024,7,Friday,Extra Large,False
4823,476,2024-07-19 22:00:00,22.1,pending,2024,7,Friday,Small,False
4824,517,2024-07-19 23:00:00,407.03,completed,2024,7,Friday,Extra Large,True
4825,977,2024-07-20 00:00:00,272.92,pending,2024,7,Saturday,Large,False
4826,184,2024-07-20 01:00:00,146.33,pending,2024,7,Saturday,Medium,False
4827,20,2024-07-20 02:00:00,40.19,completed,2024,7,Saturday,Small,False
4828,937,2024-07-20 03:00:00,89.62,completed,2024,7,Saturday,Medium,False
4829,558,2024-07-20 04:00:00,448.57,completed,2024,7,Saturday,Extra Large,True
4830,524,2024-07-20 05:00:00,346.15,completed,2024,7,Saturday,Extra Large,False
4831,582,2024-07-20 06:00:00,132.45,completed,2024,7,Saturday,Medium,False
4832,529,2024-07-20 07:00:00,42.14,completed,2024,7,Saturday,Small,False
4833,883,2024-07-20 08:00:00,348.4,completed,2024,7,Saturday,Extra Large,False
4834,147,2024-07-20 09:00:00,290.48,completed,2024,7,Saturday,Large,False
4835,666,2024-07-20 10:00:00,208.21,completed,2024,7,Saturday,Large,False
4836,304,2024-07-20 11:00:00,188.17,cancelled,2024,7,Saturday,Large,False
4837,620,2024-07-20 12:00:00,116.24,completed,2024,7,Saturday,Medium,False
4838,748,2024-07-20 13:00:00,338.11,completed,2024,7,Saturday,Extra Large,False
4839,820,2024-07-20 14:00:00,485.63,completed,2024,7,Saturday,Extra Large,True
4840,864,2024-07-20 15:00:00,96.1,cancelled,2024,7,Saturday,Medium,False
4841,582,2024-07-20 16:00:00,302.59,cancelled,2024,7,Saturday,Extra Large,False
4842,695,2024-07-20 17:00:00,217.85,completed,2024,7,Saturday,Large,False
4843,762,2024-07-20 18:00:00,228.88,pending,2024,7,Saturday,Large,False
4844,228,2024-07-20 19:00:00,134.53,completed,2024,7,Saturday,Medium,False
4845,102,2024-07-20 20:00:00,414.32,cancelled,2024,7,Saturday,Extra Large,True
4846,587,2024-07-20 21:00:00,247.78,completed,2024,7,Saturday,Large,False
4847,417,2024-07-20 22:00:00,276.27,completed,2024,7,Saturday,Large,False
4848,958,2024-07-20 23:00:00,159.33,completed,2024,7,Saturday,Large,False
4849,216,2024-07-21 00:00:00,99.09,completed,2024,7,Sunday,Medium,False
4850,407,2024-07-21 01:00:00,52.1,completed,2024,7,Sunday,Medium,False
4851,399,2024-07-21 02:00:00,359.92,completed,2024,7,Sunday,Extra Large,False
4852,923,2024-07-21 03:00:00,106.15,cancelled,2024,7,Sunday,Medium,False
4853,715,2024-07-21 04:00:00,348.14,completed,2024,7,Sunday,Extra Large,False
4854,704,2024-07-21 05:00:00,201.28,completed,2024,7,Sunday,Large,False
4855,761,2024-07-21 06:00:00,213.73,completed,2024,7,Sunday,Large,False
4856,499,2024-07-21 07:00:00,239.9,completed,2024,7,Sunday,Large,False
4857,754,2024-07-21 08:00:00,190.18,pending,2024,7,Sunday,Large,False
4858,465,2024-07-21 09:00:00,59.3,completed,2024,7,Sunday,Medium,False
4859,691,2024-07-21 10:00:00,161.72,completed,2024,7,Sunday,Large,False
4860,949,2024-07-21 11:00:00,335.23,completed,2024,7,Sunday,Extra Large,False
4861,974,2024-07-21 12:00:00,336.23,completed,2024,7,Sunday,Extra Large,False
4862,731,2024-07-21 13:00:00,150.25,cancelled,2024,7,Sunday,Large,False
4863,82,2024-07-21 14:00:00,235.45,completed,2024,7,Sunday,Large,False
4864,604,2024-07-21 15:00:00,104.79,pending,2024,7,Sunday,Medium,False
4865,947,2024-07-21 16:00:00,113.08,completed,2024,7,Sunday,Medium,False
4866,687,2024-07-21 17:00:00,21.29,completed,2024,7,Sunday,Small,False
4867,751,2024-07-21 18:00:00,449.41,cancelled,2024,7,Sunday,Extra Large,True
4868,772,2024-07-21 19:00:00,113.25,completed,2024,7,Sunday,Medium,False
4869,903,2024-07-21 20:00:00,121.49,completed,2024,7,Sunday,Medium,False
4870,365,2024-07-21 21:00:00,147.0,completed,2024,7,Sunday,Medium,False
4871,163,2024-07-21 22:00:00,72.43,completed,2024,7,Sunday,Medium,False
4872,48,2024-07-21 23:00:00,323.24,pending,2024,7,Sunday,Extra Large,False
4873,511,2024-07-22 00:00:00,46.82,completed,2024,7,Monday,Small,False
4874,329,2024-07-22 01:00:00,75.76,pending,2024,7,Monday,Medium,False
4875,840,2024-07-22 02:00:00,325.93,completed,2024,7,Monday,Extra Large,False
4876,116,2024-07-22 03:00:00,176.43,completed,2024,7,Monday,Large,False
4877,941,2024-07-22 04:00:00,356.89,completed,2024,7,Monday,Extra Large,False
4878,849,2024-07-22 05:00:00,283.14,completed,2024,7,Monday,Large,False
4879,337,2024-07-22 06:00:00,135.45,cancelled,2024,7,Monday,Medium,False
4880,881,2024-07-22 07:00:00,328.91,completed,2024,7,Monday,Extra Large,False
4881,737,2024-07-22 08:00:00,66.97,completed,2024,7,Monday,Medium,False
4882,864,2024-07-22 09:00:00,272.84,pending,2024,7,Monday,Large,False
4883,840,2024-07-22 10:00:00,224.2,completed,2024,7,Monday,Large,False
4884,147,2024-07-22 11:00:00,141.26,completed,2024,7,Monday,Medium,False
4885,575,2024-07-22 12:00:00,305.96,pending,2024,7,Monday,Extra Large,False
4886,806,2024-07-22 13:00:00,436.95,completed,2024,7,Monday,Extra Large,True
4887,323,2024-07-22 14:00:00,499.46,completed,2024,7,Monday,Extra Large,True
4888,443,2024-07-22 15:00:00,307.8,completed,2024,7,Monday,Extra Large,False
4889,837,2024-07-22 16:00:00,208.31,completed,2024,7,Monday,Large,False
4890,13,2024-07-22 17:00:00,120.35,completed,2024,7,Monday,Medium,False
4891,943,2024-07-22 18:00:00,135.98,completed,2024,7,Monday,Medium,False
4892,494,2024-07-22 19:00:00,244.93,completed,2024,7,Monday,Large,False
4893,701,2024-07-22 20:00:00,189.97,completed,2024,7,Monday,Large,False
4894,287,2024-07-22 21:00:00,457.77,cancelled,2024,7,Monday,Extra Large,True
4895,720,2024-07-22 22:00:00,190.46,completed,2024,7,Monday,Large,False
4896,114,2024-07-22 23:00:00,192.99,completed,2024,7,Monday,Large,False
4897,480,2024-07-23 00:00:00,197.93,completed,2024,7,Tuesday,Large,False
4898,22,2024-07-23 01:00:00,419.94,completed,2024,7,Tuesday,Extra Large,True
4899,349,2024-07-23 02:00:00,328.89,completed,2024,7,Tuesday,Extra Large,False
4900,726,2024-07-23 03:00:00,310.94,completed,2024,7,Tuesday,Extra Large,False
4901,683,2024-07-23 04:00:00,173.73,completed,2024,7,Tuesday,Large,False
4902,835,2024-07-23 05:00:00,410.77,completed,2024,7,Tuesday,Extra Large,True
4903,566,2024-07-23 06:00:00,28.8,completed,2024,7,Tuesday,Small,False
4904,906,2024-07-23 07:00:00,436.69,completed,2024,7,Tuesday,Extra Large,True
4905,810,2024-07-23 08:00:00,261.25,completed,2024,7,Tuesday,Large,False
4906,320,2024-07-23 09:00:00,205.14,completed,2024,7,Tuesday,Large,False
4907,126,2024-07-23 10:00:00,253.61,completed,2024,7,Tuesday,Large,False
4908,277,2024-07-23 11:00:00,337.03,completed,2024,7,Tuesday,Extra Large,False
4909,976,2024-07-23 12:00:00,16.26,completed,2024,7,Tuesday,Small,False
4910,204,2024-07-23 13:00:00,437.06,completed,2024,7,Tuesday,Extra Large,True
4911,194,2024-07-23 14:00:00,228.9,completed,2024,7,Tuesday,Large,False
4912,681,2024-07-23 15:00:00,178.05,pending,2024,7,Tuesday,Large,False
4913,664,2024-07-23 16:00:00,77.74,pending,2024,7,Tuesday,Medium,False
4914,547,2024-07-23 17:00:00,225.34,completed,2024,7,Tuesday,Large,False
4915,696,2024-07-23 18:00:00,253.2,completed,2024,7,Tuesday,Large,False
4916,286,2024-07-23 19:00:00,207.79,completed,2024,7,Tuesday,Large,False
4917,57,2024-07-23 20:00:00,342.54,completed,2024,7,Tuesday,Extra Large,False
4918,734,2024-07-23 21:00:00,216.24,completed,2024,7,Tuesday,Large,False
4919,303,2024-07-23 22:00:00,481.09,completed,2024,7,Tuesday,Extra Large,True
4920,163,2024-07-23 23:00:00,303.65,completed,2024,7,Tuesday,Extra Large,False
4921,19,2024-07-24 00:00:00,405.66,completed,2024,7,Wednesday,Extra Large,True
4922,370,2024-07-24 01:00:00,63.58,pending,2024,7,Wednesday,Medium,False
4923,264,2024-07-24 02:00:00,204.67,completed,2024,7,Wednesday,Large,False
4924,794,2024-07-24 03:00:00,175.06,completed,2024,7,Wednesday,Large,False
4925,113,2024-07-24 04:00:00,289.05,completed,2024,7,Wednesday,Large,False
4926,488,2024-07-24 05:00:00,431.95,completed,2024,7,Wednesday,Extra Large,True
4927,327,2024-07-24 06:00:00,48.39,cancelled,2024,7,Wednesday,Small,False
4928,542,2024-07-24 07:00:00,45.56,completed,2024,7,Wednesday,Small,False
4929,647,2024-07-24 08:00:00,426.66,completed,2024,7,Wednesday,Extra Large,True
4930,579,2024-07-24 09:00:00,114.3,completed,2024,7,Wednesday,Medium,False
4931,65,2024-07-24 10:00:00,337.69,pending,2024,7,Wednesday,Extra Large,False
4932,292,2024-07-24 11:00:00,276.01,pending,2024,7,Wednesday,Large,False
4933,25,2024-07-24 12:00:00,418.12,completed,2024,7,Wednesday,Extra Large,True
4934,549,2024-07-24 13:00:00,71.29,completed,2024,7,Wednesday,Medium,False
4935,1,2024-07-24 14:00:00,73.59,completed,2024,7,Wednesday,Medium,False
4936,911,2024-07-24 15:00:00,282.84,completed,2024,7,Wednesday,Large,False
4937,549,2024-07-24 16:00:00,473.73,cancelled,2024,7,Wednesday,Extra Large,True
4938,141,2024-07-24 17:00:00,213.35,completed,2024,7,Wednesday,Large,False
4939,744,2024-07-24 18:00:00,170.2,cancelled,2024,7,Wednesday,Large,False
4940,648,2024-07-24 19:00:00,307.28,completed,2024,7,Wednesday,Extra Large,False
4941,901,2024-07-24 20:00:00,465.92,pending,2024,7,Wednesday,Extra Large,True
4942,188,2024-07-24 21:00:00,420.09,completed,2024,7,Wednesday,Extra Large,True
4943,128,2024-07-24 22:00:00,497.79,cancelled,2024,7,Wednesday,Extra Large,True
4944,201,2024-07-24 23:00:00,21.06,completed,2024,7,Wednesday,Small,False
4945,127,2024-07-25 00:00:00,65.3,completed,2024,7,Thursday,Medium,False
4946,257,2024-07-25 01:00:00,308.64,completed,2024,7,Thursday,Extra Large,False
4947,676,2024-07-25 02:00:00,412.08,completed,2024,7,Thursday,Extra Large,True
4948,547,2024-07-25 03:00:00,149.77,completed,2024,7,Thursday,Medium,False
4949,194,2024-07-25 04:00:00,127.21,cancelled,2024,7,Thursday,Medium,False
4950,703,2024-07-25 05:00:00,395.62,completed,2024,7,Thursday,Extra Large,False
4951,104,2024-07-25 06:00:00,37.63,completed,2024,7,Thursday,Small,False
4952,535,2024-07-25 07:00:00,191.0,completed,2024,7,Thursday,Large,False
4953,265,2024-07-25 08:00:00,257.85,pending,2024,7,Thursday,Large,False
4954,802,2024-07-25 09:00:00,284.57,completed,2024,7,Thursday,Large,False
4955,942,2024-07-25 10:00:00,367.02,completed,2024,7,Thursday,Extra Large,False
4956,974,2024-07-25 11:00:00,183.87,completed,2024,7,Thursday,Large,False
4957,384,2024-07-25 12:00:00,310.22,completed,2024,7,Thursday,Extra Large,False
4958,260,2024-07-25 13:00:00,296.83,completed,2024,7,Thursday,Large,False
4959,414,2024-07-25 14:00:00,278.33,completed,2024,7,Thursday,Large,False
4960,991,2024-07-25 15:00:00,323.84,completed,2024,7,Thursday,Extra Large,False
4961,358,2024-07-25 16:00:00,137.13,completed,2024,7,Thursday,Medium,False
4962,75,2024-07-25 17:00:00,51.48,completed,2024,7,Thursday,Medium,False
4963,355,2024-07-25 18:00:00,68.44,completed,2024,7,Thursday,Medium,False
4964,584,2024-07-25 19:00:00,120.05,completed,2024,7,Thursday,Medium,False
4965,771,2024-07-25 20:00:00,255.1,completed,2024,7,Thursday,Large,False
4966,910,2024-07-25 21:00:00,421.82,completed,2024,7,Thursday,Extra Large,True
4967,188,2024-07-25 22:00:00,353.63,completed,2024,7,Thursday,Extra Large,False
4968,973,2024-07-25 23:00:00,396.63,completed,2024,7,Thursday,Extra Large,False
4969,685,2024-07-26 00:00:00,181.98,completed,2024,7,Friday,Large,False
4970,992,2024-07-26 01:00:00,208.28,completed,2024,7,Friday,Large,False
4971,290,2024-07-26 02:00:00,202.9,completed,2024,7,Friday,Large,False
4972,45,2024-07-26 03:00:00,104.02,completed,2024,7,Friday,Medium,False
4973,573,2024-07-26 04:00:00,40.0,completed,2024,7,Friday,Small,False
4974,83,2024-07-26 05:00:00,299.55,pending,2024,7,Friday,Large,False
4975,123,2024-07-26 06:00:00,494.72,completed,2024,7,Friday,Extra Large,True
4976,358,2024-07-26 07:00:00,91.75,completed,2024,7,Friday,Medium,False
4977,528,2024-07-26 08:00:00,32.88,completed,2024,7,Friday,Small,False
4978,66,2024-07-26 09:00:00,391.97,completed,2024,7,Friday,Extra Large,False
4979,936,2024-07-26 10:00:00,133.77,completed,2024,7,Friday,Medium,False
4980,657,2024-07-26 11:00:00,416.53,completed,2024,7,Friday,Extra Large,True
4981,375,2024-07-26 12:00:00,354.93,pending,2024,7,Friday,Extra Large,False
4982,162,2024-07-26 13:00:00,473.38,completed,2024,7,Friday,Extra Large,True
4983,746,2024-07-26 14:00:00,210.37,completed,2024,7,Friday,Large,False
4984,380,2024-07-26 15:00:00,334.37,completed,2024,7,Friday,Extra Large,False
4985,656,2024-07-26 16:00:00,237.78,completed,2024,7,Friday,Large,False
4986,358,2024-07-26 17:00:00,318.99,completed,2024,7,Friday,Extra Large,False
4987,188,2024-07-26 18:00:00,230.3,completed,2024,7,Friday,Large,False
4988,322,2024-07-26 19:00:00,102.43,completed,2024,7,Friday,Medium,False
4989,450,2024-07-26 20:00:00,258.87,completed,2024,7,Friday,Large,False
4990,474,2024-07-26 21:00:00,269.01,pending,2024,7,Friday,Large,False
4991,13,2024-07-26 22:00:00,407.2,completed,2024,7,Friday,Extra Large,True
4992,184,2024-07-26 23:00:00,370.41,completed,2024,7,Friday,Extra Large,False
4993,111,2024-07-27 00:00:00,335.26,completed,2024,7,Saturday,Extra Large,False
4994,927,2024-07-27 01:00:00,65.56,completed,2024,7,Saturday,Medium,False
4995,508,2024-07-27 02:00:00,363.1,pending,2024,7,Saturday,Extra Large,False
4996,290,2024-07-27 03:00:00,255.15,completed,2024,7,Saturday,Large,False
4997,295,2024-07-27 04:00:00,448.11,completed,2024,7,Saturday,Extra Large,True
4998,451,2024-07-27 05:00:00,460.74,completed,2024,7,Saturday,Extra Large,True
4999,904,2024-07-27 06:00:00,37.03,completed,2024,7,Saturday,Small,False
5000,215,2024-07-27 07:00:00,412.11,completed,2024,7,Saturday,Extra Large,True
