customer_id,name,email,city,registration_date,days_since_registration,customer_segment,total_orders,total_spent,avg_order_value,max_order_value,first_order_date,last_order_date,suspicious_orders,clv_score,value_segment
1,Customer 1,customer1@email.com,Jakarta,2023-01-01,923,Veteran,9.0,1986.45,220.72,400.0,2024-02-07 09:00:00,2024-07-24 14:00:00,0.0,1240.94,VIP
2,Customer 2,customer2@email.com,Bandung,2023-01-02,922,Veteran,6.0,2245.89,374.32,489.73,2024-01-04 18:00:00,2024-05-04 06:00:00,2.0,1402.97,VIP
3,Customer 3,customer3@email.com,Jakarta,2023-01-03,921,Veteran,4.0,1288.89,322.22,493.81,2024-02-21 06:00:00,2024-05-01 12:00:00,2.0,817.56,VIP
4,Customer 4,customer4@email.com,Medan,2023-01-04,920,Veteran,2.0,697.35,348.68,413.99,2024-02-25 06:00:00,2024-03-16 16:00:00,1.0,459.28,High Value
5,Customer 5,customer5@email.com,Surabaya,2023-01-05,919,Veteran,5.0,1461.08,292.22,407.45,2024-01-08 11:00:00,2024-02-29 11:00:00,1.0,920.87,VIP
6,Customer 6,customer6@email.com,Jakarta,2023-01-06,918,Veteran,1.0,378.67,378.67,378.67,2024-02-25 01:00:00,2024-02-25 01:00:00,0.0,268.07,Medium Value
7,Customer 7,customer7@email.com,Jakarta,2023-01-07,917,Veteran,7.0,1925.21,275.03,498.15,2024-02-21 05:00:00,2024-07-13 01:00:00,2.0,1203.63,VIP
8,Customer 8,customer8@email.com,Medan,2023-01-08,916,Veteran,7.0,2209.19,315.6,486.81,2024-02-09 21:00:00,2024-07-01 20:00:00,3.0,1378.07,VIP
9,Customer 9,customer9@email.com,Yogyakarta,2023-01-09,915,Veteran,3.0,844.99,281.66,381.91,2024-01-16 15:00:00,2024-04-15 12:00:00,0.0,544.16,High Value
10,Customer 10,customer10@email.com,Yogyakarta,2023-01-10,914,Veteran,6.0,1620.89,270.15,450.0,2024-02-11 11:00:00,2024-06-02 19:00:00,1.0,1017.55,VIP
11,Customer 11,customer11@email.com,Bandung,2023-01-11,913,Veteran,4.0,433.4,108.35,173.75,2024-03-04 18:00:00,2024-04-13 01:00:00,0.0,282.87,Medium Value
12,Customer 12,customer12@email.com,Yogyakarta,2023-01-12,912,Veteran,10.0,1746.07,174.61,445.61,2024-01-30 20:00:00,2024-06-03 14:00:00,2.0,1095.1,VIP
13,Customer 13,customer13@email.com,Medan,2023-01-13,911,Veteran,5.0,1032.56,206.51,407.2,2024-02-27 10:00:00,2024-07-26 22:00:00,1.0,655.19,VIP
14,Customer 14,customer14@email.com,Surabaya,2023-01-14,910,Veteran,4.0,1444.79,361.2,483.69,2024-01-03 20:00:00,2024-06-03 17:00:00,1.0,914.99,VIP
15,Customer 15,customer15@email.com,Yogyakarta,2023-01-15,909,Veteran,5.0,1769.39,353.88,446.17,2024-01-06 10:00:00,2024-03-03 21:00:00,1.0,1112.02,VIP
16,Customer 16,customer16@email.com,Jakarta,2023-01-16,908,Veteran,5.0,938.37,187.67,449.53,2024-01-29 12:00:00,2024-06-30 12:00:00,1.0,596.79,High Value
17,Customer 17,customer17@email.com,Bandung,2023-01-17,907,Veteran,8.0,1285.2,160.65,438.64,2024-01-20 08:00:00,2024-05-26 03:00:00,1.0,811.18,VIP
18,Customer 18,customer18@email.com,Medan,2023-01-18,906,Veteran,2.0,539.79,269.9,327.77,2024-01-21 15:00:00,2024-03-10 19:00:00,0.0,356.86,High Value
19,Customer 19,customer19@email.com,Surabaya,2023-01-19,905,Veteran,7.0,2152.75,307.54,477.12,2024-02-02 16:00:00,2024-07-24 00:00:00,2.0,1343.4,VIP
20,Customer 20,customer20@email.com,Yogyakarta,2023-01-20,904,Veteran,7.0,1089.88,155.7,312.87,2024-01-23 10:00:00,2024-07-20 02:00:00,0.0,690.5,VIP
21,Customer 21,customer21@email.com,Surabaya,2023-01-21,903,Veteran,7.0,2171.26,310.18,489.7,2024-01-01 07:00:00,2024-06-13 15:00:00,1.0,1354.77,VIP
22,Customer 22,customer22@email.com,Medan,2023-01-22,902,Veteran,7.0,1667.93,238.28,419.94,2024-01-02 10:00:00,2024-07-23 01:00:00,2.0,1045.59,VIP
23,Customer 23,customer23@email.com,Yogyakarta,2023-01-23,901,Veteran,6.0,1861.01,310.17,483.0,2024-01-28 19:00:00,2024-07-12 09:00:00,3.0,1165.62,VIP
24,Customer 24,customer24@email.com,Medan,2023-01-24,900,Veteran,1.0,469.71,469.71,469.71,2024-04-19 03:00:00,2024-04-19 03:00:00,1.0,331.8,Medium Value
25,Customer 25,customer25@email.com,Jakarta,2023-01-25,899,Veteran,6.0,1835.36,305.89,418.12,2024-02-03 15:00:00,2024-07-24 12:00:00,2.0,1149.8,VIP
26,Customer 26,customer26@email.com,Yogyakarta,2023-01-26,898,Veteran,5.0,815.25,163.05,255.83,2024-02-20 03:00:00,2024-07-02 09:00:00,0.0,520.45,High Value
27,Customer 27,customer27@email.com,Surabaya,2023-01-27,897,Veteran,3.0,676.02,225.34,291.05,2024-01-19 14:00:00,2024-04-10 22:00:00,0.0,437.15,High Value
28,Customer 28,customer28@email.com,Surabaya,2023-01-28,896,Veteran,6.0,1501.89,250.31,392.38,2024-01-07 09:00:00,2024-06-14 22:00:00,0.0,944.16,VIP
29,Customer 29,customer29@email.com,Surabaya,2023-01-29,895,Veteran,7.0,1774.8,253.54,443.39,2024-02-05 12:00:00,2024-05-24 09:00:00,1.0,1111.23,VIP
30,Customer 30,customer30@email.com,Yogyakarta,2023-01-30,894,Veteran,2.0,562.4,281.2,466.9,2024-06-01 16:00:00,2024-07-11 21:00:00,1.0,371.56,High Value
31,Customer 31,customer31@email.com,Jakarta,2023-01-31,893,Veteran,2.0,389.85,194.92,227.8,2024-04-04 03:00:00,2024-07-14 10:00:00,0.0,259.4,Medium Value
32,Customer 32,customer32@email.com,Jakarta,2023-02-01,892,Veteran,2.0,397.27,198.64,377.01,2024-03-10 09:00:00,2024-06-16 17:00:00,0.0,264.23,Medium Value
33,Customer 33,customer33@email.com,Surabaya,2023-02-02,891,Veteran,3.0,554.89,184.96,271.93,2024-01-07 15:00:00,2024-04-07 15:00:00,0.0,360.43,High Value
34,Customer 34,customer34@email.com,Jakarta,2023-02-03,890,Veteran,3.0,554.84,184.95,398.37,2024-02-14 03:00:00,2024-03-17 09:00:00,0.0,360.4,High Value
35,Customer 35,customer35@email.com,Jakarta,2023-02-04,889,Veteran,7.0,1133.06,161.87,242.15,2024-01-04 11:00:00,2024-07-15 23:00:00,0.0,717.02,VIP
36,Customer 36,customer36@email.com,Medan,2023-02-05,888,Veteran,4.0,903.72,225.93,327.2,2024-01-09 17:00:00,2024-05-09 15:00:00,0.0,576.82,High Value
37,Customer 37,customer37@email.com,Bandung,2023-02-06,887,Veteran,5.0,1713.63,342.73,446.3,2024-01-16 13:00:00,2024-04-06 02:00:00,2.0,1077.45,VIP
38,Customer 38,customer38@email.com,Bandung,2023-02-07,886,Veteran,3.0,543.97,181.32,340.27,2024-01-19 07:00:00,2024-06-05 01:00:00,0.0,353.51,High Value
39,Customer 39,customer39@email.com,Jakarta,2023-02-08,885,Veteran,12.0,3310.8,275.9,479.21,2024-01-22 18:00:00,2024-05-30 10:00:00,3.0,2050.07,VIP
40,Customer 40,customer40@email.com,Yogyakarta,2023-02-09,884,Veteran,6.0,1375.01,229.17,467.81,2024-02-24 20:00:00,2024-06-20 04:00:00,1.0,865.92,VIP
41,Customer 41,customer41@email.com,Bandung,2023-02-10,883,Veteran,9.0,2142.41,238.05,441.84,2024-01-06 08:00:00,2024-07-12 07:00:00,1.0,1336.25,VIP
42,Customer 42,customer42@email.com,Bandung,2023-02-11,882,Veteran,5.0,1016.86,203.37,465.09,2024-02-04 03:00:00,2024-05-15 09:00:00,1.0,645.45,VIP
43,Customer 43,customer43@email.com,Bandung,2023-02-12,881,Veteran,6.0,1102.34,183.72,458.27,2024-01-30 16:00:00,2024-06-15 00:00:00,1.0,697.78,VIP
44,Customer 44,customer44@email.com,Bandung,2023-02-13,880,Veteran,3.0,730.27,243.42,349.51,2024-03-21 19:00:00,2024-06-18 02:00:00,0.0,471.5,High Value
45,Customer 45,customer45@email.com,Medan,2023-02-14,879,Veteran,1.0,104.02,104.02,104.02,2024-07-26 03:00:00,2024-07-26 03:00:00,0.0,75.81,Medium Value
46,Customer 46,customer46@email.com,Bandung,2023-02-15,878,Veteran,4.0,707.44,176.86,455.5,2024-01-20 13:00:00,2024-04-13 16:00:00,1.0,454.15,High Value
47,Customer 47,customer47@email.com,Yogyakarta,2023-02-16,877,Veteran,9.0,2684.25,298.25,403.29,2024-01-25 10:00:00,2024-06-25 04:00:00,1.0,1667.38,VIP
48,Customer 48,customer48@email.com,Jakarta,2023-02-17,876,Veteran,3.0,637.57,212.52,323.24,2024-01-07 16:00:00,2024-07-21 23:00:00,0.0,412.79,High Value
49,Customer 49,customer49@email.com,Medan,2023-02-18,875,Veteran,6.0,1648.1,274.68,446.51,2024-01-20 06:00:00,2024-07-11 00:00:00,2.0,1034.33,VIP
50,Customer 50,customer50@email.com,Bandung,2023-02-19,874,Veteran,2.0,857.83,428.92,445.41,2024-05-06 19:00:00,2024-06-08 20:00:00,2.0,563.59,High Value
51,Customer 51,customer51@email.com,Bandung,2023-02-20,873,Veteran,6.0,1551.01,258.5,369.04,2024-01-24 03:00:00,2024-05-03 05:00:00,0.0,974.46,VIP
52,Customer 52,customer52@email.com,Medan,2023-02-21,872,Veteran,0.0,0.0,0.0,0.0,,,0.0,0.0,
53,Customer 53,customer53@email.com,Yogyakarta,2023-02-22,871,Veteran,6.0,1324.38,220.73,479.39,2024-01-06 00:00:00,2024-04-28 12:00:00,1.0,834.7,VIP
54,Customer 54,customer54@email.com,Yogyakarta,2023-02-23,870,Veteran,5.0,928.77,185.75,274.74,2024-01-17 00:00:00,2024-03-30 07:00:00,0.0,590.84,High Value
55,Customer 55,customer55@email.com,Surabaya,2023-02-24,869,Veteran,5.0,1423.44,284.69,417.87,2024-03-11 13:00:00,2024-06-05 19:00:00,1.0,897.53,VIP
56,Customer 56,customer56@email.com,Medan,2023-02-25,868,Veteran,3.0,835.44,278.48,415.01,2024-02-19 20:00:00,2024-05-19 09:00:00,1.0,538.11,High Value
57,Customer 57,customer57@email.com,Medan,2023-02-26,867,Veteran,3.0,682.79,227.6,342.54,2024-06-05 05:00:00,2024-07-23 20:00:00,0.0,441.43,High Value
58,Customer 58,customer58@email.com,Yogyakarta,2023-02-27,866,Veteran,6.0,1585.0,264.17,484.48,2024-01-26 03:00:00,2024-06-17 15:00:00,1.0,995.42,VIP
59,Customer 59,customer59@email.com,Yogyakarta,2023-02-28,865,Veteran,5.0,1417.69,283.54,472.91,2024-01-02 16:00:00,2024-07-16 08:00:00,2.0,893.97,VIP
60,Customer 60,customer60@email.com,Bandung,2023-03-01,864,Veteran,4.0,1346.83,336.71,439.79,2024-04-10 14:00:00,2024-06-06 07:00:00,2.0,853.77,VIP
61,Customer 61,customer61@email.com,Surabaya,2023-03-02,863,Veteran,3.0,982.9,327.63,440.85,2024-02-18 12:00:00,2024-03-28 14:00:00,1.0,631.5,High Value
62,Customer 62,customer62@email.com,Jakarta,2023-03-03,862,Veteran,4.0,1365.96,341.49,471.61,2024-02-02 09:00:00,2024-06-30 14:00:00,2.0,865.72,VIP
63,Customer 63,customer63@email.com,Jakarta,2023-03-04,861,Veteran,7.0,1839.39,262.77,482.11,2024-01-06 20:00:00,2024-07-12 08:00:00,1.0,1150.91,VIP
64,Customer 64,customer64@email.com,Yogyakarta,2023-03-05,860,Veteran,2.0,573.14,286.57,365.78,2024-04-12 11:00:00,2024-07-19 08:00:00,0.0,378.54,High Value
65,Customer 65,customer65@email.com,Jakarta,2023-03-06,859,Veteran,6.0,2350.69,391.78,488.25,2024-01-06 12:00:00,2024-07-24 10:00:00,3.0,1467.59,VIP
66,Customer 66,customer66@email.com,Medan,2023-03-07,858,Veteran,6.0,949.28,158.21,391.97,2024-04-22 06:00:00,2024-07-26 09:00:00,0.0,603.39,High Value
67,Customer 67,customer67@email.com,Bandung,2023-03-08,857,Veteran,3.0,717.33,239.11,331.72,2024-02-22 16:00:00,2024-05-15 19:00:00,0.0,463.31,High Value
68,Customer 68,customer68@email.com,Bandung,2023-03-09,856,Veteran,3.0,567.36,189.12,271.41,2024-06-16 23:00:00,2024-07-16 16:00:00,0.0,368.33,High Value
69,Customer 69,customer69@email.com,Yogyakarta,2023-03-10,855,Veteran,7.0,1204.69,172.1,362.18,2024-01-28 01:00:00,2024-07-16 17:00:00,0.0,761.02,VIP
70,Customer 70,customer70@email.com,Medan,2023-03-11,854,Veteran,4.0,1183.92,295.98,476.33,2024-02-06 05:00:00,2024-06-12 17:00:00,2.0,751.95,VIP
71,Customer 71,customer71@email.com,Jakarta,2023-03-12,853,Veteran,0.0,0.0,0.0,0.0,,,0.0,0.0,
72,Customer 72,customer72@email.com,Medan,2023-03-13,852,Veteran,4.0,603.45,150.86,270.91,2024-01-01 05:00:00,2024-06-19 05:00:00,0.0,389.16,High Value
73,Customer 73,customer73@email.com,Jakarta,2023-03-14,851,Veteran,7.0,1954.2,279.17,408.24,2024-02-19 13:00:00,2024-07-11 17:00:00,1.0,1221.44,VIP
74,Customer 74,customer74@email.com,Jakarta,2023-03-15,850,Veteran,2.0,740.12,370.06,376.61,2024-02-04 19:00:00,2024-06-09 21:00:00,0.0,487.08,High Value
75,Customer 75,customer75@email.com,Medan,2023-03-16,849,Veteran,11.0,2484.98,225.91,455.68,2024-01-31 21:00:00,2024-07-25 17:00:00,2.0,1546.58,VIP
76,Customer 76,customer76@email.com,Surabaya,2023-03-17,848,Veteran,5.0,1341.58,268.32,402.07,2024-01-27 15:00:00,2024-07-03 04:00:00,2.0,846.78,VIP
77,Customer 77,customer77@email.com,Yogyakarta,2023-03-18,847,Veteran,2.0,324.46,162.23,294.57,2024-05-08 08:00:00,2024-07-16 07:00:00,0.0,216.9,Medium Value
78,Customer 78,customer78@email.com,Surabaya,2023-03-19,846,Veteran,6.0,1422.51,237.08,490.48,2024-02-13 14:00:00,2024-06-08 08:00:00,1.0,895.21,VIP
79,Customer 79,customer79@email.com,Bandung,2023-03-20,845,Veteran,4.0,1838.48,459.62,475.64,2024-04-07 18:00:00,2024-06-17 07:00:00,4.0,1161.05,VIP
80,Customer 80,customer80@email.com,Jakarta,2023-03-21,844,Veteran,2.0,528.53,264.26,311.1,2024-02-08 08:00:00,2024-05-19 23:00:00,0.0,349.54,High Value
81,Customer 81,customer81@email.com,Medan,2023-03-22,843,Veteran,5.0,1653.53,330.71,386.11,2024-01-04 13:00:00,2024-07-10 11:00:00,0.0,1040.19,VIP
82,Customer 82,customer82@email.com,Surabaya,2023-03-23,842,Veteran,4.0,604.27,151.07,235.45,2024-03-14 11:00:00,2024-07-21 14:00:00,0.0,389.67,High Value
83,Customer 83,customer83@email.com,Surabaya,2023-03-24,841,Veteran,4.0,740.96,185.24,299.55,2024-02-13 11:00:00,2024-07-26 05:00:00,0.0,475.1,High Value
84,Customer 84,customer84@email.com,Jakarta,2023-03-25,840,Veteran,10.0,2312.61,231.26,481.56,2024-03-09 11:00:00,2024-07-09 23:00:00,2.0,1440.69,VIP
85,Customer 85,customer85@email.com,Jakarta,2023-03-26,839,Veteran,3.0,717.09,239.03,406.74,2024-02-13 13:00:00,2024-05-01 13:00:00,1.0,463.16,High Value
86,Customer 86,customer86@email.com,Jakarta,2023-03-27,838,Veteran,7.0,1981.19,283.03,442.04,2024-01-09 23:00:00,2024-06-16 03:00:00,3.0,1238.02,VIP
87,Customer 87,customer87@email.com,Surabaya,2023-03-28,837,Veteran,6.0,1690.44,281.74,466.96,2024-03-12 00:00:00,2024-07-16 00:00:00,2.0,1060.44,VIP
88,Customer 88,customer88@email.com,Medan,2023-03-29,836,Veteran,4.0,904.17,226.04,380.02,2024-01-01 14:00:00,2024-06-01 01:00:00,0.0,577.11,High Value
89,Customer 89,customer89@email.com,Jakarta,2023-03-30,835,Veteran,5.0,822.87,164.57,298.12,2024-02-29 21:00:00,2024-06-29 13:00:00,0.0,525.18,High Value
90,Customer 90,customer90@email.com,Jakarta,2023-03-31,834,Veteran,5.0,1266.94,253.39,386.69,2024-01-31 06:00:00,2024-05-04 10:00:00,0.0,800.5,VIP
91,Customer 91,customer91@email.com,Surabaya,2023-04-01,833,Veteran,2.0,702.68,351.34,404.16,2024-02-06 13:00:00,2024-07-19 09:00:00,1.0,462.74,High Value
92,Customer 92,customer92@email.com,Surabaya,2023-04-02,832,Veteran,6.0,933.85,155.64,276.87,2024-01-04 03:00:00,2024-05-21 04:00:00,0.0,593.87,High Value
93,Customer 93,customer93@email.com,Yogyakarta,2023-04-03,831,Veteran,3.0,773.73,257.91,410.16,2024-02-18 09:00:00,2024-07-04 11:00:00,1.0,499.03,High Value
94,Customer 94,customer94@email.com,Surabaya,2023-04-04,830,Veteran,1.0,262.32,262.32,262.32,2024-01-28 03:00:00,2024-01-28 03:00:00,0.0,186.62,Medium Value
95,Customer 95,customer95@email.com,Surabaya,2023-04-05,829,Veteran,5.0,1091.38,218.28,377.63,2024-02-14 05:00:00,2024-05-16 21:00:00,0.0,691.66,VIP
96,Customer 96,customer96@email.com,Bandung,2023-04-06,828,Veteran,4.0,1461.31,365.33,470.39,2024-01-09 07:00:00,2024-03-13 04:00:00,1.0,925.32,VIP
97,Customer 97,customer97@email.com,Yogyakarta,2023-04-07,827,Veteran,3.0,799.82,266.61,391.96,2024-03-02 21:00:00,2024-06-18 03:00:00,0.0,515.55,High Value
98,Customer 98,customer98@email.com,Surabaya,2023-04-08,826,Veteran,4.0,839.94,209.98,483.16,2024-02-15 20:00:00,2024-06-15 21:00:00,1.0,536.96,High Value
99,Customer 99,customer99@email.com,Medan,2023-04-09,825,Veteran,12.0,4070.67,339.22,497.91,2024-01-07 22:00:00,2024-07-18 12:00:00,4.0,2512.32,VIP
100,Customer 100,customer100@email.com,Surabaya,2023-04-10,824,Veteran,3.0,889.86,296.62,353.54,2024-01-01 16:00:00,2024-04-20 23:00:00,0.0,572.58,High Value
101,Customer 101,customer101@email.com,Bandung,2023-04-11,823,Veteran,4.0,1258.61,314.65,441.81,2024-05-15 03:00:00,2024-06-04 06:00:00,2.0,798.63,VIP
102,Customer 102,customer102@email.com,Medan,2023-04-12,822,Veteran,7.0,1499.52,214.22,423.47,2024-03-21 14:00:00,2024-07-20 20:00:00,2.0,942.13,VIP
103,Customer 103,customer103@email.com,Yogyakarta,2023-04-13,821,Veteran,5.0,1616.44,323.29,465.32,2024-01-01 00:00:00,2024-07-07 14:00:00,2.0,1017.19,VIP
104,Customer 104,customer104@email.com,Surabaya,2023-04-14,820,Veteran,8.0,2187.12,273.39,489.48,2024-01-17 10:00:00,2024-07-25 06:00:00,1.0,1363.61,VIP
105,Customer 105,customer105@email.com,Bandung,2023-04-15,819,Veteran,3.0,585.2,195.07,434.76,2024-02-12 14:00:00,2024-07-09 07:00:00,1.0,379.63,High Value
106,Customer 106,customer106@email.com,Bandung,2023-04-16,818,Veteran,6.0,627.24,104.54,287.23,2024-01-04 21:00:00,2024-05-04 02:00:00,0.0,404.8,High Value
107,Customer 107,customer107@email.com,Medan,2023-04-17,817,Veteran,5.0,869.62,173.92,255.95,2024-01-01 04:00:00,2024-07-11 11:00:00,0.0,554.16,High Value
108,Customer 108,customer108@email.com,Yogyakarta,2023-04-18,816,Veteran,5.0,1911.33,382.27,498.86,2024-03-21 10:00:00,2024-06-01 18:00:00,3.0,1200.03,VIP
109,Customer 109,customer109@email.com,Yogyakarta,2023-04-19,815,Veteran,8.0,1343.99,168.0,483.76,2024-02-04 01:00:00,2024-07-17 09:00:00,1.0,847.19,VIP
110,Customer 110,customer110@email.com,Jakarta,2023-04-20,814,Veteran,1.0,14.22,14.22,14.22,2024-05-17 00:00:00,2024-05-17 00:00:00,0.0,12.95,Low Value
111,Customer 111,customer111@email.com,Medan,2023-04-21,813,Veteran,7.0,1987.61,283.94,460.7,2024-02-17 14:00:00,2024-07-27 00:00:00,1.0,1241.96,VIP
112,Customer 112,customer112@email.com,Medan,2023-04-22,812,Veteran,3.0,893.58,297.86,322.73,2024-01-17 14:00:00,2024-06-15 17:00:00,0.0,574.93,High Value
113,Customer 113,customer113@email.com,Bandung,2023-04-23,811,Veteran,12.0,3202.78,266.9,496.69,2024-01-12 03:00:00,2024-07-24 04:00:00,2.0,1984.36,VIP
114,Customer 114,customer114@email.com,Surabaya,2023-04-24,810,Veteran,5.0,1041.51,208.3,295.72,2024-03-11 04:00:00,2024-07-22 23:00:00,0.0,660.74,VIP
115,Customer 115,customer115@email.com,Yogyakarta,2023-04-25,809,Veteran,4.0,1108.23,277.06,453.02,2024-01-31 13:00:00,2024-06-26 17:00:00,1.0,704.64,VIP
116,Customer 116,customer116@email.com,Yogyakarta,2023-04-26,808,Veteran,4.0,1053.8,263.45,331.81,2024-01-21 05:00:00,2024-07-22 03:00:00,0.0,670.62,VIP
117,Customer 117,customer117@email.com,Surabaya,2023-04-27,807,Veteran,9.0,2268.96,252.11,442.03,2024-01-26 08:00:00,2024-07-19 10:00:00,2.0,1413.59,VIP
118,Customer 118,customer118@email.com,Surabaya,2023-04-28,806,Veteran,9.0,2415.32,268.37,457.76,2024-01-26 22:00:00,2024-07-12 15:00:00,1.0,1503.03,VIP
119,Customer 119,customer119@email.com,Bandung,2023-04-29,805,Veteran,6.0,1549.69,258.28,414.91,2024-02-11 18:00:00,2024-06-05 09:00:00,1.0,973.64,VIP
120,Customer 120,customer120@email.com,Yogyakarta,2023-04-30,804,Veteran,7.0,1346.07,192.3,461.29,2024-01-17 01:00:00,2024-06-29 00:00:00,1.0,847.87,VIP
121,Customer 121,customer121@email.com,Jakarta,2023-05-01,803,Veteran,2.0,664.33,332.16,393.92,2024-02-19 17:00:00,2024-04-23 19:00:00,0.0,437.81,High Value
122,Customer 122,customer122@email.com,Bandung,2023-05-02,802,Veteran,6.0,1933.33,322.22,441.12,2024-01-01 09:00:00,2024-07-15 17:00:00,1.0,1210.22,VIP
123,Customer 123,customer123@email.com,Bandung,2023-05-03,801,Veteran,2.0,748.51,374.26,494.72,2024-01-13 19:00:00,2024-07-26 06:00:00,1.0,492.53,High Value
124,Customer 124,customer124@email.com,Yogyakarta,2023-05-04,800,Veteran,8.0,2447.56,305.94,496.15,2024-01-14 11:00:00,2024-07-15 21:00:00,3.0,1523.13,VIP
125,Customer 125,customer125@email.com,Medan,2023-05-05,799,Veteran,3.0,580.91,193.64,420.86,2024-01-24 08:00:00,2024-07-15 18:00:00,1.0,376.91,High Value
126,Customer 126,customer126@email.com,Medan,2023-05-06,798,Veteran,6.0,1530.16,255.03,443.58,2024-02-06 18:00:00,2024-07-23 10:00:00,1.0,961.6,VIP
127,Customer 127,customer127@email.com,Medan,2023-05-07,797,Veteran,7.0,1083.42,154.77,322.33,2024-01-26 11:00:00,2024-07-25 00:00:00,0.0,686.53,VIP
128,Customer 128,customer128@email.com,Jakarta,2023-05-08,796,Veteran,6.0,1815.74,302.62,497.79,2024-01-21 14:00:00,2024-07-24 22:00:00,2.0,1137.71,VIP
129,Customer 129,customer129@email.com,Yogyakarta,2023-05-09,795,Veteran,6.0,1088.4,181.4,315.34,2024-01-06 17:00:00,2024-06-21 05:00:00,0.0,689.18,VIP
130,Customer 130,customer130@email.com,Yogyakarta,2023-05-10,794,Veteran,9.0,2267.42,251.94,476.61,2024-01-13 07:00:00,2024-05-24 06:00:00,2.0,1412.65,VIP
131,Customer 131,customer131@email.com,Surabaya,2023-05-11,793,Veteran,8.0,1250.78,156.35,415.48,2024-01-01 19:00:00,2024-06-23 08:00:00,1.0,790.1,VIP
132,Customer 132,customer132@email.com,Yogyakarta,2023-05-12,792,Veteran,5.0,1417.12,283.42,468.06,2024-02-06 03:00:00,2024-07-02 21:00:00,1.0,893.61,VIP
133,Customer 133,customer133@email.com,Jakarta,2023-05-13,791,Veteran,6.0,1691.62,281.94,451.47,2024-02-04 09:00:00,2024-05-02 01:00:00,1.0,1061.17,VIP
134,Customer 134,customer134@email.com,Yogyakarta,2023-05-14,790,Veteran,3.0,284.96,94.99,155.01,2024-02-07 23:00:00,2024-05-15 18:00:00,0.0,189.47,Medium Value
135,Customer 135,customer135@email.com,Medan,2023-05-15,789,Veteran,2.0,308.96,154.48,234.42,2024-01-07 10:00:00,2024-01-18 17:00:00,0.0,206.82,Medium Value
136,Customer 136,customer136@email.com,Surabaya,2023-05-16,788,Veteran,2.0,391.66,195.83,335.18,2024-06-02 00:00:00,2024-07-05 06:00:00,0.0,260.58,Medium Value
137,Customer 137,customer137@email.com,Yogyakarta,2023-05-17,787,Veteran,5.0,1269.68,253.94,498.51,2024-02-24 15:00:00,2024-06-08 12:00:00,1.0,802.2,VIP
138,Customer 138,customer138@email.com,Medan,2023-05-18,786,Veteran,3.0,670.51,223.5,364.11,2024-02-16 18:00:00,2024-06-08 19:00:00,0.0,433.66,High Value
139,Customer 139,customer139@email.com,Yogyakarta,2023-05-19,785,Veteran,4.0,1032.6,258.15,388.84,2024-01-06 21:00:00,2024-07-18 07:00:00,0.0,657.38,VIP
140,Customer 140,customer140@email.com,Bandung,2023-05-20,784,Veteran,3.0,1003.51,334.5,495.26,2024-02-26 11:00:00,2024-07-19 16:00:00,1.0,644.56,VIP
141,Customer 141,customer141@email.com,Surabaya,2023-05-21,783,Veteran,6.0,1403.99,234.0,430.76,2024-03-05 08:00:00,2024-07-24 17:00:00,1.0,883.79,VIP
142,Customer 142,customer142@email.com,Jakarta,2023-05-22,782,Veteran,4.0,926.21,231.55,424.21,2024-03-27 17:00:00,2024-07-04 16:00:00,1.0,590.88,High Value
143,Customer 143,customer143@email.com,Medan,2023-05-23,781,Veteran,7.0,1298.4,185.49,371.97,2024-01-23 19:00:00,2024-06-25 22:00:00,0.0,818.59,VIP
144,Customer 144,customer144@email.com,Jakarta,2023-05-24,780,Veteran,7.0,1817.75,259.68,419.55,2024-01-14 08:00:00,2024-06-15 22:00:00,1.0,1137.62,VIP
145,Customer 145,customer145@email.com,Yogyakarta,2023-05-25,779,Veteran,7.0,2501.7,357.39,440.1,2024-02-10 15:00:00,2024-04-27 18:00:00,4.0,1557.76,VIP
146,Customer 146,customer146@email.com,Jakarta,2023-05-26,778,Veteran,6.0,1674.78,279.13,466.95,2024-02-11 22:00:00,2024-06-07 09:00:00,2.0,1050.78,VIP
147,Customer 147,customer147@email.com,Surabaya,2023-05-27,777,Veteran,7.0,2445.57,349.37,486.81,2024-01-15 01:00:00,2024-07-22 11:00:00,3.0,1523.28,VIP
148,Customer 148,customer148@email.com,Bandung,2023-05-28,776,Veteran,6.0,1936.21,322.7,441.0,2024-01-15 02:00:00,2024-07-13 08:00:00,3.0,1212.0,VIP
149,Customer 149,customer149@email.com,Bandung,2023-05-29,775,Veteran,7.0,1852.5,264.64,489.33,2024-02-08 07:00:00,2024-05-30 16:00:00,3.0,1158.96,VIP
150,Customer 150,customer150@email.com,Yogyakarta,2023-05-30,774,Veteran,1.0,404.49,404.49,404.49,2024-01-24 09:00:00,2024-01-24 09:00:00,1.0,286.14,Medium Value
151,Customer 151,customer151@email.com,Medan,2023-05-31,773,Veteran,4.0,725.28,181.32,262.43,2024-01-15 19:00:00,2024-04-26 11:00:00,0.0,465.3,High Value
152,Customer 152,customer152@email.com,Jakarta,2023-06-01,772,Veteran,4.0,1172.07,293.02,467.93,2024-01-16 23:00:00,2024-05-06 12:00:00,1.0,744.54,VIP
153,Customer 153,customer153@email.com,Yogyakarta,2023-06-02,771,Veteran,5.0,1077.62,215.52,425.3,2024-01-17 18:00:00,2024-07-07 19:00:00,1.0,683.12,VIP
154,Customer 154,customer154@email.com,Medan,2023-06-03,770,Veteran,8.0,2151.57,268.95,479.31,2024-01-27 16:00:00,2024-06-27 21:00:00,2.0,1341.84,VIP
155,Customer 155,customer155@email.com,Yogyakarta,2023-06-04,769,Veteran,3.0,753.06,251.02,370.9,2024-01-22 07:00:00,2024-07-15 01:00:00,0.0,485.94,High Value
156,Customer 156,customer156@email.com,Medan,2023-06-05,768,Veteran,7.0,2236.14,319.45,481.19,2024-03-09 05:00:00,2024-07-12 04:00:00,3.0,1394.63,VIP
157,Customer 157,customer157@email.com,Yogyakarta,2023-06-06,767,Veteran,5.0,1356.5,271.3,389.26,2024-01-06 09:00:00,2024-04-08 14:00:00,0.0,856.03,VIP
158,Customer 158,customer158@email.com,Medan,2023-06-07,766,Veteran,3.0,856.78,285.59,368.62,2024-01-20 11:00:00,2024-05-15 14:00:00,0.0,551.63,High Value
159,Customer 159,customer159@email.com,Surabaya,2023-06-08,765,Veteran,6.0,1531.55,255.26,471.25,2024-03-03 14:00:00,2024-06-06 05:00:00,1.0,962.46,VIP
160,Customer 160,customer160@email.com,Medan,2023-06-09,764,Veteran,7.0,1472.59,210.37,360.07,2024-01-09 19:00:00,2024-05-28 20:00:00,0.0,925.59,VIP
161,Customer 161,customer161@email.com,Surabaya,2023-06-10,763,Veteran,10.0,2801.54,280.15,445.25,2024-01-02 07:00:00,2024-06-14 08:00:00,2.0,1738.94,VIP
162,Customer 162,customer162@email.com,Bandung,2023-06-11,762,Veteran,7.0,2395.25,342.18,473.38,2024-01-05 05:00:00,2024-07-26 13:00:00,2.0,1492.37,VIP
163,Customer 163,customer163@email.com,Medan,2023-06-12,761,Veteran,7.0,2157.67,308.24,498.12,2024-01-18 02:00:00,2024-07-23 23:00:00,3.0,1346.43,VIP
164,Customer 164,customer164@email.com,Yogyakarta,2023-06-13,760,Veteran,4.0,1171.57,292.89,433.85,2024-05-16 20:00:00,2024-07-19 05:00:00,2.0,744.23,VIP
165,Customer 165,customer165@email.com,Surabaya,2023-06-14,759,Veteran,7.0,2561.95,365.99,494.78,2024-02-05 13:00:00,2024-07-18 21:00:00,3.0,1594.77,VIP
166,Customer 166,customer166@email.com,Jakarta,2023-06-15,758,Veteran,3.0,691.14,230.38,383.48,2024-02-16 06:00:00,2024-04-14 19:00:00,0.0,446.72,High Value
167,Customer 167,customer167@email.com,Bandung,2023-06-16,757,Veteran,5.0,1141.51,228.3,358.99,2024-01-03 15:00:00,2024-05-09 13:00:00,0.0,722.74,VIP
168,Customer 168,customer168@email.com,Bandung,2023-06-17,756,Veteran,6.0,1568.43,261.41,412.41,2024-01-30 14:00:00,2024-07-07 00:00:00,1.0,985.2,VIP
169,Customer 169,customer169@email.com,Bandung,2023-06-18,755,Veteran,1.0,403.11,403.11,403.11,2024-05-28 03:00:00,2024-05-28 03:00:00,1.0,285.18,Medium Value
170,Customer 170,customer170@email.com,Surabaya,2023-06-19,754,Veteran,5.0,1598.78,319.76,455.51,2024-02-05 05:00:00,2024-07-15 20:00:00,2.0,1006.24,VIP
171,Customer 171,customer171@email.com,Jakarta,2023-06-20,753,Veteran,2.0,370.65,185.32,339.14,2024-01-09 15:00:00,2024-03-25 03:00:00,0.0,246.92,Medium Value
172,Customer 172,customer172@email.com,Medan,2023-06-21,752,Veteran,7.0,1441.57,205.94,493.42,2024-01-20 09:00:00,2024-07-12 05:00:00,1.0,906.54,VIP
173,Customer 173,customer173@email.com,Jakarta,2023-06-22,751,Veteran,7.0,1098.24,156.89,300.49,2024-02-06 20:00:00,2024-06-28 11:00:00,0.0,695.63,VIP
174,Customer 174,customer174@email.com,Surabaya,2023-06-23,750,Veteran,3.0,625.63,208.54,479.92,2024-02-05 02:00:00,2024-07-07 21:00:00,1.0,405.23,High Value
175,Customer 175,customer175@email.com,Jakarta,2023-06-24,749,Veteran,2.0,624.1,312.05,327.67,2024-03-10 23:00:00,2024-04-27 07:00:00,0.0,411.66,High Value
176,Customer 176,customer176@email.com,Jakarta,2023-06-25,748,Veteran,3.0,809.36,269.79,371.03,2024-01-22 17:00:00,2024-06-24 07:00:00,0.0,521.6,High Value
177,Customer 177,customer177@email.com,Jakarta,2023-06-26,747,Veteran,4.0,617.58,154.39,373.4,2024-02-02 17:00:00,2024-06-15 04:00:00,0.0,397.99,High Value
178,Customer 178,customer178@email.com,Medan,2023-06-27,746,Veteran,5.0,1086.95,217.39,297.81,2024-02-10 05:00:00,2024-06-18 12:00:00,0.0,688.91,VIP
179,Customer 179,customer179@email.com,Yogyakarta,2023-06-28,745,Veteran,3.0,1043.76,347.92,437.7,2024-03-02 05:00:00,2024-07-02 20:00:00,1.0,670.05,VIP
180,Customer 180,customer180@email.com,Surabaya,2023-06-29,744,Veteran,3.0,856.37,285.46,482.53,2024-01-29 02:00:00,2024-05-14 13:00:00,1.0,551.37,High Value
181,Customer 181,customer181@email.com,Medan,2023-06-30,743,Veteran,1.0,139.5,139.5,139.5,2024-01-21 00:00:00,2024-01-21 00:00:00,0.0,100.65,Medium Value
182,Customer 182,customer182@email.com,Jakarta,2023-07-01,742,Veteran,6.0,1537.02,256.17,490.75,2024-02-06 11:00:00,2024-06-11 18:00:00,2.0,965.83,VIP
183,Customer 183,customer183@email.com,Bandung,2023-07-02,741,Veteran,8.0,2291.0,286.38,495.15,2024-02-17 17:00:00,2024-07-06 10:00:00,3.0,1427.24,VIP
184,Customer 184,customer184@email.com,Yogyakarta,2023-07-03,740,Veteran,5.0,1242.9,248.58,389.87,2024-01-13 18:00:00,2024-07-26 23:00:00,0.0,785.6,VIP
185,Customer 185,customer185@email.com,Medan,2023-07-04,739,Veteran,1.0,273.73,273.73,273.73,2024-04-26 00:00:00,2024-04-26 00:00:00,0.0,194.61,Medium Value
186,Customer 186,customer186@email.com,Bandung,2023-07-05,738,Veteran,3.0,831.49,277.16,372.85,2024-02-04 04:00:00,2024-06-02 02:00:00,0.0,535.61,High Value
187,Customer 187,customer187@email.com,Yogyakarta,2023-07-06,737,Veteran,3.0,1100.3,366.77,417.98,2024-01-14 12:00:00,2024-03-28 12:00:00,1.0,705.86,VIP
188,Customer 188,customer188@email.com,Yogyakarta,2023-07-07,736,Veteran,9.0,3550.87,394.54,498.46,2024-01-06 05:00:00,2024-07-26 18:00:00,5.0,2196.98,VIP
189,Customer 189,customer189@email.com,Surabaya,2023-07-08,735,Veteran,1.0,202.44,202.44,202.44,2024-01-27 06:00:00,2024-01-27 06:00:00,0.0,144.71,Medium Value
190,Customer 190,customer190@email.com,Medan,2023-07-09,734,Veteran,9.0,1842.49,204.72,488.88,2024-01-02 23:00:00,2024-07-05 05:00:00,2.0,1152.97,VIP
191,Customer 191,customer191@email.com,Medan,2023-07-10,733,Veteran,5.0,1537.49,307.5,484.58,2024-01-21 06:00:00,2024-06-25 23:00:00,2.0,968.24,VIP
192,Customer 192,customer192@email.com,Surabaya,2023-07-11,732,Veteran,6.0,1449.21,241.54,443.01,2024-01-02 04:00:00,2024-05-24 00:00:00,1.0,911.68,VIP
193,Customer 193,customer193@email.com,Yogyakarta,2023-07-12,731,Veteran,2.0,455.07,227.54,228.3,2024-04-27 09:00:00,2024-07-13 06:00:00,0.0,301.8,Medium Value
194,Customer 194,customer194@email.com,Yogyakarta,2023-07-13,730,Veteran,7.0,1712.52,244.65,484.97,2024-02-05 10:00:00,2024-07-25 04:00:00,2.0,1072.98,VIP
195,Customer 195,customer195@email.com,Yogyakarta,2023-07-14,729,Veteran,5.0,1259.35,251.87,467.65,2024-01-18 18:00:00,2024-07-12 03:00:00,2.0,795.8,VIP
196,Customer 196,customer196@email.com,Jakarta,2023-07-15,728,Veteran,8.0,1299.39,162.42,232.63,2024-01-25 04:00:00,2024-07-13 02:00:00,0.0,819.88,VIP
197,Customer 197,customer197@email.com,Medan,2023-07-16,727,Veteran,0.0,0.0,0.0,0.0,,,0.0,0.0,
198,Customer 198,customer198@email.com,Jakarta,2023-07-17,726,Veteran,5.0,518.24,103.65,235.21,2024-01-14 03:00:00,2024-06-15 09:00:00,0.0,336.31,High Value
199,Customer 199,customer199@email.com,Medan,2023-07-18,725,Veteran,2.0,388.3,194.15,344.76,2024-04-11 01:00:00,2024-06-13 04:00:00,0.0,258.4,Medium Value
200,Customer 200,customer200@email.com,Yogyakarta,2023-07-19,724,Veteran,3.0,848.06,282.69,468.72,2024-03-22 19:00:00,2024-05-25 17:00:00,1.0,546.1,High Value
201,Customer 201,customer201@email.com,Medan,2023-07-20,723,Veteran,9.0,1375.19,152.8,349.87,2024-01-07 11:00:00,2024-07-24 23:00:00,0.0,867.39,VIP
202,Customer 202,customer202@email.com,Surabaya,2023-07-21,722,Veteran,6.0,1380.49,230.08,316.87,2024-01-05 06:00:00,2024-07-13 11:00:00,0.0,869.3,VIP
203,Customer 203,customer203@email.com,Yogyakarta,2023-07-22,721,Veteran,5.0,1446.9,289.38,441.68,2024-01-13 17:00:00,2024-06-29 15:00:00,2.0,912.08,VIP
204,Customer 204,customer204@email.com,Medan,2023-07-23,720,Veteran,4.0,835.45,208.86,437.06,2024-01-28 07:00:00,2024-07-23 13:00:00,1.0,534.16,High Value
205,Customer 205,customer205@email.com,Bandung,2023-07-24,719,Veteran,2.0,546.28,273.14,474.11,2024-02-17 07:00:00,2024-06-11 22:00:00,1.0,361.08,High Value
206,Customer 206,customer206@email.com,Yogyakarta,2023-07-25,718,Veteran,4.0,325.39,81.35,220.87,2024-01-04 12:00:00,2024-05-16 09:00:00,0.0,215.37,Medium Value
207,Customer 207,customer207@email.com,Yogyakarta,2023-07-26,717,Veteran,4.0,884.92,221.23,273.8,2024-01-08 19:00:00,2024-06-26 15:00:00,0.0,565.08,High Value
208,Customer 208,customer208@email.com,Bandung,2023-07-27,716,Veteran,4.0,1344.35,336.09,488.87,2024-01-16 20:00:00,2024-05-12 00:00:00,2.0,852.22,VIP
209,Customer 209,customer209@email.com,Medan,2023-07-28,715,Veteran,3.0,511.51,170.5,415.17,2024-03-16 03:00:00,2024-06-03 15:00:00,1.0,332.96,High Value
210,Customer 210,customer210@email.com,Bandung,2023-07-29,714,Veteran,6.0,1988.53,331.42,467.46,2024-03-05 11:00:00,2024-07-09 15:00:00,3.0,1244.26,VIP
211,Customer 211,customer211@email.com,Jakarta,2023-07-30,713,Veteran,4.0,1620.54,405.14,469.84,2024-05-26 15:00:00,2024-06-22 18:00:00,2.0,1024.84,VIP
212,Customer 212,customer212@email.com,Bandung,2023-07-31,712,Veteran,1.0,118.41,118.41,118.41,2024-02-22 12:00:00,2024-02-22 12:00:00,0.0,85.89,Medium Value
213,Customer 213,customer213@email.com,Medan,2023-08-01,711,Veteran,6.0,1845.32,307.55,480.58,2024-02-08 10:00:00,2024-07-10 22:00:00,1.0,1155.95,VIP
214,Customer 214,customer214@email.com,Jakarta,2023-08-02,710,Veteran,5.0,1090.39,218.08,405.48,2024-02-19 18:00:00,2024-07-18 16:00:00,1.0,691.04,VIP
215,Customer 215,customer215@email.com,Yogyakarta,2023-08-03,709,Veteran,4.0,1135.22,283.8,414.45,2024-01-01 11:00:00,2024-07-27 07:00:00,2.0,721.51,VIP
216,Customer 216,customer216@email.com,Surabaya,2023-08-04,708,Veteran,8.0,1304.43,163.05,292.79,2024-02-20 21:00:00,2024-07-21 00:00:00,0.0,822.96,VIP
217,Customer 217,customer217@email.com,Surabaya,2023-08-05,707,Veteran,7.0,2405.49,343.64,445.67,2024-01-06 03:00:00,2024-05-28 04:00:00,2.0,1498.66,VIP
218,Customer 218,customer218@email.com,Bandung,2023-08-06,706,Veteran,7.0,1796.47,256.64,479.41,2024-01-08 12:00:00,2024-06-23 16:00:00,2.0,1124.55,VIP
219,Customer 219,customer219@email.com,Bandung,2023-08-07,705,Veteran,1.0,88.1,88.1,88.1,2024-06-26 21:00:00,2024-06-26 21:00:00,0.0,64.67,Low Value
220,Customer 220,customer220@email.com,Bandung,2023-08-08,704,Veteran,10.0,2328.58,232.86,486.56,2024-01-12 22:00:00,2024-06-20 07:00:00,1.0,1450.43,VIP
221,Customer 221,customer221@email.com,Surabaya,2023-08-09,703,Veteran,3.0,472.03,157.34,242.47,2024-05-01 21:00:00,2024-06-05 12:00:00,0.0,307.95,Medium Value
222,Customer 222,customer222@email.com,Medan,2023-08-10,702,Veteran,4.0,586.69,146.67,246.7,2024-03-11 05:00:00,2024-06-29 20:00:00,0.0,378.68,High Value
223,Customer 223,customer223@email.com,Yogyakarta,2023-08-11,701,Veteran,9.0,1821.33,202.37,445.18,2024-01-29 03:00:00,2024-07-11 02:00:00,1.0,1140.04,VIP
224,Customer 224,customer224@email.com,Surabaya,2023-08-12,700,Veteran,5.0,1132.44,226.49,439.19,2024-02-11 23:00:00,2024-06-02 13:00:00,1.0,717.11,VIP
225,Customer 225,customer225@email.com,Surabaya,2023-08-13,699,Veteran,6.0,1728.2,288.03,434.72,2024-01-10 21:00:00,2024-04-14 07:00:00,1.0,1083.72,VIP
226,Customer 226,customer226@email.com,Yogyakarta,2023-08-14,698,Veteran,8.0,1783.32,222.92,390.0,2024-01-19 15:00:00,2024-06-23 06:00:00,0.0,1116.28,VIP
227,Customer 227,customer227@email.com,Yogyakarta,2023-08-15,697,Veteran,9.0,2259.12,251.01,432.87,2024-01-17 13:00:00,2024-06-26 01:00:00,2.0,1407.57,VIP
228,Customer 228,customer228@email.com,Surabaya,2023-08-16,696,Veteran,5.0,1142.38,228.48,467.54,2024-02-22 21:00:00,2024-07-20 19:00:00,1.0,723.28,VIP
229,Customer 229,customer229@email.com,Surabaya,2023-08-17,695,Veteran,8.0,2707.63,338.45,459.05,2024-02-08 13:00:00,2024-06-01 22:00:00,4.0,1682.42,VIP
230,Customer 230,customer230@email.com,Yogyakarta,2023-08-18,694,Veteran,3.0,205.36,68.45,140.19,2024-01-19 08:00:00,2024-05-10 16:00:00,0.0,139.06,Medium Value
231,Customer 231,customer231@email.com,Yogyakarta,2023-08-19,693,Veteran,8.0,2214.97,276.87,450.29,2024-01-07 07:00:00,2024-06-02 23:00:00,3.0,1380.67,VIP
232,Customer 232,customer232@email.com,Medan,2023-08-20,692,Veteran,3.0,807.87,269.29,300.85,2024-05-24 15:00:00,2024-07-02 13:00:00,0.0,520.65,High Value
233,Customer 233,customer233@email.com,Surabaya,2023-08-21,691,Veteran,10.0,2226.98,222.7,498.65,2024-01-12 01:00:00,2024-07-05 22:00:00,2.0,1388.46,VIP
234,Customer 234,customer234@email.com,Surabaya,2023-08-22,690,Veteran,3.0,1062.33,354.11,425.54,2024-01-11 16:00:00,2024-07-15 06:00:00,1.0,681.81,VIP
235,Customer 235,customer235@email.com,Bandung,2023-08-23,689,Veteran,4.0,765.18,191.3,287.35,2024-02-04 13:00:00,2024-07-10 15:00:00,0.0,490.24,High Value
236,Customer 236,customer236@email.com,Jakarta,2023-08-24,688,Veteran,4.0,1088.65,272.16,382.68,2024-02-14 19:00:00,2024-05-31 02:00:00,0.0,692.41,VIP
237,Customer 237,customer237@email.com,Surabaya,2023-08-25,687,Veteran,4.0,1255.33,313.83,421.18,2024-01-27 02:00:00,2024-05-12 16:00:00,1.0,796.58,VIP
238,Customer 238,customer238@email.com,Medan,2023-08-26,686,Veteran,3.0,917.11,305.7,393.55,2024-05-17 03:00:00,2024-06-19 11:00:00,0.0,589.84,High Value
239,Customer 239,customer239@email.com,Jakarta,2023-08-27,685,Veteran,5.0,1192.07,238.41,334.53,2024-02-12 00:00:00,2024-05-15 07:00:00,0.0,754.08,VIP
240,Customer 240,customer240@email.com,Surabaya,2023-08-28,684,Veteran,1.0,462.38,462.38,462.38,2024-07-07 10:00:00,2024-07-07 10:00:00,1.0,326.67,Medium Value
241,Customer 241,customer241@email.com,Bandung,2023-08-29,683,Veteran,2.0,757.01,378.5,487.48,2024-01-09 05:00:00,2024-05-05 00:00:00,1.0,498.06,High Value
242,Customer 242,customer242@email.com,Bandung,2023-08-30,682,Veteran,8.0,2454.76,306.85,480.77,2024-01-03 21:00:00,2024-05-24 12:00:00,4.0,1527.54,VIP
243,Customer 243,customer243@email.com,Yogyakarta,2023-08-31,681,Veteran,5.0,1215.95,243.19,398.64,2024-01-09 22:00:00,2024-06-16 13:00:00,0.0,768.89,VIP
244,Customer 244,customer244@email.com,Medan,2023-09-01,680,Veteran,4.0,1153.93,288.48,455.87,2024-01-03 06:00:00,2024-05-15 04:00:00,2.0,733.21,VIP
245,Customer 245,customer245@email.com,Medan,2023-09-02,679,Veteran,2.0,439.9,219.95,276.99,2024-03-26 22:00:00,2024-07-15 13:00:00,0.0,291.94,Medium Value
246,Customer 246,customer246@email.com,Medan,2023-09-03,678,Veteran,4.0,626.82,156.71,397.74,2024-01-22 16:00:00,2024-07-19 17:00:00,0.0,403.76,High Value
247,Customer 247,customer247@email.com,Yogyakarta,2023-09-04,677,Veteran,3.0,958.33,319.44,473.76,2024-01-13 14:00:00,2024-06-21 19:00:00,2.0,615.94,High Value
248,Customer 248,customer248@email.com,Yogyakarta,2023-09-05,676,Veteran,2.0,620.9,310.45,470.97,2024-05-13 01:00:00,2024-06-25 02:00:00,1.0,409.58,High Value
249,Customer 249,customer249@email.com,Surabaya,2023-09-06,675,Veteran,2.0,471.46,235.73,402.71,2024-02-16 05:00:00,2024-02-19 15:00:00,1.0,312.45,Medium Value
250,Customer 250,customer250@email.com,Bandung,2023-09-07,674,Veteran,5.0,1380.3,276.06,488.54,2024-02-14 09:00:00,2024-07-07 16:00:00,2.0,870.79,VIP
251,Customer 251,customer251@email.com,Bandung,2023-09-08,673,Veteran,7.0,2167.89,309.7,479.85,2024-02-11 15:00:00,2024-06-26 20:00:00,2.0,1352.7,VIP
252,Customer 252,customer252@email.com,Jakarta,2023-09-09,672,Veteran,2.0,884.67,442.34,465.28,2024-01-05 16:00:00,2024-02-06 06:00:00,2.0,581.04,High Value
253,Customer 253,customer253@email.com,Yogyakarta,2023-09-10,671,Veteran,8.0,1649.32,206.16,358.11,2024-01-02 11:00:00,2024-05-19 07:00:00,0.0,1034.21,VIP
254,Customer 254,customer254@email.com,Surabaya,2023-09-11,670,Veteran,9.0,2116.9,235.21,496.06,2024-01-16 10:00:00,2024-06-17 23:00:00,2.0,1320.66,VIP
255,Customer 255,customer255@email.com,Jakarta,2023-09-12,669,Veteran,1.0,287.29,287.29,287.29,2024-06-30 10:00:00,2024-06-30 10:00:00,0.0,204.1,Medium Value
256,Customer 256,customer256@email.com,Yogyakarta,2023-09-13,668,Veteran,4.0,722.28,180.57,319.41,2024-01-21 12:00:00,2024-05-31 05:00:00,0.0,463.42,High Value
257,Customer 257,customer257@email.com,Yogyakarta,2023-09-14,667,Veteran,4.0,814.62,203.66,332.74,2024-02-20 05:00:00,2024-07-25 01:00:00,0.0,521.14,High Value
258,Customer 258,customer258@email.com,Yogyakarta,2023-09-15,666,Veteran,3.0,941.99,314.0,478.27,2024-01-29 16:00:00,2024-07-10 10:00:00,1.0,605.59,High Value
259,Customer 259,customer259@email.com,Jakarta,2023-09-16,665,Veteran,6.0,898.25,149.71,388.1,2024-01-11 06:00:00,2024-06-20 00:00:00,0.0,571.92,High Value
260,Customer 260,customer260@email.com,Bandung,2023-09-17,664,Veteran,6.0,1131.21,188.54,317.97,2024-05-20 03:00:00,2024-07-25 13:00:00,0.0,715.58,VIP
261,Customer 261,customer261@email.com,Medan,2023-09-18,663,Veteran,8.0,2155.18,269.4,442.0,2024-02-27 05:00:00,2024-06-09 23:00:00,2.0,1344.05,VIP
262,Customer 262,customer262@email.com,Medan,2023-09-19,662,Veteran,5.0,789.53,157.91,404.89,2024-04-02 23:00:00,2024-07-15 09:00:00,1.0,504.51,High Value
263,Customer 263,customer263@email.com,Surabaya,2023-09-20,661,Veteran,4.0,1296.52,324.13,430.71,2024-01-16 00:00:00,2024-05-19 22:00:00,1.0,822.32,VIP
264,Customer 264,customer264@email.com,Bandung,2023-09-21,660,Veteran,6.0,1358.89,226.48,485.34,2024-01-24 22:00:00,2024-07-24 02:00:00,1.0,855.98,VIP
265,Customer 265,customer265@email.com,Bandung,2023-09-22,659,Veteran,4.0,501.77,125.44,257.85,2024-02-03 00:00:00,2024-07-25 08:00:00,0.0,325.61,High Value
266,Customer 266,customer266@email.com,Jakarta,2023-09-23,658,Veteran,3.0,911.08,303.69,407.85,2024-03-27 06:00:00,2024-07-09 13:00:00,1.0,586.02,High Value
267,Customer 267,customer267@email.com,Surabaya,2023-09-24,657,Veteran,3.0,764.27,254.76,497.22,2024-03-31 14:00:00,2024-07-19 12:00:00,1.0,493.04,High Value
268,Customer 268,customer268@email.com,Yogyakarta,2023-09-25,656,Veteran,11.0,3242.46,294.77,478.79,2024-01-12 08:00:00,2024-07-10 13:00:00,4.0,2007.95,VIP
269,Customer 269,customer269@email.com,Jakarta,2023-09-26,655,Veteran,2.0,354.86,177.43,334.12,2024-01-25 16:00:00,2024-06-21 11:00:00,0.0,236.66,Medium Value
270,Customer 270,customer270@email.com,Medan,2023-09-27,654,Veteran,6.0,1833.11,305.52,494.18,2024-01-05 09:00:00,2024-06-27 20:00:00,3.0,1148.42,VIP
271,Customer 271,customer271@email.com,Surabaya,2023-09-28,653,Veteran,4.0,697.62,174.4,481.16,2024-01-01 03:00:00,2024-04-10 09:00:00,1.0,448.01,High Value
272,Customer 272,customer272@email.com,Bandung,2023-09-29,652,Veteran,3.0,552.23,184.08,414.69,2024-01-27 05:00:00,2024-06-24 21:00:00,1.0,358.75,High Value
273,Customer 273,customer273@email.com,Jakarta,2023-09-30,651,Veteran,8.0,1956.93,244.62,492.62,2024-02-02 07:00:00,2024-07-18 11:00:00,1.0,1222.62,VIP
274,Customer 274,customer274@email.com,Yogyakarta,2023-10-01,650,Veteran,4.0,1047.44,261.86,430.04,2024-01-03 16:00:00,2024-04-12 16:00:00,1.0,666.65,VIP
275,Customer 275,customer275@email.com,Medan,2023-10-02,649,Veteran,2.0,683.76,341.88,369.96,2024-03-21 17:00:00,2024-06-28 07:00:00,0.0,450.44,High Value
276,Customer 276,customer276@email.com,Jakarta,2023-10-03,648,Veteran,3.0,542.61,180.87,339.77,2024-04-23 09:00:00,2024-07-01 05:00:00,0.0,352.65,High Value
277,Customer 277,customer277@email.com,Surabaya,2023-10-04,647,Veteran,11.0,2849.22,259.02,499.61,2024-01-02 06:00:00,2024-07-23 11:00:00,1.0,1768.43,VIP
278,Customer 278,customer278@email.com,Yogyakarta,2023-10-05,646,Veteran,4.0,1157.42,289.36,356.54,2024-03-16 13:00:00,2024-07-16 15:00:00,0.0,735.39,VIP
279,Customer 279,customer279@email.com,Yogyakarta,2023-10-06,645,Veteran,5.0,1424.92,284.98,456.0,2024-02-02 02:00:00,2024-07-11 04:00:00,1.0,898.45,VIP
280,Customer 280,customer280@email.com,Bandung,2023-10-07,644,Veteran,5.0,1176.12,235.22,376.29,2024-01-13 23:00:00,2024-07-18 01:00:00,0.0,744.19,VIP
281,Customer 281,customer281@email.com,Bandung,2023-10-08,643,Veteran,4.0,1330.79,332.7,465.03,2024-02-18 04:00:00,2024-06-27 17:00:00,2.0,843.74,VIP
282,Customer 282,customer282@email.com,Bandung,2023-10-09,642,Veteran,3.0,976.31,325.44,469.86,2024-02-12 04:00:00,2024-04-24 22:00:00,2.0,627.33,High Value
283,Customer 283,customer283@email.com,Surabaya,2023-10-10,641,Veteran,6.0,1053.35,175.56,361.98,2024-01-11 00:00:00,2024-07-04 04:00:00,0.0,667.57,VIP
284,Customer 284,customer284@email.com,Surabaya,2023-10-11,640,Veteran,5.0,1162.55,232.51,429.4,2024-01-19 19:00:00,2024-07-19 01:00:00,1.0,735.78,VIP
285,Customer 285,customer285@email.com,Medan,2023-10-12,639,Veteran,7.0,1149.85,164.26,442.45,2024-01-27 22:00:00,2024-04-08 04:00:00,1.0,727.34,VIP
286,Customer 286,customer286@email.com,Bandung,2023-10-13,638,Veteran,4.0,1088.04,272.01,405.29,2024-03-10 15:00:00,2024-07-23 19:00:00,1.0,692.02,VIP
287,Customer 287,customer287@email.com,Jakarta,2023-10-14,637,Veteran,6.0,1555.01,259.17,457.77,2024-03-17 23:00:00,2024-07-22 21:00:00,1.0,976.92,VIP
288,Customer 288,customer288@email.com,Bandung,2023-10-15,636,Veteran,8.0,1640.24,205.03,415.93,2024-01-22 01:00:00,2024-05-29 23:00:00,1.0,1028.65,VIP
289,Customer 289,customer289@email.com,Jakarta,2023-10-16,635,Veteran,10.0,2619.1,261.91,446.06,2024-01-07 03:00:00,2024-06-24 18:00:00,3.0,1627.65,VIP
290,Customer 290,customer290@email.com,Surabaya,2023-10-17,634,Veteran,3.0,532.52,177.51,255.15,2024-07-12 21:00:00,2024-07-27 03:00:00,0.0,346.26,High Value
291,Customer 291,customer291@email.com,Jakarta,2023-10-18,633,Veteran,4.0,421.37,105.34,316.77,2024-02-29 08:00:00,2024-07-04 17:00:00,0.0,275.36,Medium Value
292,Customer 292,customer292@email.com,Bandung,2023-10-19,632,Veteran,3.0,1158.16,386.05,465.14,2024-03-04 12:00:00,2024-07-24 11:00:00,2.0,742.5,VIP
293,Customer 293,customer293@email.com,Yogyakarta,2023-10-20,631,Veteran,5.0,1052.08,210.42,419.86,2024-03-27 23:00:00,2024-05-06 17:00:00,1.0,667.29,VIP
294,Customer 294,customer294@email.com,Surabaya,2023-10-21,630,Veteran,4.0,837.33,209.33,337.89,2024-01-13 22:00:00,2024-07-11 07:00:00,0.0,535.33,High Value
295,Customer 295,customer295@email.com,Medan,2023-10-22,629,Veteran,5.0,1149.7,229.94,448.11,2024-03-01 01:00:00,2024-07-27 04:00:00,1.0,727.81,VIP
296,Customer 296,customer296@email.com,Yogyakarta,2023-10-23,628,Veteran,7.0,2333.01,333.29,417.86,2024-01-05 18:00:00,2024-07-10 09:00:00,2.0,1454.14,VIP
297,Customer 297,customer297@email.com,Jakarta,2023-10-24,627,Veteran,2.0,231.44,115.72,177.94,2024-03-06 11:00:00,2024-06-19 01:00:00,0.0,156.44,Medium Value
298,Customer 298,customer298@email.com,Yogyakarta,2023-10-25,626,Veteran,3.0,1254.22,418.07,492.58,2024-01-15 22:00:00,2024-05-05 03:00:00,2.0,803.34,VIP
299,Customer 299,customer299@email.com,Medan,2023-10-26,625,Veteran,0.0,0.0,0.0,0.0,,,0.0,0.0,
300,Customer 300,customer300@email.com,Bandung,2023-10-27,624,Veteran,3.0,1071.05,357.02,489.39,2024-02-26 00:00:00,2024-07-17 17:00:00,1.0,687.33,VIP
301,Customer 301,customer301@email.com,Medan,2023-10-28,623,Veteran,7.0,1700.09,242.87,385.51,2024-02-06 02:00:00,2024-07-07 12:00:00,0.0,1065.34,VIP
302,Customer 302,customer302@email.com,Surabaya,2023-10-29,622,Veteran,10.0,3075.87,307.59,487.87,2024-01-20 23:00:00,2024-07-05 03:00:00,3.0,1906.28,VIP
303,Customer 303,customer303@email.com,Yogyakarta,2023-10-30,621,Veteran,8.0,2179.97,272.5,481.09,2024-02-15 04:00:00,2024-07-23 22:00:00,2.0,1359.23,VIP
304,Customer 304,customer304@email.com,Surabaya,2023-10-31,620,Veteran,5.0,1398.0,279.6,476.59,2024-01-16 09:00:00,2024-07-20 11:00:00,2.0,881.76,VIP
305,Customer 305,customer305@email.com,Yogyakarta,2023-11-01,619,Veteran,8.0,1457.45,182.18,385.6,2024-01-24 13:00:00,2024-07-16 20:00:00,0.0,916.69,VIP
306,Customer 306,customer306@email.com,Bandung,2023-11-02,618,Veteran,4.0,802.7,200.68,497.76,2024-02-14 15:00:00,2024-04-25 22:00:00,1.0,513.69,High Value
307,Customer 307,customer307@email.com,Bandung,2023-11-03,617,Veteran,3.0,950.63,316.88,399.13,2024-04-17 20:00:00,2024-06-24 00:00:00,0.0,611.07,High Value
308,Customer 308,customer308@email.com,Yogyakarta,2023-11-04,616,Veteran,3.0,912.08,304.03,388.35,2024-02-16 04:00:00,2024-05-22 23:00:00,0.0,586.65,High Value
309,Customer 309,customer309@email.com,Jakarta,2023-11-05,615,Veteran,4.0,1430.29,357.57,413.04,2024-01-01 21:00:00,2024-04-17 17:00:00,1.0,905.93,VIP
310,Customer 310,customer310@email.com,Yogyakarta,2023-11-06,614,Veteran,3.0,1037.13,345.71,462.1,2024-03-19 15:00:00,2024-04-13 20:00:00,1.0,665.85,VIP
311,Customer 311,customer311@email.com,Surabaya,2023-11-07,613,Veteran,5.0,1284.53,256.91,483.81,2024-03-26 02:00:00,2024-07-10 17:00:00,1.0,811.41,VIP
312,Customer 312,customer312@email.com,Jakarta,2023-11-08,612,Veteran,4.0,1144.08,286.02,419.83,2024-02-21 03:00:00,2024-05-04 23:00:00,1.0,727.05,VIP
313,Customer 313,customer313@email.com,Bandung,2023-11-09,611,Veteran,6.0,1102.53,183.76,366.31,2024-03-07 15:00:00,2024-06-26 02:00:00,0.0,697.89,VIP
314,Customer 314,customer314@email.com,Surabaya,2023-11-10,610,Veteran,7.0,2148.99,307.0,484.53,2024-01-02 09:00:00,2024-06-24 03:00:00,2.0,1341.09,VIP
315,Customer 315,customer315@email.com,Yogyakarta,2023-11-11,609,Veteran,1.0,207.57,207.57,207.57,2024-02-23 17:00:00,2024-02-23 17:00:00,0.0,148.3,Medium Value
316,Customer 316,customer316@email.com,Surabaya,2023-11-12,608,Veteran,4.0,1143.58,285.9,493.23,2024-01-03 19:00:00,2024-05-15 02:00:00,2.0,726.74,VIP
317,Customer 317,customer317@email.com,Surabaya,2023-11-13,607,Veteran,1.0,138.58,138.58,138.58,2024-04-15 08:00:00,2024-04-15 08:00:00,0.0,100.01,Medium Value
318,Customer 318,customer318@email.com,Surabaya,2023-11-14,606,Veteran,10.0,2506.48,250.65,456.56,2024-01-11 12:00:00,2024-07-05 17:00:00,4.0,1558.95,VIP
319,Customer 319,customer319@email.com,Bandung,2023-11-15,605,Veteran,3.0,1320.59,440.2,490.2,2024-02-27 15:00:00,2024-06-06 10:00:00,2.0,845.37,VIP
320,Customer 320,customer320@email.com,Bandung,2023-11-16,604,Veteran,8.0,1632.44,204.06,404.77,2024-02-23 13:00:00,2024-07-23 09:00:00,1.0,1023.87,VIP
321,Customer 321,customer321@email.com,Medan,2023-11-17,603,Veteran,3.0,1156.57,385.52,438.62,2024-01-23 11:00:00,2024-05-13 03:00:00,2.0,741.49,VIP
322,Customer 322,customer322@email.com,Surabaya,2023-11-18,602,Veteran,2.0,372.76,186.38,270.33,2024-02-25 02:00:00,2024-07-26 19:00:00,0.0,248.29,Medium Value
323,Customer 323,customer323@email.com,Jakarta,2023-11-19,601,Veteran,5.0,1724.45,344.89,499.46,2024-01-21 13:00:00,2024-07-22 14:00:00,2.0,1084.16,VIP
324,Customer 324,customer324@email.com,Surabaya,2023-11-20,600,Veteran,8.0,1802.04,225.26,426.06,2024-03-04 03:00:00,2024-07-08 08:00:00,1.0,1127.75,VIP
325,Customer 325,customer325@email.com,Surabaya,2023-11-21,599,Veteran,3.0,902.56,300.85,428.16,2024-01-29 10:00:00,2024-07-14 01:00:00,2.0,580.62,High Value
326,Customer 326,customer326@email.com,Medan,2023-11-22,598,Veteran,4.0,569.09,142.27,237.35,2024-01-14 13:00:00,2024-05-02 12:00:00,0.0,367.68,High Value
327,Customer 327,customer327@email.com,Bandung,2023-11-23,597,Veteran,5.0,927.22,185.44,406.86,2024-02-06 00:00:00,2024-07-24 06:00:00,1.0,589.88,High Value
328,Customer 328,customer328@email.com,Bandung,2023-11-24,596,Veteran,3.0,1068.34,356.11,403.48,2024-03-12 16:00:00,2024-05-01 15:00:00,1.0,685.61,VIP
329,Customer 329,customer329@email.com,Yogyakarta,2023-11-25,595,Veteran,5.0,765.44,153.09,276.96,2024-02-27 17:00:00,2024-07-22 01:00:00,0.0,489.57,High Value
330,Customer 330,customer330@email.com,Yogyakarta,2023-11-26,594,Veteran,5.0,1480.67,296.13,491.54,2024-02-09 12:00:00,2024-03-29 18:00:00,1.0,933.02,VIP
331,Customer 331,customer331@email.com,Surabaya,2023-11-27,593,Veteran,3.0,675.58,225.19,445.44,2024-01-01 12:00:00,2024-04-30 02:00:00,1.0,436.87,High Value
332,Customer 332,customer332@email.com,Medan,2023-11-28,592,Veteran,5.0,1799.77,359.95,477.31,2024-04-01 01:00:00,2024-07-08 22:00:00,3.0,1130.86,VIP
333,Customer 333,customer333@email.com,Jakarta,2023-11-29,591,Veteran,1.0,291.25,291.25,291.25,2024-07-06 19:00:00,2024-07-06 19:00:00,0.0,206.88,Medium Value
334,Customer 334,customer334@email.com,Surabaya,2023-11-30,590,Veteran,5.0,1341.58,268.32,487.16,2024-02-28 09:00:00,2024-06-29 19:00:00,2.0,846.78,VIP
335,Customer 335,customer335@email.com,Jakarta,2023-12-01,589,Veteran,5.0,1689.33,337.87,474.37,2024-02-15 23:00:00,2024-04-20 01:00:00,1.0,1062.38,VIP
336,Customer 336,customer336@email.com,Bandung,2023-12-02,588,Veteran,6.0,390.72,65.12,103.16,2024-01-29 14:00:00,2024-06-05 17:00:00,0.0,258.94,Medium Value
337,Customer 337,customer337@email.com,Yogyakarta,2023-12-03,587,Veteran,3.0,637.78,212.59,452.18,2024-02-20 02:00:00,2024-07-22 06:00:00,1.0,412.93,High Value
338,Customer 338,customer338@email.com,Jakarta,2023-12-04,586,Veteran,6.0,2092.37,348.73,436.31,2024-01-05 22:00:00,2024-06-24 02:00:00,2.0,1308.29,VIP
339,Customer 339,customer339@email.com,Surabaya,2023-12-05,585,Veteran,2.0,866.61,433.3,446.42,2024-02-05 15:00:00,2024-03-22 09:00:00,2.0,569.3,High Value
340,Customer 340,customer340@email.com,Yogyakarta,2023-12-06,584,Veteran,3.0,445.97,148.66,325.63,2024-01-04 02:00:00,2024-03-27 10:00:00,0.0,291.45,Medium Value
341,Customer 341,customer341@email.com,Medan,2023-12-07,583,Veteran,5.0,1208.06,241.61,399.07,2024-01-28 12:00:00,2024-07-17 13:00:00,0.0,764.0,VIP
342,Customer 342,customer342@email.com,Yogyakarta,2023-12-08,582,Veteran,8.0,2254.8,281.85,473.4,2024-01-24 12:00:00,2024-06-11 07:00:00,2.0,1405.06,VIP
343,Customer 343,customer343@email.com,Bandung,2023-12-09,581,Veteran,4.0,968.8,242.2,478.43,2024-05-02 11:00:00,2024-07-17 03:00:00,1.0,617.5,High Value
344,Customer 344,customer344@email.com,Jakarta,2023-12-10,580,Veteran,9.0,2073.1,230.34,405.51,2024-01-01 23:00:00,2024-07-14 18:00:00,1.0,1293.89,VIP
345,Customer 345,customer345@email.com,Jakarta,2023-12-11,579,Veteran,5.0,1484.74,296.95,460.82,2024-04-03 13:00:00,2024-05-31 09:00:00,1.0,935.54,VIP
346,Customer 346,customer346@email.com,Medan,2023-12-12,578,Veteran,7.0,1725.45,246.49,448.83,2024-01-03 23:00:00,2024-03-06 19:00:00,2.0,1080.92,VIP
347,Customer 347,customer347@email.com,Bandung,2023-12-13,577,Veteran,2.0,531.94,265.97,456.67,2024-03-08 07:00:00,2024-07-03 12:00:00,1.0,351.76,High Value
348,Customer 348,customer348@email.com,Jakarta,2023-12-14,576,Veteran,6.0,1723.33,287.22,484.2,2024-01-10 17:00:00,2024-07-03 00:00:00,2.0,1080.72,VIP
349,Customer 349,customer349@email.com,Medan,2023-12-15,575,Veteran,9.0,2173.65,241.52,465.9,2024-01-14 15:00:00,2024-07-23 02:00:00,1.0,1355.34,VIP
350,Customer 350,customer350@email.com,Medan,2023-12-16,574,Veteran,8.0,2013.15,251.64,427.75,2024-01-25 09:00:00,2024-07-10 08:00:00,1.0,1257.05,VIP
351,Customer 351,customer351@email.com,Bandung,2023-12-17,573,Veteran,2.0,240.19,120.1,177.07,2024-05-04 15:00:00,2024-05-28 21:00:00,0.0,162.12,Medium Value
352,Customer 352,customer352@email.com,Bandung,2023-12-18,572,Veteran,3.0,726.36,242.12,492.48,2024-04-18 04:00:00,2024-05-27 01:00:00,1.0,469.03,High Value
353,Customer 353,customer353@email.com,Bandung,2023-12-19,571,Veteran,6.0,1434.54,239.09,457.48,2024-04-03 05:00:00,2024-06-22 01:00:00,2.0,902.63,VIP
354,Customer 354,customer354@email.com,Bandung,2023-12-20,570,Veteran,5.0,877.29,175.46,399.83,2024-01-23 21:00:00,2024-07-17 07:00:00,0.0,558.92,High Value
355,Customer 355,customer355@email.com,Jakarta,2023-12-21,569,Veteran,1.0,68.44,68.44,68.44,2024-07-25 18:00:00,2024-07-25 18:00:00,0.0,50.91,Low Value
356,Customer 356,customer356@email.com,Bandung,2023-12-22,568,Veteran,6.0,1363.01,227.17,411.62,2024-03-05 19:00:00,2024-06-10 00:00:00,1.0,858.52,VIP
357,Customer 357,customer357@email.com,Medan,2023-12-23,567,Veteran,3.0,246.4,82.13,124.76,2024-01-28 18:00:00,2024-07-10 21:00:00,0.0,165.05,Medium Value
358,Customer 358,customer358@email.com,Jakarta,2023-12-24,566,Veteran,5.0,907.68,181.54,318.99,2024-02-09 16:00:00,2024-07-26 17:00:00,0.0,577.76,High Value
359,Customer 359,customer359@email.com,Medan,2023-12-25,565,Veteran,6.0,1707.22,284.54,472.58,2024-01-11 07:00:00,2024-07-17 19:00:00,2.0,1070.79,VIP
360,Customer 360,customer360@email.com,Bandung,2023-12-26,564,Veteran,6.0,1709.66,284.94,468.39,2024-02-18 01:00:00,2024-07-12 10:00:00,1.0,1072.29,VIP
361,Customer 361,customer361@email.com,Jakarta,2023-12-27,563,Veteran,6.0,868.34,144.72,314.54,2024-02-07 07:00:00,2024-07-03 14:00:00,0.0,553.48,High Value
362,Customer 362,customer362@email.com,Surabaya,2023-12-28,562,Veteran,3.0,560.18,186.73,276.62,2024-05-05 15:00:00,2024-07-04 08:00:00,0.0,363.78,High Value
363,Customer 363,customer363@email.com,Jakarta,2023-12-29,561,Veteran,7.0,1897.82,271.12,491.95,2024-02-21 10:00:00,2024-07-15 03:00:00,2.0,1186.8,VIP
364,Customer 364,customer364@email.com,Yogyakarta,2023-12-30,560,Veteran,8.0,2215.51,276.94,465.41,2024-03-15 14:00:00,2024-07-11 23:00:00,3.0,1381.0,VIP
365,Customer 365,customer365@email.com,Medan,2023-12-31,559,Veteran,8.0,1827.78,228.47,316.46,2024-01-19 09:00:00,2024-07-21 21:00:00,0.0,1143.51,VIP
366,Customer 366,customer366@email.com,Surabaya,2024-01-01,558,Veteran,4.0,1041.29,260.32,485.21,2024-03-29 17:00:00,2024-06-20 19:00:00,1.0,662.81,VIP
367,Customer 367,customer367@email.com,Yogyakarta,2024-01-02,557,Veteran,4.0,1110.66,277.67,481.41,2024-01-04 04:00:00,2024-06-01 19:00:00,1.0,706.16,VIP
368,Customer 368,customer368@email.com,Yogyakarta,2024-01-03,556,Veteran,1.0,97.47,97.47,97.47,2024-05-27 08:00:00,2024-05-27 08:00:00,0.0,71.23,Low Value
369,Customer 369,customer369@email.com,Medan,2024-01-04,555,Veteran,4.0,1351.98,338.0,455.03,2024-02-01 23:00:00,2024-07-16 05:00:00,2.0,856.99,VIP
370,Customer 370,customer370@email.com,Surabaya,2024-01-05,554,Veteran,4.0,800.95,200.24,385.63,2024-01-25 17:00:00,2024-07-24 01:00:00,0.0,512.59,High Value
371,Customer 371,customer371@email.com,Jakarta,2024-01-06,553,Veteran,5.0,1323.86,264.77,479.24,2024-03-07 05:00:00,2024-06-14 01:00:00,1.0,835.79,VIP
372,Customer 372,customer372@email.com,Jakarta,2024-01-07,552,Veteran,2.0,540.98,270.49,285.95,2024-03-24 09:00:00,2024-06-22 14:00:00,0.0,357.64,High Value
373,Customer 373,customer373@email.com,Surabaya,2024-01-08,551,Veteran,5.0,1508.41,301.68,439.79,2024-01-01 15:00:00,2024-05-03 16:00:00,2.0,950.21,VIP
374,Customer 374,customer374@email.com,Surabaya,2024-01-09,550,Veteran,6.0,1796.65,299.44,494.83,2024-01-11 21:00:00,2024-05-28 17:00:00,2.0,1125.93,VIP
375,Customer 375,customer375@email.com,Jakarta,2024-01-10,549,Veteran,6.0,1588.85,264.81,393.07,2024-01-19 03:00:00,2024-07-26 12:00:00,0.0,997.79,VIP
376,Customer 376,customer376@email.com,Yogyakarta,2024-01-11,548,Veteran,7.0,1572.26,224.61,414.93,2024-01-31 23:00:00,2024-07-14 17:00:00,1.0,986.82,VIP
377,Customer 377,customer377@email.com,Jakarta,2024-01-12,547,Veteran,6.0,1766.72,294.45,435.18,2024-01-10 23:00:00,2024-07-09 19:00:00,1.0,1107.48,VIP
378,Customer 378,customer378@email.com,Bandung,2024-01-13,546,Veteran,6.0,1379.55,229.92,428.73,2024-03-06 05:00:00,2024-07-08 23:00:00,1.0,868.72,VIP
379,Customer 379,customer379@email.com,Medan,2024-01-14,545,Veteran,4.0,1565.79,391.45,487.36,2024-01-07 04:00:00,2024-07-17 02:00:00,2.0,990.62,VIP
380,Customer 380,customer380@email.com,Yogyakarta,2024-01-15,544,Veteran,8.0,2349.75,293.72,477.74,2024-01-06 06:00:00,2024-07-26 15:00:00,2.0,1463.22,VIP
381,Customer 381,customer381@email.com,Bandung,2024-01-16,543,Veteran,8.0,1449.02,181.13,491.44,2024-03-14 06:00:00,2024-06-17 13:00:00,1.0,911.52,VIP
382,Customer 382,customer382@email.com,Surabaya,2024-01-17,542,Veteran,6.0,1372.46,228.74,481.16,2024-04-09 03:00:00,2024-07-05 21:00:00,2.0,864.35,VIP
383,Customer 383,customer383@email.com,Jakarta,2024-01-18,541,Veteran,3.0,477.51,159.17,294.98,2024-04-16 06:00:00,2024-07-17 15:00:00,0.0,311.42,Medium Value
384,Customer 384,customer384@email.com,Jakarta,2024-01-19,540,Veteran,4.0,988.93,247.23,495.24,2024-02-03 05:00:00,2024-07-25 12:00:00,1.0,630.08,High Value
385,Customer 385,customer385@email.com,Medan,2024-01-20,539,Veteran,6.0,1242.04,207.01,475.15,2024-01-10 22:00:00,2024-07-17 22:00:00,1.0,783.92,VIP
386,Customer 386,customer386@email.com,Medan,2024-01-21,538,Veteran,9.0,1979.73,219.97,465.78,2024-01-02 03:00:00,2024-06-19 19:00:00,2.0,1236.84,VIP
387,Customer 387,customer387@email.com,Jakarta,2024-01-22,537,Veteran,6.0,2049.17,341.53,449.72,2024-01-12 12:00:00,2024-07-10 06:00:00,2.0,1281.66,VIP
388,Customer 388,customer388@email.com,Surabaya,2024-01-23,536,Veteran,3.0,608.85,202.95,359.39,2024-01-03 17:00:00,2024-07-14 11:00:00,0.0,394.6,High Value
389,Customer 389,customer389@email.com,Surabaya,2024-01-24,535,Veteran,2.0,441.17,220.58,355.47,2024-02-14 20:00:00,2024-03-27 11:00:00,0.0,292.76,Medium Value
390,Customer 390,customer390@email.com,Bandung,2024-01-25,534,Veteran,4.0,798.81,199.7,309.08,2024-01-04 19:00:00,2024-05-18 12:00:00,0.0,511.26,High Value
391,Customer 391,customer391@email.com,Yogyakarta,2024-01-26,533,Veteran,5.0,869.57,173.91,398.97,2024-03-02 04:00:00,2024-06-16 18:00:00,0.0,554.13,High Value
392,Customer 392,customer392@email.com,Medan,2024-01-27,532,Veteran,6.0,1323.71,220.62,458.03,2024-01-07 00:00:00,2024-07-14 02:00:00,1.0,834.29,VIP
393,Customer 393,customer393@email.com,Bandung,2024-01-28,531,Veteran,7.0,1778.01,254.0,464.9,2024-01-08 18:00:00,2024-06-26 11:00:00,1.0,1113.21,VIP
394,Customer 394,customer394@email.com,Surabaya,2024-01-29,530,Veteran,3.0,1190.12,396.71,413.58,2024-02-01 05:00:00,2024-04-04 06:00:00,2.0,762.74,VIP
395,Customer 395,customer395@email.com,Bandung,2024-01-30,529,Veteran,7.0,1688.85,241.26,493.58,2024-04-01 08:00:00,2024-07-19 20:00:00,2.0,1058.44,VIP
396,Customer 396,customer396@email.com,Bandung,2024-01-31,528,Veteran,4.0,1295.61,323.9,391.23,2024-02-02 19:00:00,2024-03-14 23:00:00,0.0,821.76,VIP
397,Customer 397,customer397@email.com,Bandung,2024-02-01,527,Veteran,8.0,2701.06,337.63,460.41,2024-01-30 19:00:00,2024-07-06 13:00:00,3.0,1678.4,VIP
398,Customer 398,customer398@email.com,Bandung,2024-02-02,526,Veteran,4.0,927.89,231.97,449.98,2024-01-08 15:00:00,2024-06-28 23:00:00,1.0,591.93,High Value
399,Customer 399,customer399@email.com,Yogyakarta,2024-02-03,525,Veteran,7.0,1775.66,253.67,416.07,2024-03-28 06:00:00,2024-07-21 02:00:00,2.0,1111.76,VIP
400,Customer 400,customer400@email.com,Jakarta,2024-02-04,524,Veteran,5.0,1706.05,341.21,447.31,2024-01-23 14:00:00,2024-06-11 17:00:00,2.0,1072.75,VIP
401,Customer 401,customer401@email.com,Jakarta,2024-02-05,523,Veteran,10.0,1913.9,191.39,387.03,2024-01-13 20:00:00,2024-06-26 09:00:00,0.0,1197.48,VIP
402,Customer 402,customer402@email.com,Jakarta,2024-02-06,522,Veteran,5.0,1112.09,222.42,381.44,2024-01-05 02:00:00,2024-05-29 08:00:00,0.0,704.5,VIP
403,Customer 403,customer403@email.com,Bandung,2024-02-07,521,Veteran,3.0,820.07,273.36,475.72,2024-01-13 05:00:00,2024-02-18 15:00:00,1.0,528.38,High Value
404,Customer 404,customer404@email.com,Yogyakarta,2024-02-08,520,Veteran,3.0,700.12,233.37,351.63,2024-01-16 22:00:00,2024-07-05 08:00:00,0.0,452.41,High Value
405,Customer 405,customer405@email.com,Bandung,2024-02-09,519,Veteran,7.0,2028.46,289.78,427.25,2024-02-12 18:00:00,2024-06-04 23:00:00,2.0,1267.05,VIP
406,Customer 406,customer406@email.com,Surabaya,2024-02-10,518,Veteran,6.0,1622.7,270.45,498.3,2024-03-19 21:00:00,2024-07-03 03:00:00,2.0,1018.66,VIP
407,Customer 407,customer407@email.com,Yogyakarta,2024-02-11,517,Veteran,8.0,2353.68,294.21,484.33,2024-01-07 18:00:00,2024-07-21 01:00:00,4.0,1465.63,VIP
408,Customer 408,customer408@email.com,Medan,2024-02-12,516,Veteran,5.0,1049.87,209.97,392.24,2024-01-23 02:00:00,2024-07-11 05:00:00,0.0,665.92,VIP
409,Customer 409,customer409@email.com,Yogyakarta,2024-02-13,515,Veteran,1.0,403.38,403.38,403.38,2024-02-07 18:00:00,2024-02-07 18:00:00,1.0,285.37,Medium Value
410,Customer 410,customer410@email.com,Yogyakarta,2024-02-14,514,Veteran,3.0,835.38,278.46,366.9,2024-02-26 03:00:00,2024-04-16 15:00:00,0.0,538.07,High Value
411,Customer 411,customer411@email.com,Surabaya,2024-02-15,513,Veteran,3.0,1022.18,340.73,426.23,2024-01-11 10:00:00,2024-03-04 07:00:00,2.0,656.38,VIP
412,Customer 412,customer412@email.com,Medan,2024-02-16,512,Veteran,2.0,346.49,173.24,271.68,2024-04-05 22:00:00,2024-07-08 17:00:00,0.0,231.22,Medium Value
413,Customer 413,customer413@email.com,Medan,2024-02-17,511,Veteran,2.0,613.31,306.65,331.8,2024-01-31 22:00:00,2024-06-01 15:00:00,0.0,404.65,High Value
414,Customer 414,customer414@email.com,Bandung,2024-02-18,510,Veteran,7.0,1398.79,199.83,435.31,2024-01-02 01:00:00,2024-07-25 14:00:00,1.0,880.26,VIP
415,Customer 415,customer415@email.com,Medan,2024-02-19,509,Veteran,3.0,1116.44,372.15,486.96,2024-01-15 20:00:00,2024-02-09 01:00:00,2.0,716.08,VIP
416,Customer 416,customer416@email.com,Bandung,2024-02-20,508,Veteran,5.0,1731.18,346.24,448.11,2024-01-13 13:00:00,2024-07-17 08:00:00,2.0,1088.33,VIP
417,Customer 417,customer417@email.com,Yogyakarta,2024-02-21,507,Veteran,4.0,1023.47,255.87,423.98,2024-01-30 13:00:00,2024-07-20 22:00:00,1.0,651.67,VIP
418,Customer 418,customer418@email.com,Surabaya,2024-02-22,506,Veteran,5.0,1193.85,238.77,498.62,2024-01-31 12:00:00,2024-06-03 19:00:00,1.0,755.19,VIP
419,Customer 419,customer419@email.com,Bandung,2024-02-23,505,Veteran,7.0,1712.34,244.62,411.55,2024-01-07 02:00:00,2024-07-13 15:00:00,2.0,1072.87,VIP
420,Customer 420,customer420@email.com,Yogyakarta,2024-02-24,504,Veteran,9.0,1994.45,221.61,467.87,2024-01-17 08:00:00,2024-07-11 13:00:00,2.0,1245.83,VIP
421,Customer 421,customer421@email.com,Jakarta,2024-02-25,503,Veteran,2.0,663.93,331.96,474.24,2024-06-01 06:00:00,2024-07-13 03:00:00,1.0,437.55,High Value
422,Customer 422,customer422@email.com,Medan,2024-02-26,502,Veteran,7.0,1279.1,182.73,444.18,2024-01-17 09:00:00,2024-05-23 17:00:00,1.0,806.73,VIP
423,Customer 423,customer423@email.com,Jakarta,2024-02-27,501,Veteran,2.0,632.79,316.4,359.38,2024-05-22 01:00:00,2024-06-15 02:00:00,0.0,417.31,High Value
424,Customer 424,customer424@email.com,Bandung,2024-02-28,500,Veteran,5.0,1643.24,328.65,430.35,2024-03-10 17:00:00,2024-07-04 15:00:00,1.0,1033.81,VIP
425,Customer 425,customer425@email.com,Jakarta,2024-02-29,499,Veteran,5.0,796.92,159.38,337.96,2024-02-23 08:00:00,2024-06-14 07:00:00,0.0,509.09,High Value
426,Customer 426,customer426@email.com,Bandung,2024-03-01,498,Veteran,5.0,1201.58,240.32,400.26,2024-03-25 22:00:00,2024-06-28 06:00:00,1.0,759.98,VIP
427,Customer 427,customer427@email.com,Jakarta,2024-03-02,497,Veteran,6.0,1346.56,224.43,453.74,2024-01-30 08:00:00,2024-07-13 16:00:00,2.0,848.38,VIP
428,Customer 428,customer428@email.com,Surabaya,2024-03-03,496,Veteran,4.0,565.67,141.42,222.04,2024-01-04 07:00:00,2024-05-10 11:00:00,0.0,365.54,High Value
429,Customer 429,customer429@email.com,Yogyakarta,2024-03-04,495,Veteran,4.0,932.67,233.17,354.03,2024-03-10 13:00:00,2024-07-11 15:00:00,0.0,594.92,High Value
430,Customer 430,customer430@email.com,Bandung,2024-03-05,494,Veteran,3.0,1160.21,386.74,441.64,2024-04-08 02:00:00,2024-07-15 02:00:00,2.0,743.8,VIP
431,Customer 431,customer431@email.com,Bandung,2024-03-06,493,Veteran,4.0,1010.31,252.58,418.17,2024-03-07 09:00:00,2024-07-16 09:00:00,1.0,643.44,VIP
432,Customer 432,customer432@email.com,Surabaya,2024-03-07,492,Veteran,6.0,1125.63,187.6,492.32,2024-01-28 11:00:00,2024-07-04 18:00:00,1.0,712.14,VIP
433,Customer 433,customer433@email.com,Yogyakarta,2024-03-08,491,Veteran,0.0,0.0,0.0,0.0,,,0.0,0.0,
434,Customer 434,customer434@email.com,Surabaya,2024-03-09,490,Veteran,2.0,22.08,11.04,11.88,2024-06-22 16:00:00,2024-07-14 14:00:00,0.0,20.35,Low Value
435,Customer 435,customer435@email.com,Surabaya,2024-03-10,489,Veteran,10.0,1819.45,181.94,340.09,2024-01-27 18:00:00,2024-07-18 09:00:00,0.0,1139.86,VIP
436,Customer 436,customer436@email.com,Yogyakarta,2024-03-11,488,Veteran,7.0,1209.33,172.76,382.16,2024-01-01 01:00:00,2024-06-18 08:00:00,0.0,763.87,VIP
437,Customer 437,customer437@email.com,Jakarta,2024-03-12,487,Veteran,5.0,1179.61,235.92,451.37,2024-02-13 04:00:00,2024-06-29 02:00:00,1.0,746.36,VIP
438,Customer 438,customer438@email.com,Jakarta,2024-03-13,486,Veteran,4.0,1142.27,285.57,461.16,2024-01-19 11:00:00,2024-07-11 10:00:00,1.0,725.92,VIP
439,Customer 439,customer439@email.com,Bandung,2024-03-14,485,Veteran,2.0,638.96,319.48,423.43,2024-01-13 16:00:00,2024-05-07 08:00:00,1.0,421.32,High Value
440,Customer 440,customer440@email.com,Surabaya,2024-03-15,484,Veteran,5.0,1600.11,320.02,481.09,2024-03-27 02:00:00,2024-07-14 06:00:00,2.0,1007.07,VIP
441,Customer 441,customer441@email.com,Surabaya,2024-03-16,483,Veteran,6.0,1774.72,295.79,376.35,2024-02-08 18:00:00,2024-07-04 10:00:00,0.0,1112.41,VIP
442,Customer 442,customer442@email.com,Yogyakarta,2024-03-17,482,Veteran,6.0,1271.15,211.86,462.63,2024-01-12 06:00:00,2024-06-25 18:00:00,2.0,801.88,VIP
443,Customer 443,customer443@email.com,Bandung,2024-03-18,481,Veteran,6.0,1872.52,312.09,458.23,2024-02-23 15:00:00,2024-07-22 15:00:00,1.0,1172.72,VIP
444,Customer 444,customer444@email.com,Medan,2024-03-19,480,Veteran,2.0,627.56,313.78,435.71,2024-01-24 19:00:00,2024-07-13 12:00:00,1.0,413.91,High Value
445,Customer 445,customer445@email.com,Yogyakarta,2024-03-20,479,Veteran,7.0,1211.37,173.05,442.42,2024-02-02 20:00:00,2024-07-07 09:00:00,1.0,765.13,VIP
446,Customer 446,customer446@email.com,Jakarta,2024-03-21,478,Veteran,3.0,702.07,234.02,438.3,2024-02-13 22:00:00,2024-05-12 02:00:00,1.0,453.64,High Value
447,Customer 447,customer447@email.com,Surabaya,2024-03-22,477,Veteran,4.0,569.44,142.36,251.26,2024-01-27 09:00:00,2024-06-17 19:00:00,0.0,367.9,High Value
448,Customer 448,customer448@email.com,Surabaya,2024-03-23,476,Veteran,3.0,667.81,222.6,459.65,2024-03-02 08:00:00,2024-07-15 04:00:00,1.0,431.95,High Value
449,Customer 449,customer449@email.com,Surabaya,2024-03-24,475,Veteran,6.0,1367.18,227.86,399.6,2024-02-13 23:00:00,2024-07-04 09:00:00,0.0,861.09,VIP
450,Customer 450,customer450@email.com,Surabaya,2024-03-25,474,Veteran,8.0,1985.18,248.15,425.57,2024-02-11 10:00:00,2024-07-26 20:00:00,1.0,1239.92,VIP
451,Customer 451,customer451@email.com,Surabaya,2024-03-26,473,Veteran,3.0,867.91,289.3,460.74,2024-02-06 19:00:00,2024-07-27 05:00:00,1.0,558.68,High Value
452,Customer 452,customer452@email.com,Medan,2024-03-27,472,Veteran,2.0,722.49,361.24,393.9,2024-03-13 12:00:00,2024-05-05 07:00:00,0.0,475.62,High Value
453,Customer 453,customer453@email.com,Jakarta,2024-03-28,471,Veteran,6.0,824.34,137.39,304.76,2024-01-16 12:00:00,2024-07-07 17:00:00,0.0,526.34,High Value
454,Customer 454,customer454@email.com,Surabaya,2024-03-29,470,Veteran,6.0,1486.31,247.72,446.21,2024-04-01 21:00:00,2024-07-10 00:00:00,1.0,934.56,VIP
455,Customer 455,customer455@email.com,Medan,2024-03-30,469,Veteran,9.0,2108.42,234.27,422.84,2024-01-04 06:00:00,2024-07-02 23:00:00,1.0,1315.48,VIP
456,Customer 456,customer456@email.com,Jakarta,2024-03-31,468,Veteran,5.0,632.07,126.41,330.46,2024-01-05 13:00:00,2024-07-07 05:00:00,0.0,406.88,High Value
457,Customer 457,customer457@email.com,Bandung,2024-04-01,467,Veteran,4.0,1550.48,387.62,496.49,2024-02-01 07:00:00,2024-06-23 03:00:00,2.0,981.05,VIP
458,Customer 458,customer458@email.com,Bandung,2024-04-02,466,Veteran,2.0,120.18,60.09,80.07,2024-02-13 10:00:00,2024-03-11 18:00:00,0.0,84.12,Medium Value
459,Customer 459,customer459@email.com,Medan,2024-04-03,465,Veteran,7.0,2422.23,346.03,463.07,2024-01-01 13:00:00,2024-05-09 02:00:00,2.0,1508.94,VIP
460,Customer 460,customer460@email.com,Surabaya,2024-04-04,464,Veteran,7.0,1849.17,264.17,451.13,2024-01-02 08:00:00,2024-06-26 08:00:00,2.0,1156.92,VIP
461,Customer 461,customer461@email.com,Medan,2024-04-05,463,Veteran,4.0,645.01,161.25,401.24,2024-01-09 00:00:00,2024-06-01 03:00:00,1.0,415.13,High Value
462,Customer 462,customer462@email.com,Bandung,2024-04-06,462,Veteran,4.0,1313.78,328.44,392.85,2024-01-05 14:00:00,2024-05-15 17:00:00,0.0,833.11,VIP
463,Customer 463,customer463@email.com,Bandung,2024-04-07,461,Veteran,6.0,1132.31,188.72,391.24,2024-04-01 04:00:00,2024-05-31 23:00:00,0.0,716.26,VIP
464,Customer 464,customer464@email.com,Jakarta,2024-04-08,460,Veteran,1.0,439.18,439.18,439.18,2024-01-14 14:00:00,2024-01-14 14:00:00,1.0,310.43,Medium Value
465,Customer 465,customer465@email.com,Yogyakarta,2024-04-09,459,Veteran,3.0,762.95,254.32,449.16,2024-05-22 16:00:00,2024-07-21 09:00:00,1.0,492.2,High Value
466,Customer 466,customer466@email.com,Bandung,2024-04-10,458,Veteran,5.0,1240.95,248.19,409.82,2024-02-18 18:00:00,2024-05-31 14:00:00,1.0,784.39,VIP
467,Customer 467,customer467@email.com,Medan,2024-04-11,457,Veteran,7.0,1974.97,282.14,454.45,2024-01-01 10:00:00,2024-07-04 06:00:00,2.0,1234.2,VIP
468,Customer 468,customer468@email.com,Jakarta,2024-04-12,456,Veteran,2.0,722.77,361.38,380.83,2024-02-25 03:00:00,2024-06-19 16:00:00,0.0,475.8,High Value
469,Customer 469,customer469@email.com,Medan,2024-04-13,455,Veteran,5.0,1496.66,299.33,438.82,2024-02-03 18:00:00,2024-07-01 00:00:00,1.0,942.93,VIP
470,Customer 470,customer470@email.com,Surabaya,2024-04-14,454,Veteran,3.0,662.03,220.68,316.19,2024-01-19 02:00:00,2024-05-03 10:00:00,0.0,428.29,High Value
471,Customer 471,customer471@email.com,Medan,2024-04-15,453,Veteran,5.0,1818.21,363.64,476.61,2024-01-23 18:00:00,2024-05-21 22:00:00,4.0,1142.29,VIP
472,Customer 472,customer472@email.com,Bandung,2024-04-16,452,Veteran,3.0,558.17,186.06,388.02,2024-01-06 19:00:00,2024-06-13 01:00:00,0.0,362.51,High Value
473,Customer 473,customer473@email.com,Yogyakarta,2024-04-17,451,Veteran,5.0,1690.02,338.0,480.47,2024-01-10 18:00:00,2024-06-02 18:00:00,3.0,1062.81,VIP
474,Customer 474,customer474@email.com,Bandung,2024-04-18,450,Veteran,6.0,1451.08,241.85,335.47,2024-01-26 07:00:00,2024-07-26 21:00:00,0.0,912.83,VIP
475,Customer 475,customer475@email.com,Surabaya,2024-04-19,449,Veteran,4.0,1186.78,296.7,356.42,2024-01-02 15:00:00,2024-07-13 18:00:00,0.0,753.74,VIP
476,Customer 476,customer476@email.com,Jakarta,2024-04-20,448,Veteran,11.0,2633.0,239.36,467.39,2024-01-02 19:00:00,2024-07-19 22:00:00,2.0,1636.74,VIP
477,Customer 477,customer477@email.com,Jakarta,2024-04-21,447,Veteran,9.0,2078.29,230.92,490.38,2024-01-05 00:00:00,2024-06-30 13:00:00,1.0,1297.07,VIP
478,Customer 478,customer478@email.com,Bandung,2024-04-22,446,Veteran,3.0,694.95,231.65,286.47,2024-03-02 14:00:00,2024-04-21 01:00:00,0.0,449.14,High Value
479,Customer 479,customer479@email.com,Medan,2024-04-23,445,Veteran,1.0,68.68,68.68,68.68,2024-07-13 17:00:00,2024-07-13 17:00:00,0.0,51.08,Low Value
480,Customer 480,customer480@email.com,Bandung,2024-04-24,444,Veteran,2.0,384.24,192.12,197.93,2024-07-01 18:00:00,2024-07-23 00:00:00,0.0,255.76,Medium Value
481,Customer 481,customer481@email.com,Jakarta,2024-04-25,443,Veteran,4.0,985.87,246.47,416.8,2024-01-19 22:00:00,2024-06-07 08:00:00,1.0,628.17,High Value
482,Customer 482,customer482@email.com,Yogyakarta,2024-04-26,442,Veteran,5.0,838.0,167.6,302.74,2024-03-20 13:00:00,2024-07-01 16:00:00,0.0,534.56,High Value
483,Customer 483,customer483@email.com,Yogyakarta,2024-04-27,441,Veteran,7.0,1475.46,210.78,380.76,2024-05-07 13:00:00,2024-07-18 03:00:00,0.0,927.35,VIP
484,Customer 484,customer484@email.com,Yogyakarta,2024-04-28,440,Veteran,2.0,430.32,215.16,239.83,2024-02-03 19:00:00,2024-04-06 08:00:00,0.0,285.71,Medium Value
485,Customer 485,customer485@email.com,Jakarta,2024-04-29,439,Veteran,9.0,2527.81,280.87,422.81,2024-01-03 10:00:00,2024-07-15 16:00:00,2.0,1571.77,VIP
486,Customer 486,customer486@email.com,Jakarta,2024-04-30,438,Veteran,3.0,786.04,262.01,472.45,2024-06-20 05:00:00,2024-07-14 08:00:00,1.0,506.82,High Value
487,Customer 487,customer487@email.com,Yogyakarta,2024-05-01,437,Veteran,1.0,328.43,328.43,328.43,2024-07-19 21:00:00,2024-07-19 21:00:00,0.0,232.9,Medium Value
488,Customer 488,customer488@email.com,Yogyakarta,2024-05-02,436,Veteran,5.0,1201.51,240.3,431.95,2024-01-27 01:00:00,2024-07-24 05:00:00,1.0,759.94,VIP
489,Customer 489,customer489@email.com,Jakarta,2024-05-03,435,Veteran,5.0,653.93,130.79,302.11,2024-01-15 06:00:00,2024-07-16 19:00:00,0.0,420.44,High Value
490,Customer 490,customer490@email.com,Jakarta,2024-05-04,434,Veteran,7.0,1845.58,263.65,483.99,2024-01-07 06:00:00,2024-06-14 13:00:00,3.0,1154.71,VIP
491,Customer 491,customer491@email.com,Medan,2024-05-05,433,Veteran,4.0,1208.93,302.23,419.78,2024-03-13 10:00:00,2024-06-02 17:00:00,1.0,767.58,VIP
492,Customer 492,customer492@email.com,Medan,2024-05-06,432,Veteran,5.0,1176.96,235.39,430.43,2024-01-02 00:00:00,2024-07-03 08:00:00,2.0,744.72,VIP
493,Customer 493,customer493@email.com,Bandung,2024-05-07,431,Veteran,5.0,1279.75,255.95,424.6,2024-01-06 07:00:00,2024-05-22 08:00:00,1.0,808.44,VIP
494,Customer 494,customer494@email.com,Yogyakarta,2024-05-08,430,Veteran,8.0,1979.13,247.39,440.24,2024-03-16 15:00:00,2024-07-22 19:00:00,1.0,1236.22,VIP
495,Customer 495,customer495@email.com,Medan,2024-05-09,429,Veteran,3.0,993.31,331.1,488.95,2024-04-12 21:00:00,2024-04-27 05:00:00,1.0,638.1,High Value
496,Customer 496,customer496@email.com,Yogyakarta,2024-05-10,428,Veteran,1.0,286.06,286.06,286.06,2024-02-05 17:00:00,2024-02-05 17:00:00,0.0,203.24,Medium Value
497,Customer 497,customer497@email.com,Yogyakarta,2024-05-11,427,Veteran,10.0,2672.33,267.23,444.84,2024-01-12 05:00:00,2024-07-17 12:00:00,1.0,1660.12,VIP
498,Customer 498,customer498@email.com,Yogyakarta,2024-05-12,426,Veteran,3.0,573.98,191.33,464.6,2024-03-21 08:00:00,2024-05-02 14:00:00,1.0,372.52,High Value
499,Customer 499,customer499@email.com,Bandung,2024-05-13,425,Veteran,5.0,1111.79,222.36,349.99,2024-01-06 22:00:00,2024-07-21 07:00:00,0.0,704.31,VIP
500,Customer 500,customer500@email.com,Medan,2024-05-14,424,Veteran,9.0,1730.7,192.3,396.75,2024-02-05 21:00:00,2024-07-16 11:00:00,0.0,1084.65,VIP
501,Customer 501,customer501@email.com,Jakarta,2024-05-15,423,Veteran,5.0,1332.51,266.5,477.03,2024-01-31 18:00:00,2024-06-27 07:00:00,1.0,841.16,VIP
502,Customer 502,customer502@email.com,Medan,2024-05-16,422,Veteran,3.0,710.67,236.89,433.54,2024-02-10 13:00:00,2024-04-21 14:00:00,1.0,459.09,High Value
503,Customer 503,customer503@email.com,Surabaya,2024-05-17,421,Veteran,4.0,1034.73,258.68,413.93,2024-01-07 17:00:00,2024-03-01 16:00:00,1.0,658.71,VIP
504,Customer 504,customer504@email.com,Surabaya,2024-05-18,420,Veteran,4.0,1397.77,349.44,448.43,2024-01-18 14:00:00,2024-06-18 18:00:00,2.0,885.61,VIP
505,Customer 505,customer505@email.com,Jakarta,2024-05-19,419,Veteran,6.0,1907.16,317.86,482.4,2024-01-03 08:00:00,2024-07-11 06:00:00,2.0,1194.08,VIP
506,Customer 506,customer506@email.com,Medan,2024-05-20,418,Veteran,7.0,2568.53,366.93,458.13,2024-01-10 16:00:00,2024-06-21 16:00:00,3.0,1598.81,VIP
507,Customer 507,customer507@email.com,Jakarta,2024-05-21,417,Veteran,3.0,631.71,210.57,246.47,2024-03-20 11:00:00,2024-06-27 14:00:00,0.0,409.08,High Value
508,Customer 508,customer508@email.com,Medan,2024-05-22,416,Veteran,6.0,2494.76,415.79,485.16,2024-02-07 16:00:00,2024-07-27 02:00:00,3.0,1556.44,VIP
509,Customer 509,customer509@email.com,Jakarta,2024-05-23,415,Veteran,4.0,1198.88,299.72,382.63,2024-01-04 08:00:00,2024-07-18 10:00:00,0.0,761.3,VIP
510,Customer 510,customer510@email.com,Yogyakarta,2024-05-24,414,Veteran,4.0,1662.75,415.69,481.55,2024-01-12 09:00:00,2024-05-23 04:00:00,3.0,1051.22,VIP
511,Customer 511,customer511@email.com,Bandung,2024-05-25,413,Veteran,8.0,1587.61,198.45,421.28,2024-01-02 17:00:00,2024-07-22 00:00:00,1.0,996.41,VIP
512,Customer 512,customer512@email.com,Jakarta,2024-05-26,412,Veteran,4.0,1291.48,322.87,377.96,2024-01-20 07:00:00,2024-04-19 22:00:00,0.0,819.18,VIP
513,Customer 513,customer513@email.com,Jakarta,2024-05-27,411,Veteran,5.0,1366.15,273.23,389.5,2024-01-26 17:00:00,2024-04-23 13:00:00,0.0,862.01,VIP
514,Customer 514,customer514@email.com,Bandung,2024-05-28,410,Veteran,4.0,883.54,220.89,325.54,2024-03-14 12:00:00,2024-07-10 03:00:00,0.0,564.21,High Value
515,Customer 515,customer515@email.com,Medan,2024-05-29,409,Veteran,5.0,1168.97,233.79,493.11,2024-04-16 17:00:00,2024-06-05 14:00:00,1.0,739.76,VIP
516,Customer 516,customer516@email.com,Medan,2024-05-30,408,Veteran,8.0,1983.91,247.99,389.26,2024-01-20 03:00:00,2024-06-25 17:00:00,0.0,1239.14,VIP
517,Customer 517,customer517@email.com,Jakarta,2024-05-31,407,Veteran,10.0,2812.39,281.24,434.13,2024-02-05 11:00:00,2024-07-19 23:00:00,2.0,1745.56,VIP
518,Customer 518,customer518@email.com,Medan,2024-06-01,406,Veteran,3.0,445.71,148.57,280.8,2024-01-20 15:00:00,2024-02-23 10:00:00,0.0,291.28,Medium Value
519,Customer 519,customer519@email.com,Jakarta,2024-06-02,405,Veteran,4.0,1015.74,253.94,466.55,2024-02-05 01:00:00,2024-06-12 16:00:00,1.0,646.84,VIP
520,Customer 520,customer520@email.com,Surabaya,2024-06-03,404,Veteran,7.0,2550.35,364.34,451.44,2024-02-17 23:00:00,2024-07-19 00:00:00,4.0,1587.64,VIP
521,Customer 521,customer521@email.com,Medan,2024-06-04,403,Veteran,6.0,1179.46,196.58,387.38,2024-01-06 15:00:00,2024-05-06 03:00:00,0.0,745.33,VIP
522,Customer 522,customer522@email.com,Medan,2024-06-05,402,Veteran,3.0,919.6,306.53,473.63,2024-01-28 21:00:00,2024-05-29 04:00:00,1.0,591.41,High Value
523,Customer 523,customer523@email.com,Yogyakarta,2024-06-06,401,Veteran,3.0,658.43,219.48,316.29,2024-03-14 17:00:00,2024-05-29 03:00:00,0.0,426.01,High Value
524,Customer 524,customer524@email.com,Bandung,2024-06-07,400,Veteran,8.0,1929.2,241.15,443.45,2024-02-19 04:00:00,2024-07-20 05:00:00,1.0,1205.64,VIP
525,Customer 525,customer525@email.com,Medan,2024-06-08,399,Veteran,5.0,1276.67,255.33,422.05,2024-01-09 18:00:00,2024-04-04 23:00:00,1.0,806.54,VIP
526,Customer 526,customer526@email.com,Bandung,2024-06-09,398,Veteran,10.0,2903.74,290.37,488.51,2024-02-08 23:00:00,2024-06-05 13:00:00,5.0,1801.28,VIP
527,Customer 527,customer527@email.com,Jakarta,2024-06-10,397,Veteran,4.0,1123.54,280.88,390.63,2024-03-25 10:00:00,2024-07-02 06:00:00,0.0,714.21,VIP
528,Customer 528,customer528@email.com,Yogyakarta,2024-06-11,396,Veteran,1.0,32.88,32.88,32.88,2024-07-26 08:00:00,2024-07-26 08:00:00,0.0,26.02,Low Value
529,Customer 529,customer529@email.com,Jakarta,2024-06-12,395,Veteran,4.0,1006.84,251.71,379.92,2024-03-08 08:00:00,2024-07-20 07:00:00,0.0,641.28,VIP
530,Customer 530,customer530@email.com,Medan,2024-06-13,394,Veteran,2.0,226.76,113.38,205.99,2024-04-20 15:00:00,2024-05-30 15:00:00,0.0,153.39,Medium Value
531,Customer 531,customer531@email.com,Medan,2024-06-14,393,Veteran,3.0,576.4,192.13,323.82,2024-02-06 16:00:00,2024-05-09 07:00:00,0.0,374.05,High Value
532,Customer 532,customer532@email.com,Jakarta,2024-06-15,392,Veteran,6.0,1620.1,270.02,402.4,2024-02-08 17:00:00,2024-06-16 20:00:00,2.0,1017.06,VIP
533,Customer 533,customer533@email.com,Surabaya,2024-06-16,391,Veteran,5.0,1509.12,301.82,466.93,2024-06-12 11:00:00,2024-07-17 16:00:00,2.0,950.65,VIP
534,Customer 534,customer534@email.com,Jakarta,2024-06-17,390,Veteran,2.0,365.87,182.94,328.62,2024-02-18 22:00:00,2024-05-31 10:00:00,0.0,243.82,Medium Value
535,Customer 535,customer535@email.com,Yogyakarta,2024-06-18,389,Veteran,2.0,447.64,223.82,256.64,2024-04-04 04:00:00,2024-07-25 07:00:00,0.0,296.97,Medium Value
536,Customer 536,customer536@email.com,Yogyakarta,2024-06-19,388,Veteran,3.0,697.13,232.38,391.18,2024-04-11 07:00:00,2024-06-06 00:00:00,0.0,450.52,High Value
537,Customer 537,customer537@email.com,Bandung,2024-06-20,387,Veteran,8.0,2581.86,322.73,497.83,2024-02-22 09:00:00,2024-06-21 23:00:00,2.0,1605.39,VIP
538,Customer 538,customer538@email.com,Jakarta,2024-06-21,386,Veteran,4.0,881.25,220.31,371.58,2024-01-22 22:00:00,2024-04-27 19:00:00,0.0,562.78,High Value
539,Customer 539,customer539@email.com,Surabaya,2024-06-22,385,Veteran,4.0,845.86,211.46,471.09,2024-04-09 00:00:00,2024-05-10 12:00:00,1.0,540.66,High Value
540,Customer 540,customer540@email.com,Bandung,2024-06-23,384,Veteran,4.0,1071.43,267.86,390.17,2024-02-10 06:00:00,2024-07-09 21:00:00,0.0,681.64,VIP
541,Customer 541,customer541@email.com,Yogyakarta,2024-06-24,383,Veteran,3.0,529.5,176.5,403.18,2024-01-09 16:00:00,2024-05-31 16:00:00,1.0,344.35,High Value
542,Customer 542,customer542@email.com,Medan,2024-06-25,382,Veteran,6.0,1237.03,206.17,461.18,2024-02-16 10:00:00,2024-07-24 07:00:00,1.0,780.83,VIP
543,Customer 543,customer543@email.com,Jakarta,2024-06-26,381,Veteran,3.0,898.45,299.48,444.23,2024-02-24 19:00:00,2024-06-10 20:00:00,1.0,578.02,High Value
544,Customer 544,customer544@email.com,Surabaya,2024-06-27,380,Veteran,3.0,958.15,319.38,373.03,2024-04-13 00:00:00,2024-06-20 22:00:00,0.0,615.83,High Value
545,Customer 545,customer545@email.com,Bandung,2024-06-28,379,Veteran,1.0,347.43,347.43,347.43,2024-01-30 04:00:00,2024-01-30 04:00:00,0.0,246.2,Medium Value
546,Customer 546,customer546@email.com,Yogyakarta,2024-06-29,378,Veteran,5.0,774.74,154.95,309.62,2024-02-17 03:00:00,2024-06-23 22:00:00,0.0,495.34,High Value
547,Customer 547,customer547@email.com,Yogyakarta,2024-06-30,377,Veteran,8.0,1960.22,245.03,494.3,2024-01-08 03:00:00,2024-07-25 03:00:00,2.0,1224.64,VIP
548,Customer 548,customer548@email.com,Bandung,2024-07-01,376,Veteran,6.0,1842.97,307.16,412.52,2024-02-01 13:00:00,2024-06-11 00:00:00,3.0,1154.5,VIP
549,Customer 549,customer549@email.com,Surabaya,2024-07-02,375,Veteran,5.0,1140.33,228.07,473.73,2024-04-18 03:00:00,2024-07-24 16:00:00,2.0,722.0,VIP
550,Customer 550,customer550@email.com,Yogyakarta,2024-07-03,374,Veteran,8.0,2370.35,296.29,469.88,2024-02-26 17:00:00,2024-07-02 16:00:00,4.0,1475.84,VIP
551,Customer 551,customer551@email.com,Medan,2024-07-04,373,Veteran,7.0,1555.79,222.26,334.89,2024-01-15 10:00:00,2024-07-09 20:00:00,0.0,976.7,VIP
552,Customer 552,customer552@email.com,Yogyakarta,2024-07-05,372,Veteran,3.0,653.91,217.97,368.98,2024-03-16 06:00:00,2024-05-20 06:00:00,0.0,423.14,High Value
553,Customer 553,customer553@email.com,Yogyakarta,2024-07-06,371,Veteran,4.0,877.81,219.45,472.22,2024-04-13 12:00:00,2024-07-06 03:00:00,1.0,560.63,High Value
554,Customer 554,customer554@email.com,Yogyakarta,2024-07-07,370,Veteran,10.0,2773.14,277.31,434.39,2024-01-08 22:00:00,2024-07-17 06:00:00,2.0,1721.61,VIP
555,Customer 555,customer555@email.com,Yogyakarta,2024-07-08,369,Veteran,1.0,394.15,394.15,394.15,2024-07-05 07:00:00,2024-07-05 07:00:00,0.0,278.9,Medium Value
556,Customer 556,customer556@email.com,Surabaya,2024-07-09,368,Veteran,6.0,1461.15,243.52,428.94,2024-01-05 04:00:00,2024-06-12 00:00:00,1.0,919.04,VIP
557,Customer 557,customer557@email.com,Yogyakarta,2024-07-10,367,Veteran,5.0,1679.39,335.88,482.32,2024-01-10 03:00:00,2024-07-14 22:00:00,2.0,1056.22,VIP
558,Customer 558,customer558@email.com,Yogyakarta,2024-07-11,366,Veteran,6.0,1959.87,326.64,461.99,2024-02-11 00:00:00,2024-07-20 04:00:00,3.0,1226.59,VIP
559,Customer 559,customer559@email.com,Jakarta,2024-07-12,365,Established,7.0,1406.55,200.94,422.85,2024-02-26 12:00:00,2024-07-19 15:00:00,1.0,885.02,VIP
560,Customer 560,customer560@email.com,Bandung,2024-07-13,364,Established,3.0,860.86,286.95,476.88,2024-01-26 23:00:00,2024-07-12 12:00:00,1.0,554.21,High Value
561,Customer 561,customer561@email.com,Medan,2024-07-14,363,Established,7.0,1444.33,206.33,449.99,2024-01-02 14:00:00,2024-06-16 15:00:00,1.0,908.23,VIP
562,Customer 562,customer562@email.com,Surabaya,2024-07-15,362,Established,6.0,1555.21,259.2,412.87,2024-01-04 15:00:00,2024-06-30 23:00:00,1.0,977.05,VIP
563,Customer 563,customer563@email.com,Surabaya,2024-07-16,361,Established,8.0,2472.13,309.02,465.28,2024-01-03 03:00:00,2024-07-17 10:00:00,2.0,1538.18,VIP
564,Customer 564,customer564@email.com,Surabaya,2024-07-17,360,Established,6.0,1074.1,179.02,317.15,2024-01-09 06:00:00,2024-05-23 07:00:00,0.0,680.36,VIP
565,Customer 565,customer565@email.com,Jakarta,2024-07-18,359,Established,3.0,747.77,249.26,464.29,2024-01-04 00:00:00,2024-02-13 07:00:00,1.0,482.59,High Value
566,Customer 566,customer566@email.com,Yogyakarta,2024-07-19,358,Established,6.0,1535.13,255.86,482.86,2024-01-04 20:00:00,2024-07-23 06:00:00,3.0,964.66,VIP
567,Customer 567,customer567@email.com,Surabaya,2024-07-20,357,Established,4.0,1315.06,328.76,450.63,2024-01-03 05:00:00,2024-06-19 06:00:00,2.0,833.91,VIP
568,Customer 568,customer568@email.com,Medan,2024-07-21,356,Established,2.0,256.96,128.48,217.45,2024-04-02 15:00:00,2024-07-13 04:00:00,0.0,173.02,Medium Value
569,Customer 569,customer569@email.com,Surabaya,2024-07-22,355,Established,3.0,527.13,175.71,279.76,2024-02-03 23:00:00,2024-06-10 19:00:00,0.0,342.85,High Value
570,Customer 570,customer570@email.com,Jakarta,2024-07-23,354,Established,4.0,1259.95,314.99,483.96,2024-01-21 19:00:00,2024-04-09 21:00:00,2.0,799.47,VIP
571,Customer 571,customer571@email.com,Medan,2024-07-24,353,Established,7.0,1905.79,272.26,488.13,2024-03-23 01:00:00,2024-07-06 08:00:00,2.0,1191.7,VIP
572,Customer 572,customer572@email.com,Surabaya,2024-07-25,352,Established,6.0,1265.67,210.95,396.57,2024-01-16 05:00:00,2024-06-22 19:00:00,0.0,798.5,VIP
573,Customer 573,customer573@email.com,Bandung,2024-07-26,351,Established,7.0,1212.06,173.15,437.95,2024-02-20 01:00:00,2024-07-26 04:00:00,1.0,765.55,VIP
574,Customer 574,customer574@email.com,Jakarta,2024-07-27,350,Established,7.0,2310.02,330.0,497.46,2024-01-07 19:00:00,2024-07-10 23:00:00,4.0,1440.01,VIP
575,Customer 575,customer575@email.com,Surabaya,2024-07-28,349,Established,8.0,1613.28,201.66,305.96,2024-01-09 02:00:00,2024-07-22 12:00:00,0.0,1012.13,VIP
576,Customer 576,customer576@email.com,Bandung,2024-07-29,348,Established,4.0,1167.24,291.81,474.34,2024-03-18 17:00:00,2024-07-14 00:00:00,2.0,741.52,VIP
577,Customer 577,customer577@email.com,Surabaya,2024-07-30,347,Established,3.0,707.14,235.71,373.57,2024-01-30 12:00:00,2024-06-15 11:00:00,0.0,456.86,High Value
578,Customer 578,customer578@email.com,Jakarta,2024-07-31,346,Established,5.0,1746.47,349.29,499.68,2024-01-10 01:00:00,2024-05-16 04:00:00,3.0,1097.81,VIP
579,Customer 579,customer579@email.com,Jakarta,2024-08-01,345,Established,6.0,1284.33,214.05,488.87,2024-03-02 03:00:00,2024-07-24 09:00:00,1.0,810.0,VIP
580,Customer 580,customer580@email.com,Surabaya,2024-08-02,344,Established,6.0,2044.97,340.83,483.85,2024-01-18 08:00:00,2024-05-17 20:00:00,2.0,1279.06,VIP
581,Customer 581,customer581@email.com,Medan,2024-08-03,343,Established,6.0,1966.17,327.7,430.82,2024-01-27 10:00:00,2024-06-13 17:00:00,2.0,1230.47,VIP
582,Customer 582,customer582@email.com,Yogyakarta,2024-08-04,342,Established,5.0,1457.44,291.49,389.58,2024-02-24 03:00:00,2024-07-20 16:00:00,0.0,918.61,VIP
583,Customer 583,customer583@email.com,Bandung,2024-08-05,341,Established,2.0,537.5,268.75,351.38,2024-05-04 21:00:00,2024-06-05 10:00:00,0.0,355.38,High Value
584,Customer 584,customer584@email.com,Bandung,2024-08-06,340,Established,8.0,1240.12,155.01,335.02,2024-03-29 09:00:00,2024-07-25 19:00:00,0.0,783.57,VIP
585,Customer 585,customer585@email.com,Jakarta,2024-08-07,339,Established,3.0,771.34,257.11,307.59,2024-03-28 05:00:00,2024-04-29 05:00:00,0.0,497.52,High Value
586,Customer 586,customer586@email.com,Yogyakarta,2024-08-08,338,Established,3.0,534.75,178.25,211.19,2024-04-05 17:00:00,2024-06-18 20:00:00,0.0,347.67,High Value
587,Customer 587,customer587@email.com,Jakarta,2024-08-09,337,Established,3.0,875.71,291.9,483.63,2024-01-17 05:00:00,2024-07-20 21:00:00,1.0,563.62,High Value
588,Customer 588,customer588@email.com,Jakarta,2024-08-10,336,Established,8.0,2344.91,293.11,499.46,2024-02-04 17:00:00,2024-07-02 03:00:00,3.0,1460.26,VIP
589,Customer 589,customer589@email.com,Medan,2024-08-11,335,Established,4.0,1080.3,270.08,341.67,2024-04-04 17:00:00,2024-05-04 08:00:00,0.0,687.19,VIP
590,Customer 590,customer590@email.com,Yogyakarta,2024-08-12,334,Established,3.0,461.42,153.81,316.57,2024-03-10 21:00:00,2024-05-28 01:00:00,0.0,301.23,Medium Value
591,Customer 591,customer591@email.com,Jakarta,2024-08-13,333,Established,2.0,892.46,446.23,487.95,2024-04-10 21:00:00,2024-05-21 19:00:00,2.0,586.1,High Value
592,Customer 592,customer592@email.com,Yogyakarta,2024-08-14,332,Established,3.0,1147.09,382.36,467.11,2024-03-22 07:00:00,2024-04-23 00:00:00,2.0,735.49,VIP
593,Customer 593,customer593@email.com,Medan,2024-08-15,331,Established,4.0,1052.91,263.23,306.14,2024-01-06 23:00:00,2024-06-14 17:00:00,0.0,670.07,VIP
594,Customer 594,customer594@email.com,Surabaya,2024-08-16,330,Established,8.0,1982.62,247.83,423.04,2024-02-11 04:00:00,2024-07-08 13:00:00,2.0,1238.35,VIP
595,Customer 595,customer595@email.com,Bandung,2024-08-17,329,Established,1.0,285.47,285.47,285.47,2024-02-23 06:00:00,2024-02-23 06:00:00,0.0,202.83,Medium Value
596,Customer 596,customer596@email.com,Surabaya,2024-08-18,328,Established,5.0,1100.65,220.13,454.26,2024-02-02 10:00:00,2024-06-27 15:00:00,1.0,697.4,VIP
597,Customer 597,customer597@email.com,Bandung,2024-08-19,327,Established,2.0,579.12,289.56,481.74,2024-05-08 17:00:00,2024-06-19 04:00:00,1.0,382.43,High Value
598,Customer 598,customer598@email.com,Jakarta,2024-08-20,326,Established,7.0,1321.08,188.73,299.52,2024-03-03 04:00:00,2024-06-30 06:00:00,0.0,832.52,VIP
599,Customer 599,customer599@email.com,Surabaya,2024-08-21,325,Established,3.0,338.08,112.69,281.82,2024-03-17 16:00:00,2024-06-13 19:00:00,0.0,223.12,Medium Value
600,Customer 600,customer600@email.com,Bandung,2024-08-22,324,Established,0.0,0.0,0.0,0.0,,,0.0,0.0,
601,Customer 601,customer601@email.com,Yogyakarta,2024-08-23,323,Established,5.0,957.33,191.47,336.53,2024-01-03 18:00:00,2024-06-18 10:00:00,0.0,608.55,High Value
602,Customer 602,customer602@email.com,Surabaya,2024-08-24,322,Established,9.0,2106.04,234.0,467.0,2024-01-31 11:00:00,2024-07-07 13:00:00,1.0,1314.02,VIP
603,Customer 603,customer603@email.com,Jakarta,2024-08-25,321,Established,1.0,91.81,91.81,91.81,2024-06-27 00:00:00,2024-06-27 00:00:00,0.0,67.27,Low Value
604,Customer 604,customer604@email.com,Medan,2024-08-26,320,Established,8.0,1794.65,224.33,453.14,2024-01-26 02:00:00,2024-07-21 15:00:00,1.0,1123.22,VIP
605,Customer 605,customer605@email.com,Yogyakarta,2024-08-27,319,Established,6.0,1464.2,244.03,446.66,2024-01-31 08:00:00,2024-07-10 04:00:00,1.0,920.92,VIP
606,Customer 606,customer606@email.com,Jakarta,2024-08-28,318,Established,2.0,245.38,122.69,221.34,2024-02-25 11:00:00,2024-02-28 01:00:00,0.0,165.5,Medium Value
607,Customer 607,customer607@email.com,Yogyakarta,2024-08-29,317,Established,5.0,1617.14,323.43,462.08,2024-01-21 01:00:00,2024-05-31 22:00:00,3.0,1017.63,VIP
608,Customer 608,customer608@email.com,Jakarta,2024-08-30,316,Established,5.0,1458.86,291.77,497.87,2024-01-11 23:00:00,2024-05-18 02:00:00,2.0,919.49,VIP
609,Customer 609,customer609@email.com,Surabaya,2024-08-31,315,Established,4.0,819.26,204.82,394.04,2024-01-14 09:00:00,2024-05-20 02:00:00,0.0,524.04,High Value
610,Customer 610,customer610@email.com,Medan,2024-09-01,314,Established,8.0,1900.67,237.58,478.04,2024-01-14 02:00:00,2024-06-15 10:00:00,3.0,1188.16,VIP
611,Customer 611,customer611@email.com,Jakarta,2024-09-02,313,Established,3.0,731.54,243.85,379.58,2024-01-15 23:00:00,2024-07-11 14:00:00,0.0,472.31,High Value
612,Customer 612,customer612@email.com,Yogyakarta,2024-09-03,312,Established,6.0,1668.38,278.06,421.03,2024-01-28 14:00:00,2024-07-12 16:00:00,1.0,1046.83,VIP
613,Customer 613,customer613@email.com,Surabaya,2024-09-04,311,Established,11.0,2210.26,200.93,461.18,2024-01-08 06:00:00,2024-07-19 04:00:00,2.0,1379.25,VIP
614,Customer 614,customer614@email.com,Surabaya,2024-09-05,310,Established,3.0,204.13,68.04,80.5,2024-04-29 17:00:00,2024-06-27 22:00:00,0.0,138.28,Medium Value
615,Customer 615,customer615@email.com,Yogyakarta,2024-09-06,309,Established,3.0,717.74,239.25,305.71,2024-01-01 08:00:00,2024-05-20 05:00:00,0.0,463.57,High Value
616,Customer 616,customer616@email.com,Yogyakarta,2024-09-07,308,Established,5.0,1197.39,239.48,350.53,2024-03-01 02:00:00,2024-03-21 02:00:00,0.0,757.38,VIP
617,Customer 617,customer617@email.com,Medan,2024-09-08,307,Established,4.0,1116.11,279.03,499.74,2024-01-31 14:00:00,2024-05-28 02:00:00,1.0,709.57,VIP
618,Customer 618,customer618@email.com,Medan,2024-09-09,306,Established,4.0,839.74,209.94,474.91,2024-05-12 01:00:00,2024-07-05 18:00:00,1.0,536.84,High Value
619,Customer 619,customer619@email.com,Yogyakarta,2024-09-10,305,Established,4.0,1305.21,326.3,475.75,2024-05-02 20:00:00,2024-06-20 14:00:00,1.0,827.76,VIP
620,Customer 620,customer620@email.com,Jakarta,2024-09-11,304,Established,7.0,1796.97,256.71,448.72,2024-01-10 09:00:00,2024-07-20 12:00:00,1.0,1124.85,VIP
621,Customer 621,customer621@email.com,Medan,2024-09-12,303,Established,3.0,665.92,221.97,410.23,2024-05-09 14:00:00,2024-07-04 12:00:00,1.0,430.75,High Value
622,Customer 622,customer622@email.com,Bandung,2024-09-13,302,Established,4.0,1155.9,288.98,392.11,2024-03-06 20:00:00,2024-06-30 05:00:00,0.0,734.44,VIP
623,Customer 623,customer623@email.com,Surabaya,2024-09-14,301,Established,8.0,2266.85,283.36,453.9,2024-02-21 07:00:00,2024-06-04 09:00:00,1.0,1412.45,VIP
624,Customer 624,customer624@email.com,Medan,2024-09-15,300,Established,5.0,840.31,168.06,276.8,2024-01-16 04:00:00,2024-05-23 08:00:00,0.0,535.99,High Value
625,Customer 625,customer625@email.com,Bandung,2024-09-16,299,Established,6.0,1737.01,289.5,470.94,2024-01-12 15:00:00,2024-07-14 12:00:00,3.0,1089.16,VIP
626,Customer 626,customer626@email.com,Bandung,2024-09-17,298,Established,4.0,896.72,224.18,430.79,2024-01-22 00:00:00,2024-06-20 02:00:00,1.0,572.45,High Value
627,Customer 627,customer627@email.com,Jakarta,2024-09-18,297,Established,2.0,688.74,344.37,369.73,2024-03-04 09:00:00,2024-05-12 19:00:00,0.0,453.68,High Value
628,Customer 628,customer628@email.com,Yogyakarta,2024-09-19,296,Established,6.0,1922.31,320.38,468.41,2024-01-11 03:00:00,2024-07-14 05:00:00,3.0,1203.42,VIP
629,Customer 629,customer629@email.com,Medan,2024-09-20,295,Established,7.0,1812.23,258.89,413.15,2024-03-17 17:00:00,2024-07-10 02:00:00,1.0,1134.23,VIP
630,Customer 630,customer630@email.com,Bandung,2024-09-21,294,Established,5.0,1063.89,212.78,429.72,2024-03-09 15:00:00,2024-06-09 03:00:00,1.0,674.61,VIP
631,Customer 631,customer631@email.com,Bandung,2024-09-22,293,Established,4.0,723.65,180.91,382.6,2024-02-21 21:00:00,2024-05-30 09:00:00,0.0,464.28,High Value
632,Customer 632,customer632@email.com,Surabaya,2024-09-23,292,Established,4.0,1016.61,254.15,448.03,2024-03-15 19:00:00,2024-06-30 08:00:00,2.0,647.38,VIP
633,Customer 633,customer633@email.com,Jakarta,2024-09-24,291,Established,6.0,1980.81,330.14,472.17,2024-01-11 02:00:00,2024-06-28 19:00:00,1.0,1239.5,VIP
634,Customer 634,customer634@email.com,Yogyakarta,2024-09-25,290,Established,6.0,1324.57,220.76,385.42,2024-01-26 16:00:00,2024-07-11 20:00:00,0.0,834.82,VIP
635,Customer 635,customer635@email.com,Bandung,2024-09-26,289,Established,3.0,119.04,39.68,60.39,2024-03-03 08:00:00,2024-04-15 10:00:00,0.0,84.39,Medium Value
636,Customer 636,customer636@email.com,Bandung,2024-09-27,288,Established,2.0,423.92,211.96,256.29,2024-01-25 18:00:00,2024-06-28 17:00:00,0.0,281.55,Medium Value
637,Customer 637,customer637@email.com,Bandung,2024-09-28,287,Established,7.0,1547.78,221.11,456.31,2024-03-01 06:00:00,2024-07-18 02:00:00,1.0,971.78,VIP
638,Customer 638,customer638@email.com,Surabaya,2024-09-29,286,Established,7.0,1412.39,201.77,348.53,2024-01-13 06:00:00,2024-07-16 10:00:00,0.0,888.61,VIP
639,Customer 639,customer639@email.com,Yogyakarta,2024-09-30,285,Established,4.0,1284.79,321.2,472.92,2024-01-22 06:00:00,2024-07-08 11:00:00,2.0,814.99,VIP
640,Customer 640,customer640@email.com,Jakarta,2024-10-01,284,Established,6.0,1196.36,199.39,398.37,2024-01-10 15:00:00,2024-06-25 14:00:00,0.0,755.75,VIP
641,Customer 641,customer641@email.com,Yogyakarta,2024-10-02,283,Established,5.0,668.39,133.68,217.09,2024-01-15 13:00:00,2024-06-10 08:00:00,0.0,429.4,High Value
642,Customer 642,customer642@email.com,Medan,2024-10-03,282,Established,5.0,719.59,143.92,208.68,2024-01-12 21:00:00,2024-05-19 03:00:00,0.0,461.15,High Value
643,Customer 643,customer643@email.com,Yogyakarta,2024-10-04,281,Established,4.0,1105.79,276.45,386.84,2024-01-08 09:00:00,2024-04-20 13:00:00,0.0,703.12,VIP
644,Customer 644,customer644@email.com,Jakarta,2024-10-05,280,Established,3.0,719.58,239.86,419.14,2024-03-11 09:00:00,2024-05-04 09:00:00,1.0,464.73,High Value
645,Customer 645,customer645@email.com,Medan,2024-10-06,279,Established,6.0,1865.86,310.98,483.22,2024-02-13 01:00:00,2024-06-22 08:00:00,2.0,1168.61,VIP
646,Customer 646,customer646@email.com,Yogyakarta,2024-10-07,278,Established,8.0,2035.51,254.44,494.33,2024-01-10 06:00:00,2024-07-16 01:00:00,3.0,1270.75,VIP
647,Customer 647,customer647@email.com,Bandung,2024-10-08,277,Established,3.0,1095.98,365.33,469.37,2024-01-03 12:00:00,2024-07-24 08:00:00,2.0,703.12,VIP
648,Customer 648,customer648@email.com,Jakarta,2024-10-09,276,Established,11.0,3471.91,315.63,492.94,2024-01-06 18:00:00,2024-07-24 19:00:00,4.0,2147.71,VIP
649,Customer 649,customer649@email.com,Surabaya,2024-10-10,275,Established,3.0,975.36,325.12,463.84,2024-01-11 11:00:00,2024-06-20 23:00:00,1.0,626.73,High Value
650,Customer 650,customer650@email.com,Surabaya,2024-10-11,274,Established,4.0,267.92,66.98,151.68,2024-02-27 07:00:00,2024-06-16 10:00:00,0.0,179.45,Medium Value
651,Customer 651,customer651@email.com,Yogyakarta,2024-10-12,273,Established,2.0,490.84,245.42,256.54,2024-05-26 12:00:00,2024-06-24 13:00:00,0.0,325.05,Medium Value
652,Customer 652,customer652@email.com,Bandung,2024-10-13,272,Established,2.0,158.84,79.42,140.01,2024-01-16 11:00:00,2024-05-28 13:00:00,0.0,109.25,Medium Value
653,Customer 653,customer653@email.com,Surabaya,2024-10-14,271,Established,5.0,1445.97,289.19,471.43,2024-02-05 03:00:00,2024-07-04 23:00:00,2.0,911.5,VIP
654,Customer 654,customer654@email.com,Bandung,2024-10-15,270,Established,6.0,2188.44,364.74,483.23,2024-01-23 15:00:00,2024-06-29 14:00:00,1.0,1367.54,VIP
655,Customer 655,customer655@email.com,Yogyakarta,2024-10-16,269,Established,7.0,2186.1,312.3,488.46,2024-01-09 14:00:00,2024-07-09 01:00:00,2.0,1363.89,VIP
656,Customer 656,customer656@email.com,Medan,2024-10-17,268,Established,6.0,1823.98,304.0,487.92,2024-01-25 15:00:00,2024-07-26 16:00:00,2.0,1142.79,VIP
657,Customer 657,customer657@email.com,Medan,2024-10-18,267,Established,6.0,1748.1,291.35,495.43,2024-01-25 22:00:00,2024-07-26 11:00:00,2.0,1095.99,VIP
658,Customer 658,customer658@email.com,Medan,2024-10-19,266,Established,6.0,1495.76,249.29,459.96,2024-02-04 15:00:00,2024-07-11 12:00:00,1.0,940.38,VIP
659,Customer 659,customer659@email.com,Surabaya,2024-10-20,265,Established,11.0,3657.2,332.47,464.28,2024-01-16 18:00:00,2024-07-19 07:00:00,4.0,2260.57,VIP
660,Customer 660,customer660@email.com,Bandung,2024-10-21,264,Established,7.0,1586.33,226.62,371.19,2024-01-14 17:00:00,2024-06-25 08:00:00,0.0,995.46,VIP
661,Customer 661,customer661@email.com,Bandung,2024-10-22,263,Established,7.0,1542.45,220.35,488.18,2024-03-07 08:00:00,2024-07-19 18:00:00,2.0,968.5,VIP
662,Customer 662,customer662@email.com,Surabaya,2024-10-23,262,Established,9.0,2333.88,259.32,494.75,2024-01-01 20:00:00,2024-06-28 00:00:00,2.0,1453.26,VIP
663,Customer 663,customer663@email.com,Jakarta,2024-10-24,261,Established,6.0,1874.9,312.48,455.69,2024-01-22 04:00:00,2024-05-31 01:00:00,1.0,1174.19,VIP
664,Customer 664,customer664@email.com,Surabaya,2024-10-25,260,Established,14.0,3256.96,232.64,426.3,2024-01-01 18:00:00,2024-07-23 16:00:00,1.0,2019.44,VIP
665,Customer 665,customer665@email.com,Jakarta,2024-10-26,259,Established,6.0,1865.28,310.88,374.24,2024-01-24 04:00:00,2024-07-03 21:00:00,0.0,1168.26,VIP
666,Customer 666,customer666@email.com,Medan,2024-10-27,258,Established,10.0,2007.2,200.72,480.3,2024-02-21 00:00:00,2024-07-20 10:00:00,2.0,1254.39,VIP
667,Customer 667,customer667@email.com,Yogyakarta,2024-10-28,257,Established,4.0,1042.56,260.64,490.82,2024-02-18 08:00:00,2024-07-10 01:00:00,1.0,663.6,VIP
668,Customer 668,customer668@email.com,Surabaya,2024-10-29,256,Established,2.0,540.66,270.33,448.59,2024-02-09 19:00:00,2024-07-12 23:00:00,1.0,357.43,High Value
669,Customer 669,customer669@email.com,Medan,2024-10-30,255,Established,5.0,1301.74,260.35,406.89,2024-03-02 12:00:00,2024-07-13 10:00:00,1.0,822.08,VIP
670,Customer 670,customer670@email.com,Yogyakarta,2024-10-31,254,Established,12.0,2169.88,180.82,446.58,2024-01-19 06:00:00,2024-07-07 23:00:00,1.0,1356.01,VIP
671,Customer 671,customer671@email.com,Jakarta,2024-11-01,253,Established,0.0,0.0,0.0,0.0,,,0.0,0.0,
672,Customer 672,customer672@email.com,Medan,2024-11-02,252,Established,10.0,2710.59,271.06,484.36,2024-01-11 22:00:00,2024-07-12 13:00:00,1.0,1683.46,VIP
673,Customer 673,customer673@email.com,Medan,2024-11-03,251,Established,7.0,1585.36,226.48,454.96,2024-01-17 02:00:00,2024-07-08 10:00:00,1.0,994.86,VIP
674,Customer 674,customer674@email.com,Medan,2024-11-04,250,Established,2.0,723.17,361.58,474.97,2024-02-14 10:00:00,2024-07-16 22:00:00,1.0,476.06,High Value
675,Customer 675,customer675@email.com,Bandung,2024-11-05,249,Established,5.0,1599.69,319.94,453.82,2024-01-07 01:00:00,2024-06-23 20:00:00,3.0,1006.81,VIP
676,Customer 676,customer676@email.com,Yogyakarta,2024-11-06,248,Established,11.0,1952.11,177.46,412.08,2024-02-01 04:00:00,2024-07-25 02:00:00,2.0,1222.01,VIP
677,Customer 677,customer677@email.com,Medan,2024-11-07,247,Established,3.0,1300.96,433.65,494.86,2024-01-11 13:00:00,2024-03-17 11:00:00,2.0,832.94,VIP
678,Customer 678,customer678@email.com,Yogyakarta,2024-11-08,246,Established,4.0,917.75,229.44,332.47,2024-03-11 06:00:00,2024-07-10 05:00:00,0.0,585.59,High Value
679,Customer 679,customer679@email.com,Medan,2024-11-09,245,Established,3.0,754.9,251.63,336.22,2024-06-16 02:00:00,2024-07-12 20:00:00,0.0,487.1,High Value
680,Customer 680,customer680@email.com,Yogyakarta,2024-11-10,244,Established,1.0,366.96,366.96,366.96,2024-06-17 14:00:00,2024-06-17 14:00:00,0.0,259.87,Medium Value
681,Customer 681,customer681@email.com,Medan,2024-11-11,243,Established,5.0,1500.89,300.18,491.84,2024-01-18 05:00:00,2024-07-23 15:00:00,1.0,945.55,VIP
682,Customer 682,customer682@email.com,Medan,2024-11-12,242,Established,6.0,1655.6,275.93,421.5,2024-01-02 18:00:00,2024-05-06 10:00:00,2.0,1038.95,VIP
683,Customer 683,customer683@email.com,Yogyakarta,2024-11-13,241,Established,4.0,658.25,164.56,351.94,2024-03-05 17:00:00,2024-07-23 04:00:00,0.0,423.41,High Value
684,Customer 684,customer684@email.com,Surabaya,2024-11-14,240,Established,4.0,1510.08,377.52,495.75,2024-01-07 23:00:00,2024-07-01 08:00:00,1.0,955.8,VIP
685,Customer 685,customer685@email.com,Jakarta,2024-11-15,239,Established,10.0,2588.47,258.85,461.44,2024-01-23 09:00:00,2024-07-26 00:00:00,1.0,1608.97,VIP
686,Customer 686,customer686@email.com,Yogyakarta,2024-11-16,238,Established,5.0,603.69,120.74,308.9,2024-01-21 22:00:00,2024-06-10 15:00:00,0.0,389.29,High Value
687,Customer 687,customer687@email.com,Yogyakarta,2024-11-17,237,Established,7.0,1802.11,257.44,447.72,2024-01-03 01:00:00,2024-07-21 17:00:00,3.0,1128.01,VIP
688,Customer 688,customer688@email.com,Medan,2024-11-18,236,Established,6.0,1737.93,289.65,452.94,2024-01-18 22:00:00,2024-07-14 04:00:00,2.0,1089.72,VIP
689,Customer 689,customer689@email.com,Surabaya,2024-11-19,235,Established,8.0,1827.91,228.49,393.16,2024-02-01 11:00:00,2024-07-08 02:00:00,0.0,1143.6,VIP
690,Customer 690,customer690@email.com,Jakarta,2024-11-20,234,Established,7.0,1898.8,271.26,483.35,2024-01-30 01:00:00,2024-06-12 13:00:00,2.0,1187.41,VIP
691,Customer 691,customer691@email.com,Medan,2024-11-21,233,Established,6.0,2029.94,338.32,455.7,2024-01-09 01:00:00,2024-07-21 10:00:00,2.0,1269.8,VIP
692,Customer 692,customer692@email.com,Yogyakarta,2024-11-22,232,Established,5.0,2021.06,404.21,487.79,2024-01-12 02:00:00,2024-06-23 21:00:00,3.0,1268.06,VIP
693,Customer 693,customer693@email.com,Medan,2024-11-23,231,Established,7.0,2286.68,326.67,468.05,2024-02-04 02:00:00,2024-05-28 19:00:00,3.0,1425.67,VIP
694,Customer 694,customer694@email.com,Medan,2024-11-24,230,Established,0.0,0.0,0.0,0.0,,,0.0,0.0,
695,Customer 695,customer695@email.com,Medan,2024-11-25,229,Established,4.0,1068.71,267.18,381.77,2024-02-02 00:00:00,2024-07-20 17:00:00,0.0,679.94,VIP
696,Customer 696,customer696@email.com,Bandung,2024-11-26,228,Established,5.0,911.15,182.23,253.2,2024-02-18 03:00:00,2024-07-23 18:00:00,0.0,579.91,High Value
697,Customer 697,customer697@email.com,Bandung,2024-11-27,227,Established,2.0,554.59,277.29,432.09,2024-01-27 21:00:00,2024-03-27 00:00:00,1.0,366.48,High Value
698,Customer 698,customer698@email.com,Medan,2024-11-28,226,Established,5.0,1114.91,222.98,361.42,2024-01-24 05:00:00,2024-06-05 18:00:00,0.0,706.24,VIP
699,Customer 699,customer699@email.com,Bandung,2024-11-29,225,Established,4.0,1406.19,351.55,490.78,2024-01-09 21:00:00,2024-02-21 02:00:00,2.0,890.87,VIP
700,Customer 700,customer700@email.com,Bandung,2024-11-30,224,Established,8.0,1911.98,239.0,469.65,2024-01-02 20:00:00,2024-05-22 19:00:00,2.0,1195.09,VIP
701,Customer 701,customer701@email.com,Surabaya,2024-12-01,223,Established,6.0,1153.54,192.26,323.83,2024-01-01 06:00:00,2024-07-22 20:00:00,0.0,729.35,VIP
702,Customer 702,customer702@email.com,Bandung,2024-12-02,222,Established,4.0,506.54,126.64,278.0,2024-01-05 17:00:00,2024-06-27 09:00:00,0.0,328.59,High Value
703,Customer 703,customer703@email.com,Bandung,2024-12-03,221,Established,5.0,1201.11,240.22,395.62,2024-01-05 01:00:00,2024-07-25 05:00:00,0.0,759.69,VIP
704,Customer 704,customer704@email.com,Surabaya,2024-12-04,220,Established,11.0,2849.91,259.08,471.23,2024-01-27 08:00:00,2024-07-21 05:00:00,2.0,1768.85,VIP
705,Customer 705,customer705@email.com,Jakarta,2024-12-05,219,Established,3.0,1168.13,389.38,496.33,2024-03-18 21:00:00,2024-04-06 19:00:00,1.0,748.82,VIP
706,Customer 706,customer706@email.com,Surabaya,2024-12-06,218,Established,1.0,15.59,15.59,15.59,2024-01-18 00:00:00,2024-01-18 00:00:00,0.0,13.91,Low Value
707,Customer 707,customer707@email.com,Medan,2024-12-07,217,Established,3.0,819.63,273.21,470.56,2024-03-14 20:00:00,2024-04-22 21:00:00,1.0,528.1,High Value
708,Customer 708,customer708@email.com,Medan,2024-12-08,216,Established,5.0,1479.72,295.94,489.15,2024-05-10 04:00:00,2024-07-16 02:00:00,1.0,932.43,VIP
709,Customer 709,customer709@email.com,Bandung,2024-12-09,215,Established,4.0,923.72,230.93,380.61,2024-02-11 07:00:00,2024-06-18 15:00:00,0.0,589.32,High Value
710,Customer 710,customer710@email.com,Jakarta,2024-12-10,214,Established,8.0,1657.94,207.24,444.33,2024-01-11 08:00:00,2024-06-09 04:00:00,1.0,1039.49,VIP
711,Customer 711,customer711@email.com,Yogyakarta,2024-12-11,213,Established,4.0,693.77,173.44,328.2,2024-01-15 04:00:00,2024-04-30 12:00:00,0.0,445.61,High Value
712,Customer 712,customer712@email.com,Medan,2024-12-12,212,Established,2.0,784.22,392.11,448.95,2024-03-05 00:00:00,2024-05-10 17:00:00,1.0,515.74,High Value
713,Customer 713,customer713@email.com,Medan,2024-12-13,211,Established,3.0,407.0,135.67,176.71,2024-03-20 19:00:00,2024-07-09 18:00:00,0.0,266.77,Medium Value
714,Customer 714,customer714@email.com,Yogyakarta,2024-12-14,210,Established,6.0,1977.76,329.63,413.54,2024-02-06 14:00:00,2024-04-18 10:00:00,1.0,1237.62,VIP
715,Customer 715,customer715@email.com,Jakarta,2024-12-15,209,Established,4.0,754.59,188.65,348.14,2024-02-25 19:00:00,2024-07-21 04:00:00,0.0,483.62,High Value
716,Customer 716,customer716@email.com,Bandung,2024-12-16,208,Established,2.0,553.86,276.93,483.47,2024-04-07 05:00:00,2024-04-15 20:00:00,1.0,366.01,High Value
717,Customer 717,customer717@email.com,Surabaya,2024-12-17,207,Established,2.0,187.49,93.74,118.05,2024-02-13 20:00:00,2024-04-12 12:00:00,0.0,127.87,Medium Value
718,Customer 718,customer718@email.com,Medan,2024-12-18,206,Established,3.0,1334.11,444.7,477.28,2024-02-03 03:00:00,2024-06-28 13:00:00,2.0,853.94,VIP
719,Customer 719,customer719@email.com,Surabaya,2024-12-19,205,Established,2.0,465.15,232.58,259.39,2024-02-20 11:00:00,2024-04-24 09:00:00,0.0,308.35,Medium Value
720,Customer 720,customer720@email.com,Surabaya,2024-12-20,204,Established,4.0,870.53,217.63,436.15,2024-01-05 20:00:00,2024-07-22 22:00:00,1.0,556.08,High Value
721,Customer 721,customer721@email.com,Surabaya,2024-12-21,203,Established,2.0,258.74,129.37,158.36,2024-03-16 00:00:00,2024-04-12 13:00:00,0.0,174.18,Medium Value
722,Customer 722,customer722@email.com,Medan,2024-12-22,202,Established,2.0,201.53,100.76,191.41,2024-03-25 18:00:00,2024-07-03 22:00:00,0.0,136.99,Medium Value
723,Customer 723,customer723@email.com,Jakarta,2024-12-23,201,Established,2.0,355.54,177.77,185.72,2024-03-10 07:00:00,2024-04-18 01:00:00,0.0,237.1,Medium Value
724,Customer 724,customer724@email.com,Yogyakarta,2024-12-24,200,Established,3.0,1148.11,382.7,473.91,2024-02-10 18:00:00,2024-06-24 19:00:00,2.0,736.14,VIP
725,Customer 725,customer725@email.com,Yogyakarta,2024-12-25,199,Established,7.0,1456.02,208.0,378.2,2024-01-05 19:00:00,2024-06-23 04:00:00,0.0,915.41,VIP
726,Customer 726,customer726@email.com,Surabaya,2024-12-26,198,Established,8.0,2107.09,263.39,481.76,2024-01-08 01:00:00,2024-07-23 03:00:00,3.0,1314.59,VIP
727,Customer 727,customer727@email.com,Bandung,2024-12-27,197,Established,11.0,2437.71,221.61,457.39,2024-01-05 15:00:00,2024-07-08 01:00:00,2.0,1517.79,VIP
728,Customer 728,customer728@email.com,Bandung,2024-12-28,196,Established,4.0,1280.33,320.08,479.32,2024-01-07 20:00:00,2024-07-01 17:00:00,2.0,812.21,VIP
729,Customer 729,customer729@email.com,Bandung,2024-12-29,195,Established,4.0,829.27,207.32,315.46,2024-02-01 01:00:00,2024-06-11 21:00:00,0.0,530.29,High Value
730,Customer 730,customer730@email.com,Yogyakarta,2024-12-30,194,Established,5.0,1503.44,300.69,499.29,2024-01-05 03:00:00,2024-07-04 03:00:00,1.0,947.13,VIP
731,Customer 731,customer731@email.com,Jakarta,2024-12-31,193,Established,5.0,1112.72,222.54,468.88,2024-03-18 01:00:00,2024-07-21 13:00:00,1.0,704.89,VIP
732,Customer 732,customer732@email.com,Surabaya,2025-01-01,192,Established,4.0,1026.68,256.67,385.0,2024-02-10 07:00:00,2024-04-19 07:00:00,0.0,653.68,VIP
733,Customer 733,customer733@email.com,Surabaya,2025-01-02,191,Established,3.0,1258.51,419.5,455.32,2024-02-04 12:00:00,2024-05-23 14:00:00,2.0,806.06,VIP
734,Customer 734,customer734@email.com,Jakarta,2025-01-03,190,Established,6.0,1179.35,196.56,394.36,2024-01-09 09:00:00,2024-07-23 21:00:00,0.0,745.27,VIP
735,Customer 735,customer735@email.com,Yogyakarta,2025-01-04,189,Established,5.0,1066.79,213.36,429.94,2024-01-21 17:00:00,2024-06-21 17:00:00,1.0,676.41,VIP
736,Customer 736,customer736@email.com,Surabaya,2025-01-05,188,Established,8.0,1448.13,181.02,367.81,2024-01-13 02:00:00,2024-07-16 14:00:00,0.0,910.98,VIP
737,Customer 737,customer737@email.com,Surabaya,2025-01-06,187,Established,4.0,282.55,70.64,86.7,2024-04-20 19:00:00,2024-07-22 08:00:00,0.0,188.59,Medium Value
738,Customer 738,customer738@email.com,Surabaya,2025-01-07,186,Established,5.0,1092.12,218.42,421.2,2024-02-15 17:00:00,2024-05-13 19:00:00,1.0,692.11,VIP
739,Customer 739,customer739@email.com,Jakarta,2025-01-08,185,Established,8.0,2018.12,252.26,495.85,2024-01-08 05:00:00,2024-06-29 17:00:00,1.0,1260.1,VIP
740,Customer 740,customer740@email.com,Yogyakarta,2025-01-09,184,Established,5.0,985.69,197.14,436.07,2024-02-10 10:00:00,2024-06-07 03:00:00,1.0,626.13,High Value
741,Customer 741,customer741@email.com,Medan,2025-01-10,183,Established,5.0,1378.97,275.79,474.1,2024-01-26 06:00:00,2024-06-05 16:00:00,2.0,869.96,VIP
742,Customer 742,customer742@email.com,Yogyakarta,2025-01-11,182,Established,2.0,298.45,149.22,190.0,2024-05-21 18:00:00,2024-06-04 18:00:00,0.0,199.99,Medium Value
743,Customer 743,customer743@email.com,Medan,2025-01-12,181,Established,4.0,1193.06,298.26,479.39,2024-01-09 04:00:00,2024-06-10 05:00:00,1.0,757.66,VIP
744,Customer 744,customer744@email.com,Yogyakarta,2025-01-13,180,Established,6.0,1854.77,309.13,489.68,2024-03-19 13:00:00,2024-07-24 18:00:00,3.0,1161.77,VIP
745,Customer 745,customer745@email.com,Bandung,2025-01-14,179,Established,4.0,1214.09,303.52,486.51,2024-01-11 05:00:00,2024-05-23 13:00:00,1.0,770.81,VIP
746,Customer 746,customer746@email.com,Jakarta,2025-01-15,178,Established,3.0,506.38,168.79,210.37,2024-03-14 18:00:00,2024-07-26 14:00:00,0.0,329.71,High Value
747,Customer 747,customer747@email.com,Yogyakarta,2025-01-16,177,Established,2.0,648.97,324.48,372.14,2024-02-17 09:00:00,2024-04-03 23:00:00,0.0,427.83,High Value
748,Customer 748,customer748@email.com,Jakarta,2025-01-17,176,Established,6.0,2082.78,347.13,485.86,2024-01-02 12:00:00,2024-07-20 13:00:00,3.0,1302.38,VIP
749,Customer 749,customer749@email.com,Jakarta,2025-01-18,175,Established,7.0,1415.15,202.16,411.64,2024-01-05 21:00:00,2024-07-04 19:00:00,1.0,890.31,VIP
750,Customer 750,customer750@email.com,Yogyakarta,2025-01-19,174,Established,4.0,1269.75,317.44,453.98,2024-01-19 05:00:00,2024-04-17 11:00:00,2.0,805.59,VIP
751,Customer 751,customer751@email.com,Jakarta,2025-01-20,173,Established,7.0,1807.0,258.14,475.14,2024-01-26 18:00:00,2024-07-21 18:00:00,3.0,1131.01,VIP
752,Customer 752,customer752@email.com,Bandung,2025-01-21,172,Established,5.0,1544.33,308.87,407.33,2024-01-14 07:00:00,2024-06-08 02:00:00,2.0,972.48,VIP
753,Customer 753,customer753@email.com,Jakarta,2025-01-22,171,Established,4.0,1230.74,307.68,480.2,2024-03-30 00:00:00,2024-07-04 13:00:00,1.0,781.21,VIP
754,Customer 754,customer754@email.com,Yogyakarta,2025-01-23,170,Established,3.0,722.08,240.69,439.9,2024-01-31 02:00:00,2024-07-21 08:00:00,1.0,466.32,High Value
755,Customer 755,customer755@email.com,Medan,2025-01-24,169,Established,5.0,978.45,195.69,473.11,2024-03-04 10:00:00,2024-07-09 00:00:00,1.0,621.64,High Value
756,Customer 756,customer756@email.com,Surabaya,2025-01-25,168,Established,0.0,0.0,0.0,0.0,,,0.0,0.0,
757,Customer 757,customer757@email.com,Surabaya,2025-01-26,167,Established,4.0,1015.53,253.88,483.61,2024-04-25 05:00:00,2024-07-05 14:00:00,2.0,646.71,VIP
758,Customer 758,customer758@email.com,Medan,2025-01-27,166,Established,5.0,1146.19,229.24,403.57,2024-01-28 22:00:00,2024-07-19 19:00:00,1.0,725.64,VIP
759,Customer 759,customer759@email.com,Yogyakarta,2025-01-28,165,Established,8.0,2394.56,299.32,438.99,2024-01-22 21:00:00,2024-06-25 12:00:00,2.0,1490.67,VIP
760,Customer 760,customer760@email.com,Bandung,2025-01-29,164,Established,3.0,437.31,145.77,275.01,2024-06-12 22:00:00,2024-06-23 15:00:00,0.0,285.96,Medium Value
761,Customer 761,customer761@email.com,Bandung,2025-01-30,163,Established,7.0,1691.55,241.65,458.75,2024-02-01 03:00:00,2024-07-21 06:00:00,1.0,1060.09,VIP
762,Customer 762,customer762@email.com,Bandung,2025-01-31,162,Established,6.0,1756.38,292.73,480.33,2024-01-28 20:00:00,2024-07-20 18:00:00,2.0,1101.1,VIP
763,Customer 763,customer763@email.com,Medan,2025-02-01,161,Established,6.0,1742.16,290.36,463.77,2024-02-14 23:00:00,2024-06-28 16:00:00,1.0,1092.33,VIP
764,Customer 764,customer764@email.com,Bandung,2025-02-02,160,Established,9.0,2257.95,250.88,466.46,2024-01-06 04:00:00,2024-07-18 13:00:00,3.0,1406.86,VIP
765,Customer 765,customer765@email.com,Surabaya,2025-02-03,159,Established,0.0,0.0,0.0,0.0,,,0.0,0.0,
766,Customer 766,customer766@email.com,Yogyakarta,2025-02-04,158,Established,1.0,92.44,92.44,92.44,2024-06-05 23:00:00,2024-06-05 23:00:00,0.0,67.71,Low Value
767,Customer 767,customer767@email.com,Jakarta,2025-02-05,157,Established,6.0,1638.24,273.04,415.5,2024-01-08 14:00:00,2024-07-01 01:00:00,1.0,1028.25,VIP
768,Customer 768,customer768@email.com,Medan,2025-02-06,156,Established,4.0,1020.8,255.2,488.48,2024-05-16 12:00:00,2024-05-27 13:00:00,1.0,650.0,VIP
769,Customer 769,customer769@email.com,Medan,2025-02-07,155,Established,6.0,1605.71,267.62,468.02,2024-01-08 10:00:00,2024-07-03 15:00:00,2.0,1008.19,VIP
770,Customer 770,customer770@email.com,Surabaya,2025-02-08,154,Established,7.0,1629.95,232.85,467.26,2024-01-01 22:00:00,2024-07-09 04:00:00,2.0,1022.26,VIP
771,Customer 771,customer771@email.com,Bandung,2025-02-09,153,Established,6.0,905.69,150.95,255.1,2024-01-14 16:00:00,2024-07-25 20:00:00,0.0,576.51,High Value
772,Customer 772,customer772@email.com,Jakarta,2025-02-10,152,Established,8.0,2272.67,284.08,494.13,2024-01-04 22:00:00,2024-07-21 19:00:00,1.0,1416.01,VIP
773,Customer 773,customer773@email.com,Medan,2025-02-11,151,Established,3.0,695.11,231.7,425.06,2024-01-07 05:00:00,2024-05-26 23:00:00,1.0,449.24,High Value
774,Customer 774,customer774@email.com,Surabaya,2025-02-12,150,Established,7.0,2114.44,302.06,380.53,2024-01-25 05:00:00,2024-06-18 06:00:00,0.0,1319.87,VIP
775,Customer 775,customer775@email.com,Jakarta,2025-02-13,149,Established,3.0,999.26,333.09,468.61,2024-03-14 00:00:00,2024-06-19 20:00:00,2.0,641.86,High Value
776,Customer 776,customer776@email.com,Surabaya,2025-02-14,148,Established,11.0,2397.05,217.91,458.49,2024-01-04 09:00:00,2024-06-30 01:00:00,1.0,1493.02,VIP
777,Customer 777,customer777@email.com,Jakarta,2025-02-15,147,Established,4.0,1571.04,392.76,463.97,2024-01-03 22:00:00,2024-07-05 23:00:00,2.0,993.9,VIP
778,Customer 778,customer778@email.com,Jakarta,2025-02-16,146,Established,5.0,1580.57,316.11,407.81,2024-03-11 17:00:00,2024-05-28 10:00:00,1.0,994.95,VIP
779,Customer 779,customer779@email.com,Yogyakarta,2025-02-17,145,Established,10.0,1909.59,190.96,315.35,2024-01-15 14:00:00,2024-07-06 15:00:00,0.0,1194.85,VIP
780,Customer 780,customer780@email.com,Yogyakarta,2025-02-18,144,Established,4.0,665.38,166.34,377.49,2024-01-07 13:00:00,2024-07-04 01:00:00,0.0,427.86,High Value
781,Customer 781,customer781@email.com,Medan,2025-02-19,143,Established,7.0,2087.88,298.27,428.43,2024-03-26 09:00:00,2024-05-31 13:00:00,2.0,1303.56,VIP
782,Customer 782,customer782@email.com,Bandung,2025-02-20,142,Established,3.0,801.64,267.21,383.56,2024-03-23 18:00:00,2024-06-17 11:00:00,0.0,516.7,High Value
783,Customer 783,customer783@email.com,Bandung,2025-02-21,141,Established,7.0,1480.26,211.47,367.33,2024-01-02 22:00:00,2024-06-24 15:00:00,0.0,930.3,VIP
784,Customer 784,customer784@email.com,Medan,2025-02-22,140,Established,2.0,430.4,215.2,317.11,2024-02-09 14:00:00,2024-05-13 15:00:00,0.0,285.76,Medium Value
785,Customer 785,customer785@email.com,Bandung,2025-02-23,139,Established,4.0,1159.35,289.84,435.52,2024-01-22 11:00:00,2024-05-20 07:00:00,1.0,736.59,VIP
786,Customer 786,customer786@email.com,Medan,2025-02-24,138,Established,2.0,184.16,92.08,110.93,2024-04-10 08:00:00,2024-07-16 03:00:00,0.0,125.7,Medium Value
787,Customer 787,customer787@email.com,Jakarta,2025-02-25,137,Established,8.0,2118.62,264.83,404.66,2024-01-26 01:00:00,2024-07-18 20:00:00,1.0,1321.65,VIP
788,Customer 788,customer788@email.com,Yogyakarta,2025-02-26,136,Established,2.0,406.08,203.04,387.91,2024-05-16 10:00:00,2024-07-02 17:00:00,0.0,269.95,Medium Value
789,Customer 789,customer789@email.com,Surabaya,2025-02-27,135,Established,5.0,1281.79,256.36,391.47,2024-02-18 16:00:00,2024-07-06 06:00:00,0.0,809.71,VIP
790,Customer 790,customer790@email.com,Yogyakarta,2025-02-28,134,Established,2.0,534.13,267.06,341.7,2024-01-27 11:00:00,2024-05-29 18:00:00,0.0,353.18,High Value
791,Customer 791,customer791@email.com,Jakarta,2025-03-01,133,Established,2.0,669.01,334.5,345.72,2024-01-26 10:00:00,2024-06-18 09:00:00,0.0,440.86,High Value
792,Customer 792,customer792@email.com,Yogyakarta,2025-03-02,132,Established,5.0,1201.8,240.36,364.19,2024-01-06 01:00:00,2024-06-10 09:00:00,0.0,760.12,VIP
793,Customer 793,customer793@email.com,Surabaya,2025-03-03,131,Established,5.0,1069.22,213.84,302.07,2024-01-21 16:00:00,2024-06-22 03:00:00,0.0,677.92,VIP
794,Customer 794,customer794@email.com,Jakarta,2025-03-04,130,Established,8.0,2194.91,274.36,467.05,2024-02-19 14:00:00,2024-07-24 03:00:00,2.0,1368.38,VIP
795,Customer 795,customer795@email.com,Jakarta,2025-03-05,129,Established,4.0,1145.72,286.43,459.57,2024-01-08 17:00:00,2024-06-21 21:00:00,1.0,728.08,VIP
796,Customer 796,customer796@email.com,Surabaya,2025-03-06,128,Established,6.0,1335.29,222.55,461.89,2024-01-10 00:00:00,2024-07-11 08:00:00,1.0,841.43,VIP
797,Customer 797,customer797@email.com,Yogyakarta,2025-03-07,127,Established,7.0,1936.62,276.66,474.45,2024-02-16 16:00:00,2024-07-16 06:00:00,2.0,1210.64,VIP
798,Customer 798,customer798@email.com,Medan,2025-03-08,126,Established,8.0,1643.45,205.43,420.06,2024-01-10 12:00:00,2024-06-23 11:00:00,1.0,1030.61,VIP
799,Customer 799,customer799@email.com,Jakarta,2025-03-09,125,Established,1.0,320.52,320.52,320.52,2024-03-06 04:00:00,2024-03-06 04:00:00,0.0,227.36,Medium Value
800,Customer 800,customer800@email.com,Bandung,2025-03-10,124,Established,9.0,2105.83,233.98,436.63,2024-01-23 23:00:00,2024-07-12 01:00:00,1.0,1313.9,VIP
801,Customer 801,customer801@email.com,Yogyakarta,2025-03-11,123,Established,5.0,1041.32,208.26,421.65,2024-01-18 09:00:00,2024-04-28 06:00:00,1.0,660.62,VIP
802,Customer 802,customer802@email.com,Surabaya,2025-03-12,122,Established,6.0,2017.45,336.24,415.99,2024-01-26 19:00:00,2024-07-25 09:00:00,1.0,1262.09,VIP
803,Customer 803,customer803@email.com,Bandung,2025-03-13,121,Established,6.0,1501.85,250.31,357.21,2024-03-07 19:00:00,2024-05-15 13:00:00,0.0,944.14,VIP
804,Customer 804,customer804@email.com,Jakarta,2025-03-14,120,Established,5.0,1342.66,268.53,369.17,2024-02-06 04:00:00,2024-05-27 22:00:00,0.0,847.45,VIP
805,Customer 805,customer805@email.com,Yogyakarta,2025-03-15,119,Established,10.0,1996.8,199.68,471.93,2024-01-07 21:00:00,2024-06-04 17:00:00,1.0,1248.05,VIP
806,Customer 806,customer806@email.com,Yogyakarta,2025-03-16,118,Established,8.0,1879.06,234.88,436.95,2024-01-02 02:00:00,2024-07-22 13:00:00,2.0,1174.92,VIP
807,Customer 807,customer807@email.com,Jakarta,2025-03-17,117,Established,5.0,1306.39,261.28,475.96,2024-01-12 10:00:00,2024-07-05 12:00:00,2.0,824.96,VIP
808,Customer 808,customer808@email.com,Jakarta,2025-03-18,116,Established,0.0,0.0,0.0,0.0,,,0.0,0.0,
809,Customer 809,customer809@email.com,Yogyakarta,2025-03-19,115,Established,2.0,543.51,271.76,484.72,2024-04-16 19:00:00,2024-06-10 13:00:00,1.0,359.28,High Value
810,Customer 810,customer810@email.com,Yogyakarta,2025-03-20,114,Established,1.0,261.25,261.25,261.25,2024-07-23 08:00:00,2024-07-23 08:00:00,0.0,185.88,Medium Value
811,Customer 811,customer811@email.com,Medan,2025-03-21,113,Established,3.0,669.89,223.3,295.63,2024-01-22 15:00:00,2024-04-25 18:00:00,0.0,433.26,High Value
812,Customer 812,customer812@email.com,Surabaya,2025-03-22,112,Established,4.0,840.02,210.0,454.42,2024-02-22 08:00:00,2024-05-11 15:00:00,1.0,537.01,High Value
813,Customer 813,customer813@email.com,Jakarta,2025-03-23,111,Established,7.0,1635.8,233.69,444.55,2024-01-06 11:00:00,2024-07-10 18:00:00,1.0,1025.85,VIP
814,Customer 814,customer814@email.com,Bandung,2025-03-24,110,Established,6.0,1423.07,237.18,448.82,2024-03-06 16:00:00,2024-06-21 02:00:00,1.0,895.56,VIP
815,Customer 815,customer815@email.com,Surabaya,2025-03-25,109,Established,8.0,1995.71,249.46,449.32,2024-02-08 06:00:00,2024-06-25 20:00:00,2.0,1246.37,VIP
816,Customer 816,customer816@email.com,Yogyakarta,2025-03-26,108,Established,6.0,2176.27,362.71,472.78,2024-01-05 11:00:00,2024-05-01 16:00:00,4.0,1360.03,VIP
817,Customer 817,customer817@email.com,Bandung,2025-03-27,107,Established,7.0,1540.99,220.14,456.3,2024-02-28 03:00:00,2024-07-13 21:00:00,2.0,967.61,VIP
818,Customer 818,customer818@email.com,Yogyakarta,2025-03-28,106,Established,2.0,96.18,48.09,59.93,2024-01-23 00:00:00,2024-07-15 08:00:00,0.0,68.52,Low Value
819,Customer 819,customer819@email.com,Bandung,2025-03-29,105,Established,6.0,1070.45,178.41,376.85,2024-01-03 11:00:00,2024-07-09 10:00:00,0.0,678.11,VIP
820,Customer 820,customer820@email.com,Medan,2025-03-30,104,Established,7.0,1405.5,200.79,485.63,2024-01-15 05:00:00,2024-07-20 14:00:00,1.0,884.38,VIP
821,Customer 821,customer821@email.com,Medan,2025-03-31,103,Established,4.0,1020.64,255.16,371.6,2024-03-01 19:00:00,2024-07-17 01:00:00,0.0,649.9,VIP
822,Customer 822,customer822@email.com,Medan,2025-04-01,102,Established,10.0,3348.99,334.9,493.68,2024-01-04 23:00:00,2024-07-19 13:00:00,3.0,2072.88,VIP
823,Customer 823,customer823@email.com,Surabaya,2025-04-02,101,Established,6.0,1279.91,213.32,419.13,2024-01-25 12:00:00,2024-07-02 22:00:00,1.0,807.28,VIP
824,Customer 824,customer824@email.com,Medan,2025-04-03,100,Established,5.0,1660.83,332.17,480.85,2024-02-07 19:00:00,2024-07-04 21:00:00,1.0,1044.71,VIP
825,Customer 825,customer825@email.com,Bandung,2025-04-04,99,Established,7.0,2161.88,308.84,499.78,2024-01-23 07:00:00,2024-07-12 14:00:00,2.0,1349.01,VIP
826,Customer 826,customer826@email.com,Yogyakarta,2025-04-05,98,Established,5.0,1130.91,226.18,483.1,2024-01-31 17:00:00,2024-05-26 08:00:00,1.0,716.16,VIP
827,Customer 827,customer827@email.com,Jakarta,2025-04-06,97,Established,5.0,710.07,142.01,315.05,2024-01-11 20:00:00,2024-07-15 10:00:00,0.0,455.24,High Value
828,Customer 828,customer828@email.com,Jakarta,2025-04-07,96,Established,10.0,2746.32,274.63,447.82,2024-01-23 04:00:00,2024-06-19 15:00:00,1.0,1705.26,VIP
829,Customer 829,customer829@email.com,Jakarta,2025-04-08,95,Established,5.0,1545.39,309.08,465.7,2024-01-20 00:00:00,2024-06-29 03:00:00,1.0,973.14,VIP
830,Customer 830,customer830@email.com,Yogyakarta,2025-04-09,94,Established,3.0,656.33,218.78,408.92,2024-01-12 04:00:00,2024-02-24 10:00:00,1.0,424.68,High Value
831,Customer 831,customer831@email.com,Surabaya,2025-04-10,93,Established,8.0,1416.61,177.08,336.79,2024-01-26 00:00:00,2024-06-16 14:00:00,0.0,891.67,VIP
832,Customer 832,customer832@email.com,Yogyakarta,2025-04-11,92,Established,5.0,1328.26,265.65,410.48,2024-01-03 07:00:00,2024-06-09 16:00:00,1.0,838.52,VIP
833,Customer 833,customer833@email.com,Bandung,2025-04-12,91,Established,6.0,1389.91,231.65,433.57,2024-02-05 19:00:00,2024-07-14 09:00:00,1.0,875.11,VIP
834,Customer 834,customer834@email.com,Yogyakarta,2025-04-13,90,Recent,2.0,500.09,250.04,385.03,2024-01-23 22:00:00,2024-03-03 05:00:00,0.0,331.06,High Value
835,Customer 835,customer835@email.com,Yogyakarta,2025-04-14,89,Recent,5.0,1703.81,340.76,488.94,2024-01-30 11:00:00,2024-07-23 05:00:00,3.0,1071.36,VIP
836,Customer 836,customer836@email.com,Bandung,2025-04-15,88,Recent,4.0,1056.06,264.02,447.35,2024-01-13 15:00:00,2024-07-17 20:00:00,1.0,672.04,VIP
837,Customer 837,customer837@email.com,Yogyakarta,2025-04-16,87,Recent,9.0,2567.76,285.31,455.87,2024-01-14 00:00:00,2024-07-22 16:00:00,3.0,1596.19,VIP
838,Customer 838,customer838@email.com,Medan,2025-04-17,86,Recent,6.0,1789.46,298.24,473.53,2024-01-24 16:00:00,2024-06-10 12:00:00,1.0,1121.5,VIP
839,Customer 839,customer839@email.com,Yogyakarta,2025-04-18,85,Recent,2.0,441.69,220.84,423.39,2024-01-06 14:00:00,2024-01-09 20:00:00,1.0,293.1,Medium Value
840,Customer 840,customer840@email.com,Jakarta,2025-04-19,84,Recent,10.0,1865.05,186.5,441.08,2024-01-07 12:00:00,2024-07-22 10:00:00,2.0,1167.68,VIP
841,Customer 841,customer841@email.com,Medan,2025-04-20,83,Recent,2.0,669.95,334.98,354.89,2024-01-03 14:00:00,2024-06-12 01:00:00,0.0,441.47,High Value
842,Customer 842,customer842@email.com,Yogyakarta,2025-04-21,82,Recent,6.0,1302.17,217.03,441.82,2024-01-30 15:00:00,2024-06-15 20:00:00,1.0,821.0,VIP
843,Customer 843,customer843@email.com,Bandung,2025-04-22,81,Recent,4.0,1257.91,314.48,473.43,2024-02-04 14:00:00,2024-07-09 11:00:00,2.0,798.19,VIP
844,Customer 844,customer844@email.com,Medan,2025-04-23,80,Recent,2.0,397.11,198.56,357.74,2024-03-04 04:00:00,2024-04-23 04:00:00,0.0,264.12,Medium Value
845,Customer 845,customer845@email.com,Medan,2025-04-24,79,Recent,5.0,1154.57,230.91,399.04,2024-02-26 23:00:00,2024-06-26 14:00:00,0.0,730.83,VIP
846,Customer 846,customer846@email.com,Surabaya,2025-04-25,78,Recent,3.0,898.4,299.47,459.21,2024-05-18 06:00:00,2024-06-27 13:00:00,2.0,577.99,High Value
847,Customer 847,customer847@email.com,Bandung,2025-04-26,77,Recent,3.0,452.15,150.72,209.25,2024-02-25 07:00:00,2024-07-12 06:00:00,0.0,295.36,Medium Value
848,Customer 848,customer848@email.com,Surabaya,2025-04-27,76,Recent,4.0,1099.01,274.75,484.78,2024-02-17 18:00:00,2024-06-19 21:00:00,1.0,698.88,VIP
849,Customer 849,customer849@email.com,Jakarta,2025-04-28,75,Recent,6.0,1883.34,313.89,484.35,2024-01-31 05:00:00,2024-07-22 05:00:00,1.0,1179.39,VIP
850,Customer 850,customer850@email.com,Surabaya,2025-04-29,74,Recent,5.0,1604.54,320.91,458.35,2024-02-15 21:00:00,2024-07-18 14:00:00,2.0,1009.82,VIP
851,Customer 851,customer851@email.com,Jakarta,2025-04-30,73,Recent,3.0,378.46,126.15,203.34,2024-02-03 07:00:00,2024-04-30 00:00:00,0.0,248.69,Medium Value
852,Customer 852,customer852@email.com,Surabaya,2025-05-01,72,Recent,7.0,1541.05,220.15,429.7,2024-01-17 11:00:00,2024-07-08 04:00:00,1.0,967.64,VIP
853,Customer 853,customer853@email.com,Surabaya,2025-05-02,71,Recent,6.0,1472.78,245.46,463.83,2024-02-12 03:00:00,2024-07-18 23:00:00,1.0,926.21,VIP
854,Customer 854,customer854@email.com,Medan,2025-05-03,70,Recent,6.0,1606.49,267.75,473.9,2024-01-22 03:00:00,2024-07-17 00:00:00,1.0,1008.67,VIP
855,Customer 855,customer855@email.com,Surabaya,2025-05-04,69,Recent,3.0,827.04,275.68,425.62,2024-01-13 00:00:00,2024-06-25 13:00:00,1.0,532.79,High Value
856,Customer 856,customer856@email.com,Jakarta,2025-05-05,68,Recent,5.0,1395.81,279.16,444.86,2024-03-08 22:00:00,2024-07-06 05:00:00,1.0,880.4,VIP
857,Customer 857,customer857@email.com,Yogyakarta,2025-05-06,67,Recent,5.0,1075.57,215.11,451.8,2024-01-02 13:00:00,2024-06-14 02:00:00,2.0,681.85,VIP
858,Customer 858,customer858@email.com,Medan,2025-05-07,66,Recent,2.0,657.43,328.72,356.78,2024-01-08 21:00:00,2024-02-06 15:00:00,0.0,433.33,High Value
859,Customer 859,customer859@email.com,Medan,2025-05-08,65,Recent,7.0,1303.81,186.26,438.63,2024-02-16 00:00:00,2024-07-07 20:00:00,1.0,821.91,VIP
860,Customer 860,customer860@email.com,Medan,2025-05-09,64,Recent,2.0,407.73,203.86,353.42,2024-04-16 00:00:00,2024-05-31 11:00:00,0.0,271.02,Medium Value
861,Customer 861,customer861@email.com,Medan,2025-05-10,63,Recent,5.0,1578.86,315.77,453.99,2024-01-01 02:00:00,2024-05-18 14:00:00,2.0,993.89,VIP
862,Customer 862,customer862@email.com,Surabaya,2025-05-11,62,Recent,4.0,1158.58,289.64,492.02,2024-04-18 22:00:00,2024-06-24 14:00:00,2.0,736.11,VIP
863,Customer 863,customer863@email.com,Surabaya,2025-05-12,61,Recent,2.0,440.56,220.28,289.73,2024-01-05 10:00:00,2024-02-13 00:00:00,0.0,292.36,Medium Value
864,Customer 864,customer864@email.com,Bandung,2025-05-13,60,Recent,6.0,769.05,128.17,272.84,2024-01-09 03:00:00,2024-07-22 09:00:00,0.0,492.25,High Value
865,Customer 865,customer865@email.com,Bandung,2025-05-14,59,Recent,4.0,1303.35,325.84,489.78,2024-03-01 08:00:00,2024-07-05 10:00:00,2.0,826.59,VIP
866,Customer 866,customer866@email.com,Yogyakarta,2025-05-15,58,Recent,8.0,1557.03,194.63,402.9,2024-03-21 15:00:00,2024-07-19 11:00:00,1.0,977.68,VIP
867,Customer 867,customer867@email.com,Jakarta,2025-05-16,57,Recent,9.0,3104.79,344.98,488.73,2024-01-22 23:00:00,2024-07-04 14:00:00,2.0,1924.37,VIP
868,Customer 868,customer868@email.com,Surabaya,2025-05-17,56,Recent,2.0,617.83,308.91,340.07,2024-02-26 22:00:00,2024-06-06 22:00:00,0.0,407.59,High Value
869,Customer 869,customer869@email.com,Yogyakarta,2025-05-18,55,Recent,5.0,1280.07,256.01,489.35,2024-02-01 06:00:00,2024-07-15 22:00:00,1.0,808.64,VIP
870,Customer 870,customer870@email.com,Medan,2025-05-19,54,Recent,1.0,146.54,146.54,146.54,2024-02-13 02:00:00,2024-02-13 02:00:00,0.0,105.58,Medium Value
871,Customer 871,customer871@email.com,Yogyakarta,2025-05-20,53,Recent,5.0,1157.3,231.46,266.88,2024-01-08 16:00:00,2024-06-08 11:00:00,0.0,732.53,VIP
872,Customer 872,customer872@email.com,Surabaya,2025-05-21,52,Recent,8.0,2502.51,312.81,468.73,2024-01-01 17:00:00,2024-05-13 00:00:00,3.0,1556.79,VIP
873,Customer 873,customer873@email.com,Jakarta,2025-05-22,51,Recent,5.0,1098.61,219.72,333.63,2024-02-02 05:00:00,2024-07-02 07:00:00,0.0,696.14,VIP
874,Customer 874,customer874@email.com,Medan,2025-05-23,50,Recent,3.0,807.86,269.29,482.21,2024-03-17 18:00:00,2024-06-02 15:00:00,1.0,520.64,High Value
875,Customer 875,customer875@email.com,Medan,2025-05-24,49,Recent,2.0,626.41,313.21,320.55,2024-06-12 09:00:00,2024-06-20 03:00:00,0.0,413.17,High Value
876,Customer 876,customer876@email.com,Surabaya,2025-05-25,48,Recent,6.0,2091.4,348.57,497.86,2024-01-03 04:00:00,2024-06-23 02:00:00,3.0,1307.7,VIP
877,Customer 877,customer877@email.com,Yogyakarta,2025-05-26,47,Recent,8.0,2278.12,284.76,432.48,2024-01-25 06:00:00,2024-07-14 13:00:00,2.0,1419.35,VIP
878,Customer 878,customer878@email.com,Yogyakarta,2025-05-27,46,Recent,5.0,1521.7,304.34,470.85,2024-01-17 22:00:00,2024-06-17 00:00:00,2.0,958.45,VIP
879,Customer 879,customer879@email.com,Bandung,2025-05-28,45,Recent,3.0,565.01,188.34,251.5,2024-01-05 23:00:00,2024-04-07 17:00:00,0.0,366.84,High Value
880,Customer 880,customer880@email.com,Bandung,2025-05-29,44,Recent,2.0,624.6,312.3,460.82,2024-02-02 11:00:00,2024-06-15 23:00:00,1.0,411.99,High Value
881,Customer 881,customer881@email.com,Yogyakarta,2025-05-30,43,Recent,11.0,2999.33,272.67,432.76,2024-01-16 06:00:00,2024-07-22 07:00:00,2.0,1859.86,VIP
882,Customer 882,customer882@email.com,Medan,2025-05-31,42,Recent,3.0,532.84,177.61,275.27,2024-03-09 06:00:00,2024-04-24 15:00:00,0.0,346.46,High Value
883,Customer 883,customer883@email.com,Surabaya,2025-06-01,41,Recent,9.0,1817.33,201.93,390.64,2024-01-19 01:00:00,2024-07-20 08:00:00,0.0,1137.59,VIP
884,Customer 884,customer884@email.com,Medan,2025-06-02,40,Recent,4.0,809.13,202.28,288.79,2024-01-14 01:00:00,2024-06-17 01:00:00,0.0,517.71,High Value
885,Customer 885,customer885@email.com,Yogyakarta,2025-06-03,39,Recent,4.0,1328.64,332.16,471.15,2024-01-27 03:00:00,2024-03-29 14:00:00,2.0,842.4,VIP
886,Customer 886,customer886@email.com,Bandung,2025-06-04,38,Recent,6.0,1109.91,184.98,491.42,2024-02-08 09:00:00,2024-07-19 06:00:00,1.0,702.44,VIP
887,Customer 887,customer887@email.com,Medan,2025-06-05,37,Recent,5.0,1812.4,362.48,464.99,2024-04-08 12:00:00,2024-06-21 08:00:00,3.0,1138.69,VIP
888,Customer 888,customer888@email.com,Surabaya,2025-06-06,36,Recent,8.0,2066.68,258.33,473.5,2024-03-05 22:00:00,2024-06-27 02:00:00,2.0,1289.84,VIP
889,Customer 889,customer889@email.com,Yogyakarta,2025-06-07,35,Recent,2.0,582.08,291.04,357.6,2024-03-28 08:00:00,2024-04-13 15:00:00,0.0,384.35,High Value
890,Customer 890,customer890@email.com,Surabaya,2025-06-08,34,Recent,1.0,461.14,461.14,461.14,2024-03-30 14:00:00,2024-03-30 14:00:00,1.0,325.8,Medium Value
891,Customer 891,customer891@email.com,Surabaya,2025-06-09,33,Recent,9.0,2114.37,234.93,473.06,2024-02-03 17:00:00,2024-05-10 00:00:00,1.0,1319.11,VIP
892,Customer 892,customer892@email.com,Surabaya,2025-06-10,32,Recent,7.0,1335.17,190.74,360.41,2024-01-08 23:00:00,2024-07-05 09:00:00,0.0,841.18,VIP
893,Customer 893,customer893@email.com,Bandung,2025-06-11,31,Recent,3.0,601.95,200.65,279.77,2024-03-31 07:00:00,2024-06-24 20:00:00,0.0,390.24,High Value
894,Customer 894,customer894@email.com,Medan,2025-06-12,30,New,3.0,782.04,260.68,315.15,2024-02-26 19:00:00,2024-04-11 19:00:00,0.0,504.29,High Value
895,Customer 895,customer895@email.com,Bandung,2025-06-13,29,New,3.0,1135.59,378.53,427.5,2024-02-07 06:00:00,2024-06-14 12:00:00,2.0,728.21,VIP
896,Customer 896,customer896@email.com,Medan,2025-06-14,28,New,6.0,1032.31,172.05,280.83,2024-01-17 21:00:00,2024-06-24 08:00:00,0.0,654.59,VIP
897,Customer 897,customer897@email.com,Medan,2025-06-15,27,New,4.0,1138.47,284.62,439.4,2024-01-16 08:00:00,2024-03-14 13:00:00,1.0,723.54,VIP
898,Customer 898,customer898@email.com,Medan,2025-06-16,26,New,3.0,1179.2,393.07,451.87,2024-01-04 01:00:00,2024-02-27 09:00:00,1.0,755.83,VIP
899,Customer 899,customer899@email.com,Yogyakarta,2025-06-17,25,New,7.0,1720.87,245.84,479.48,2024-02-24 17:00:00,2024-07-17 05:00:00,1.0,1078.11,VIP
900,Customer 900,customer900@email.com,Yogyakarta,2025-06-18,24,New,7.0,1959.77,279.97,457.27,2024-01-09 08:00:00,2024-06-05 21:00:00,3.0,1224.86,VIP
901,Customer 901,customer901@email.com,Surabaya,2025-06-19,23,New,3.0,771.48,257.16,465.92,2024-04-01 17:00:00,2024-07-24 20:00:00,1.0,497.6,High Value
902,Customer 902,customer902@email.com,Surabaya,2025-06-20,22,New,4.0,1045.61,261.4,368.79,2024-02-27 02:00:00,2024-05-17 09:00:00,0.0,665.51,VIP
903,Customer 903,customer903@email.com,Medan,2025-06-21,21,New,6.0,1143.12,190.52,273.68,2024-01-23 06:00:00,2024-07-21 20:00:00,0.0,722.92,VIP
904,Customer 904,customer904@email.com,Medan,2025-06-22,20,New,3.0,227.27,75.76,108.88,2024-04-17 14:00:00,2024-07-27 06:00:00,0.0,152.94,Medium Value
905,Customer 905,customer905@email.com,Medan,2025-06-23,19,New,6.0,957.68,159.61,303.3,2024-03-06 06:00:00,2024-07-01 12:00:00,0.0,608.57,High Value
906,Customer 906,customer906@email.com,Medan,2025-06-24,18,New,6.0,1473.41,245.57,436.69,2024-01-29 04:00:00,2024-07-23 07:00:00,1.0,926.6,VIP
907,Customer 907,customer907@email.com,Jakarta,2025-06-25,17,New,4.0,1045.68,261.42,406.34,2024-01-14 05:00:00,2024-07-06 18:00:00,1.0,665.55,VIP
908,Customer 908,customer908@email.com,Medan,2025-06-26,16,New,4.0,742.77,185.69,490.18,2024-01-26 13:00:00,2024-06-14 05:00:00,1.0,476.23,High Value
909,Customer 909,customer909@email.com,Surabaya,2025-06-27,15,New,6.0,1699.14,283.19,470.91,2024-02-10 23:00:00,2024-07-18 04:00:00,2.0,1065.8,VIP
910,Customer 910,customer910@email.com,Surabaya,2025-06-28,14,New,5.0,1720.92,344.18,485.76,2024-02-15 09:00:00,2024-07-25 21:00:00,2.0,1081.97,VIP
911,Customer 911,customer911@email.com,Medan,2025-06-29,13,New,6.0,1356.2,226.03,443.33,2024-02-27 21:00:00,2024-07-24 15:00:00,1.0,854.32,VIP
912,Customer 912,customer912@email.com,Bandung,2025-06-30,12,New,7.0,2534.82,362.12,495.9,2024-01-28 08:00:00,2024-07-10 07:00:00,4.0,1578.1,VIP
913,Customer 913,customer913@email.com,Bandung,2025-07-01,11,New,4.0,924.83,231.21,498.84,2024-02-04 22:00:00,2024-07-16 12:00:00,1.0,590.02,High Value
914,Customer 914,customer914@email.com,Bandung,2025-07-02,10,New,4.0,1145.22,286.3,411.25,2024-01-17 20:00:00,2024-07-13 13:00:00,1.0,727.76,VIP
915,Customer 915,customer915@email.com,Bandung,2025-07-03,9,New,9.0,2390.66,265.63,456.45,2024-02-02 22:00:00,2024-06-18 14:00:00,2.0,1487.96,VIP
916,Customer 916,customer916@email.com,Medan,2025-07-04,8,New,6.0,1747.96,291.33,452.18,2024-01-18 13:00:00,2024-06-22 04:00:00,3.0,1095.91,VIP
917,Customer 917,customer917@email.com,Surabaya,2025-07-05,7,New,6.0,1321.2,220.2,419.86,2024-04-30 14:00:00,2024-06-13 05:00:00,1.0,832.74,VIP
918,Customer 918,customer918@email.com,Jakarta,2025-07-06,6,New,4.0,528.49,132.12,324.13,2024-02-28 21:00:00,2024-05-05 20:00:00,0.0,342.31,High Value
919,Customer 919,customer919@email.com,Jakarta,2025-07-07,5,New,6.0,1796.47,299.41,469.77,2024-02-15 05:00:00,2024-04-26 07:00:00,2.0,1125.82,VIP
920,Customer 920,customer920@email.com,Medan,2025-07-08,4,New,6.0,1680.43,280.07,473.58,2024-01-17 03:00:00,2024-07-12 19:00:00,2.0,1054.27,VIP
921,Customer 921,customer921@email.com,Jakarta,2025-07-09,3,New,10.0,1983.81,198.38,462.41,2024-01-23 01:00:00,2024-07-11 03:00:00,1.0,1240.12,VIP
922,Customer 922,customer922@email.com,Bandung,2025-07-10,2,New,5.0,684.88,136.98,301.61,2024-01-06 02:00:00,2024-06-09 13:00:00,0.0,439.63,High Value
923,Customer 923,customer923@email.com,Yogyakarta,2025-07-11,1,New,6.0,1317.66,219.61,490.9,2024-02-10 12:00:00,2024-07-21 03:00:00,2.0,830.56,VIP
924,Customer 924,customer924@email.com,Yogyakarta,2025-07-12,0,,3.0,630.67,210.22,288.45,2024-04-18 09:00:00,2024-06-21 14:00:00,0.0,408.42,High Value
925,Customer 925,customer925@email.com,Jakarta,2025-07-13,-1,,3.0,797.99,266.0,442.8,2024-02-10 22:00:00,2024-05-23 16:00:00,1.0,514.39,High Value
926,Customer 926,customer926@email.com,Jakarta,2025-07-14,-2,,4.0,1013.37,253.34,473.42,2024-03-27 07:00:00,2024-07-14 16:00:00,1.0,645.36,VIP
927,Customer 927,customer927@email.com,Medan,2025-07-15,-3,,5.0,1161.41,232.28,473.06,2024-04-04 12:00:00,2024-07-27 01:00:00,1.0,735.07,VIP
928,Customer 928,customer928@email.com,Medan,2025-07-16,-4,,4.0,1028.86,257.21,461.06,2024-01-21 09:00:00,2024-06-20 11:00:00,1.0,655.04,VIP
929,Customer 929,customer929@email.com,Surabaya,2025-07-17,-5,,12.0,2490.97,207.58,457.0,2024-01-15 07:00:00,2024-07-12 18:00:00,1.0,1551.34,VIP
930,Customer 930,customer930@email.com,Bandung,2025-07-18,-6,,6.0,1364.19,227.36,453.08,2024-01-07 14:00:00,2024-07-14 03:00:00,1.0,859.25,VIP
931,Customer 931,customer931@email.com,Yogyakarta,2025-07-19,-7,,3.0,826.23,275.41,469.97,2024-05-16 07:00:00,2024-06-24 17:00:00,1.0,532.28,High Value
932,Customer 932,customer932@email.com,Surabaya,2025-07-20,-8,,5.0,1292.75,258.55,385.12,2024-01-04 14:00:00,2024-06-03 08:00:00,0.0,816.5,VIP
933,Customer 933,customer933@email.com,Jakarta,2025-07-21,-9,,4.0,1366.11,341.53,486.31,2024-04-23 21:00:00,2024-07-13 00:00:00,2.0,865.82,VIP
934,Customer 934,customer934@email.com,Jakarta,2025-07-22,-10,,7.0,2390.04,341.43,479.0,2024-02-07 21:00:00,2024-07-03 18:00:00,2.0,1489.17,VIP
935,Customer 935,customer935@email.com,Medan,2025-07-23,-11,,6.0,1288.29,214.72,355.52,2024-02-04 05:00:00,2024-07-09 03:00:00,0.0,812.45,VIP
936,Customer 936,customer936@email.com,Yogyakarta,2025-07-24,-12,,12.0,2968.03,247.34,483.75,2024-01-15 08:00:00,2024-07-26 10:00:00,3.0,1841.55,VIP
937,Customer 937,customer937@email.com,Yogyakarta,2025-07-25,-13,,8.0,2078.49,259.81,493.79,2024-03-07 18:00:00,2024-07-20 03:00:00,2.0,1297.07,VIP
938,Customer 938,customer938@email.com,Yogyakarta,2025-07-26,-14,,3.0,1270.79,423.6,488.04,2024-04-20 06:00:00,2024-07-15 15:00:00,2.0,813.83,VIP
939,Customer 939,customer939@email.com,Yogyakarta,2025-07-27,-15,,4.0,815.14,203.78,318.54,2024-03-08 10:00:00,2024-05-14 23:00:00,0.0,521.46,High Value
940,Customer 940,customer940@email.com,Surabaya,2025-07-28,-16,,6.0,1645.91,274.32,409.72,2024-03-15 09:00:00,2024-06-22 20:00:00,1.0,1032.98,VIP
941,Customer 941,customer941@email.com,Medan,2025-07-29,-17,,3.0,855.23,285.08,473.98,2024-06-05 06:00:00,2024-07-22 04:00:00,1.0,550.65,High Value
942,Customer 942,customer942@email.com,Medan,2025-07-30,-18,,4.0,1325.32,331.33,467.37,2024-05-01 10:00:00,2024-07-25 10:00:00,1.0,840.32,VIP
943,Customer 943,customer943@email.com,Medan,2025-07-31,-19,,8.0,2309.54,288.69,497.34,2024-01-04 10:00:00,2024-07-22 18:00:00,3.0,1438.59,VIP
944,Customer 944,customer944@email.com,Jakarta,2025-08-01,-20,,6.0,1268.52,211.42,428.71,2024-03-13 20:00:00,2024-06-28 01:00:00,1.0,800.25,VIP
945,Customer 945,customer945@email.com,Surabaya,2025-08-02,-21,,4.0,1192.84,298.21,472.06,2024-02-19 08:00:00,2024-07-05 15:00:00,1.0,757.52,VIP
946,Customer 946,customer946@email.com,Yogyakarta,2025-08-03,-22,,6.0,1227.28,204.55,332.86,2024-01-15 18:00:00,2024-05-27 19:00:00,0.0,774.82,VIP
947,Customer 947,customer947@email.com,Jakarta,2025-08-04,-23,,9.0,2319.93,257.77,498.9,2024-02-25 14:00:00,2024-07-21 16:00:00,3.0,1444.74,VIP
948,Customer 948,customer948@email.com,Surabaya,2025-08-05,-24,,4.0,1048.0,262.0,483.26,2024-02-03 16:00:00,2024-05-15 22:00:00,1.0,667.0,VIP
949,Customer 949,customer949@email.com,Yogyakarta,2025-08-06,-25,,4.0,1136.1,284.02,335.23,2024-03-28 03:00:00,2024-07-21 11:00:00,0.0,722.06,VIP
950,Customer 950,customer950@email.com,Surabaya,2025-08-07,-26,,2.0,718.52,359.26,443.77,2024-03-07 03:00:00,2024-04-18 15:00:00,1.0,473.04,High Value
951,Customer 951,customer951@email.com,Surabaya,2025-08-08,-27,,4.0,765.33,191.33,467.68,2024-01-26 04:00:00,2024-07-03 13:00:00,1.0,490.33,High Value
952,Customer 952,customer952@email.com,Jakarta,2025-08-09,-28,,6.0,1215.68,202.61,326.69,2024-01-12 16:00:00,2024-05-05 04:00:00,0.0,767.67,VIP
953,Customer 953,customer953@email.com,Bandung,2025-08-10,-29,,6.0,1720.18,286.7,427.75,2024-01-10 05:00:00,2024-06-24 05:00:00,1.0,1078.78,VIP
954,Customer 954,customer954@email.com,Yogyakarta,2025-08-11,-30,,3.0,1043.78,347.93,405.27,2024-02-04 20:00:00,2024-06-14 23:00:00,1.0,670.06,VIP
955,Customer 955,customer955@email.com,Yogyakarta,2025-08-12,-31,,8.0,2655.83,331.98,471.32,2024-01-14 19:00:00,2024-06-29 18:00:00,3.0,1650.7,VIP
956,Customer 956,customer956@email.com,Surabaya,2025-08-13,-32,,10.0,3050.23,305.02,492.2,2024-01-02 05:00:00,2024-06-16 08:00:00,4.0,1890.64,VIP
957,Customer 957,customer957@email.com,Medan,2025-08-14,-33,,7.0,1412.3,201.76,450.0,2024-01-18 04:00:00,2024-07-07 06:00:00,1.0,888.56,VIP
958,Customer 958,customer958@email.com,Surabaya,2025-08-15,-34,,12.0,2591.35,215.95,490.78,2024-01-03 00:00:00,2024-07-20 23:00:00,1.0,1612.4,VIP
959,Customer 959,customer959@email.com,Bandung,2025-08-16,-35,,6.0,1026.01,171.0,365.41,2024-01-24 01:00:00,2024-07-18 00:00:00,0.0,650.71,VIP
960,Customer 960,customer960@email.com,Yogyakarta,2025-08-17,-36,,3.0,945.17,315.06,428.66,2024-01-19 21:00:00,2024-06-16 16:00:00,1.0,607.61,High Value
961,Customer 961,customer961@email.com,Medan,2025-08-18,-37,,2.0,359.79,179.9,239.35,2024-01-08 04:00:00,2024-02-14 17:00:00,0.0,239.86,Medium Value
962,Customer 962,customer962@email.com,Bandung,2025-08-19,-38,,9.0,1814.2,201.58,474.41,2024-01-22 05:00:00,2024-07-08 07:00:00,1.0,1135.68,VIP
963,Customer 963,customer963@email.com,Bandung,2025-08-20,-39,,5.0,1641.53,328.31,494.67,2024-01-14 23:00:00,2024-07-01 07:00:00,1.0,1032.75,VIP
964,Customer 964,customer964@email.com,Jakarta,2025-08-21,-40,,4.0,1199.64,299.91,483.64,2024-03-28 10:00:00,2024-05-17 17:00:00,2.0,761.78,VIP
965,Customer 965,customer965@email.com,Jakarta,2025-08-22,-41,,1.0,43.41,43.41,43.41,2024-04-02 03:00:00,2024-04-02 03:00:00,0.0,33.39,Low Value
966,Customer 966,customer966@email.com,Medan,2025-08-23,-42,,6.0,1910.39,318.4,487.7,2024-02-23 19:00:00,2024-06-20 18:00:00,3.0,1196.07,VIP
967,Customer 967,customer967@email.com,Medan,2025-08-24,-43,,2.0,163.14,81.57,101.45,2024-03-08 18:00:00,2024-03-09 09:00:00,0.0,112.04,Medium Value
968,Customer 968,customer968@email.com,Bandung,2025-08-25,-44,,6.0,1534.78,255.8,405.84,2024-01-17 07:00:00,2024-06-25 11:00:00,1.0,964.45,VIP
969,Customer 969,customer969@email.com,Surabaya,2025-08-26,-45,,5.0,1348.18,269.64,499.41,2024-03-07 10:00:00,2024-05-29 10:00:00,1.0,850.87,VIP
970,Customer 970,customer970@email.com,Bandung,2025-08-27,-46,,4.0,1172.99,293.25,403.87,2024-01-31 10:00:00,2024-05-07 06:00:00,1.0,745.12,VIP
971,Customer 971,customer971@email.com,Surabaya,2025-08-28,-47,,8.0,2801.72,350.22,484.25,2024-02-09 10:00:00,2024-06-07 17:00:00,4.0,1740.05,VIP
972,Customer 972,customer972@email.com,Surabaya,2025-08-29,-48,,3.0,217.08,72.36,141.6,2024-01-23 16:00:00,2024-04-23 12:00:00,0.0,146.48,Medium Value
973,Customer 973,customer973@email.com,Medan,2025-08-30,-49,,9.0,2033.21,225.91,420.31,2024-01-11 04:00:00,2024-07-25 23:00:00,1.0,1269.52,VIP
974,Customer 974,customer974@email.com,Bandung,2025-08-31,-50,,7.0,1613.6,230.51,407.7,2024-01-27 23:00:00,2024-07-25 11:00:00,1.0,1012.21,VIP
975,Customer 975,customer975@email.com,Bandung,2025-09-01,-51,,5.0,1275.85,255.17,430.19,2024-01-11 19:00:00,2024-07-10 19:00:00,1.0,806.03,VIP
976,Customer 976,customer976@email.com,Bandung,2025-09-02,-52,,5.0,843.93,168.79,376.99,2024-01-02 21:00:00,2024-07-23 12:00:00,0.0,538.24,High Value
977,Customer 977,customer977@email.com,Bandung,2025-09-03,-53,,5.0,1255.3,251.06,334.22,2024-02-12 22:00:00,2024-07-20 00:00:00,0.0,793.29,VIP
978,Customer 978,customer978@email.com,Medan,2025-09-04,-54,,7.0,1733.95,247.71,438.03,2024-02-01 14:00:00,2024-06-12 20:00:00,1.0,1086.14,VIP
979,Customer 979,customer979@email.com,Medan,2025-09-05,-55,,1.0,408.72,408.72,408.72,2024-03-11 19:00:00,2024-03-11 19:00:00,1.0,289.1,Medium Value
980,Customer 980,customer980@email.com,Yogyakarta,2025-09-06,-56,,6.0,1808.14,301.36,385.76,2024-04-23 17:00:00,2024-06-28 10:00:00,0.0,1133.02,VIP
981,Customer 981,customer981@email.com,Yogyakarta,2025-09-07,-57,,5.0,1191.35,238.27,400.78,2024-01-21 08:00:00,2024-06-23 19:00:00,1.0,753.64,VIP
982,Customer 982,customer982@email.com,Bandung,2025-09-08,-58,,4.0,1124.59,281.15,470.98,2024-01-14 04:00:00,2024-06-23 07:00:00,1.0,714.87,VIP
983,Customer 983,customer983@email.com,Yogyakarta,2025-09-09,-59,,7.0,2410.79,344.4,476.51,2024-01-21 10:00:00,2024-05-19 12:00:00,3.0,1501.91,VIP
984,Customer 984,customer984@email.com,Yogyakarta,2025-09-10,-60,,7.0,2188.08,312.58,467.27,2024-02-16 08:00:00,2024-07-03 10:00:00,2.0,1365.11,VIP
985,Customer 985,customer985@email.com,Bandung,2025-09-11,-61,,6.0,1507.11,251.19,432.85,2024-02-21 20:00:00,2024-06-10 23:00:00,1.0,947.38,VIP
986,Customer 986,customer986@email.com,Yogyakarta,2025-09-12,-62,,6.0,1499.85,249.98,377.37,2024-01-22 10:00:00,2024-07-10 20:00:00,0.0,942.91,VIP
987,Customer 987,customer987@email.com,Bandung,2025-09-13,-63,,6.0,1870.25,311.71,483.07,2024-01-08 02:00:00,2024-07-15 05:00:00,2.0,1171.32,VIP
988,Customer 988,customer988@email.com,Bandung,2025-09-14,-64,,8.0,1788.4,223.55,448.88,2024-01-15 15:00:00,2024-07-13 14:00:00,2.0,1119.4,VIP
989,Customer 989,customer989@email.com,Surabaya,2025-09-15,-65,,4.0,904.66,226.16,362.16,2024-04-04 18:00:00,2024-05-18 09:00:00,0.0,577.41,High Value
990,Customer 990,customer990@email.com,Yogyakarta,2025-09-16,-66,,8.0,2503.17,312.9,430.96,2024-01-15 21:00:00,2024-07-08 09:00:00,2.0,1557.19,VIP
991,Customer 991,customer991@email.com,Jakarta,2025-09-17,-67,,3.0,994.21,331.4,406.98,2024-03-22 11:00:00,2024-07-25 15:00:00,1.0,638.67,High Value
992,Customer 992,customer992@email.com,Yogyakarta,2025-09-18,-68,,3.0,636.01,212.0,355.68,2024-01-25 07:00:00,2024-07-26 01:00:00,0.0,411.81,High Value
993,Customer 993,customer993@email.com,Jakarta,2025-09-19,-69,,6.0,773.41,128.9,296.38,2024-01-21 04:00:00,2024-05-07 07:00:00,0.0,494.94,High Value
994,Customer 994,customer994@email.com,Bandung,2025-09-20,-70,,6.0,1617.67,269.61,416.67,2024-02-16 03:00:00,2024-05-17 16:00:00,2.0,1015.56,VIP
995,Customer 995,customer995@email.com,Bandung,2025-09-21,-71,,5.0,871.47,174.29,279.44,2024-02-28 16:00:00,2024-05-30 05:00:00,0.0,555.31,High Value
996,Customer 996,customer996@email.com,Bandung,2025-09-22,-72,,4.0,910.28,227.57,410.39,2024-01-05 08:00:00,2024-07-18 08:00:00,1.0,580.92,High Value
997,Customer 997,customer997@email.com,Yogyakarta,2025-09-23,-73,,7.0,1294.04,184.86,413.1,2024-01-13 01:00:00,2024-05-22 12:00:00,1.0,815.91,VIP
998,Customer 998,customer998@email.com,Jakarta,2025-09-24,-74,,6.0,1976.01,329.34,475.0,2024-02-25 13:00:00,2024-07-11 19:00:00,3.0,1236.54,VIP
999,Customer 999,customer999@email.com,Yogyakarta,2025-09-25,-75,,5.0,1036.1,207.22,344.88,2024-01-27 07:00:00,2024-07-18 22:00:00,0.0,657.38,VIP
1000,Customer 1000,customer1000@email.com,Surabaya,2025-09-26,-76,,1.0,187.27,187.27,187.27,2024-06-04 21:00:00,2024-06-04 21:00:00,0.0,134.09,Medium Value
